SPECIES_CODE,COMMON_NAME_ZH_CN,COMMON_NAME_US
ostric2,Common Ostrich,Common Ostrich
ostric3,Somali Ostrich,Somali Ostrich
y00934,Common/Somali Ostrich,Common/Somali Ostrich
soucas1,Southern Cassowary,Southern Cassowary
dwacas1,Dwarf Cassowary,Dwarf Cassowary
norcas1,Northern Cassowary,Northern Cassowary
emu1,Emu,Emu
sobkiw1,Southern Brown Kiwi,Southern Brown Kiwi
sobkiw2,Southern Brown Kiwi (South I.),Southern Brown Kiwi (South I.)
sobkiw3,Southern Brown Kiwi (Stewart I.),Southern Brown Kiwi (Stewart I.)
okbkiw1,Okarito Kiwi,Okarito Brown Kiwi
nibkiw1,North Island Brown Kiwi,North Island Brown Kiwi
x01217,Southern Brown x North Island Brown Kiwi (hybrid),Southern Brown x North Island Brown Kiwi (hybrid)
liskiw1,Little Spotted Kiwi,Little Spotted Kiwi
x01059,Okarito Brown x Little Spotted Kiwi (hybrid),Okarito Brown x Little Spotted Kiwi (hybrid)
grskiw1,Great Spotted Kiwi,Great Spotted Kiwi
kiwi1,kiwi sp.,kiwi sp.
grerhe1,Greater Rhea,Greater Rhea
lesrhe2,Lesser Rhea,Lesser Rhea
lesrhe4,Lesser Rhea (Puna),Lesser Rhea (Puna)
lesrhe3,Lesser Rhea (Darwin's),Lesser Rhea (Darwin's)
puntin1,Puna Tinamou,Puna Tinamou
pattin1,Patagonian Tinamou,Patagonian Tinamou
quctin1,Quebracho Crested Tinamou,Quebracho Crested-Tinamou
elctin1,Elegant Crested Tinamou,Elegant Crested-Tinamou
elecrt11,Elegant Crested Tinamou (Northern),Elegant Crested-Tinamou (Northern)
elecrt12,Elegant Crested Tinamou (Southern),Elegant Crested-Tinamou (Southern)
dwatin1,Dwarf Tinamou,Dwarf Tinamou
whbnot1,White-bellied Nothura,White-bellied Nothura
lesnot1,Lesser Nothura,Lesser Nothura
darnot1,Darwin's Nothura,Darwin's Nothura
sponot1,Spotted Nothura,Spotted Nothura
y01225,White-bellied/Spotted Nothura,White-bellied/Spotted Nothura
y01226,Lesser/Spotted Nothura,Lesser/Spotted Nothura
y01375,Darwin's/Spotted Nothura,Darwin's/Spotted Nothura
huatin1,Huayco Tinamou,Huayco Tinamou
rewtin1,Red-winged Tinamou,Red-winged Tinamou
brutin1,Brushland Tinamou,Brushland Tinamou
andtin1,Andean Tinamou,Andean Tinamou
andtin10,Andean Tinamou (Northern),Andean Tinamou (Northern)
andtin11,Andean Tinamou (Southern),Andean Tinamou (Southern)
cubtin1,Curve-billed Tinamou,Curve-billed Tinamou
orntin1,Ornate Tinamou,Ornate Tinamou
tactin1,Taczanowski's Tinamou,Taczanowski's Tinamou
chitin1,Chilean Tinamou,Chilean Tinamou
nothop1,Nothoprocta sp.,Nothoprocta sp.
tabtin1,Tawny-breasted Tinamou,Tawny-breasted Tinamou
hootin1,Hooded Tinamou,Hooded Tinamou
higtin1,Highland Tinamou,Highland Tinamou
higtin3,Highland Tinamou (Costa Rican),Highland Tinamou (Costa Rican)
higtin2,Highland Tinamou (South American),Highland Tinamou (South American)
gretin1,Great Tinamou,Great Tinamou
soltin1,Solitary Tinamou,Solitary Tinamou
grytin1,Grey Tinamou,Gray Tinamou
whttin1,White-throated Tinamou,White-throated Tinamou
blatin1,Black Tinamou,Black Tinamou
blktin1,Black Tinamou (Colombian),Black Tinamou (Colombian)
blktin2,Black Tinamou (Peruvian),Black Tinamou (Peruvian)
tinamu1,Tinamus sp.,Tinamus sp.
bertin1,Berlepsch's Tinamou,Berlepsch's Tinamou
cintin1,Cinereous Tinamou,Cinereous Tinamou
teptin1,Tepui Tinamou,Tepui Tinamou
smbtin1,Small-billed Tinamou,Small-billed Tinamou
tattin1,Tataupa Tinamou,Tataupa Tinamou
brotin1,Brown Tinamou,Brown Tinamou
brntin11,Brown Tinamou (Venezuelan),Brown Tinamou (Venezuelan)
brntin1,Brown Tinamou (Ecuadorian),Brown Tinamou (Ecuadorian)
brntin2,Brown Tinamou (Andean),Brown Tinamou (Andean)
brntin8,Brown Tinamou (Amazonian),Brown Tinamou (Amazonian)
brntin10,Brown Tinamou (Atlantic),Brown Tinamou (Atlantic)
vartin1,Variegated Tinamou,Variegated Tinamou
bartin2,Bartlett's Tinamou,Bartlett's Tinamou
bartin1,Barred Tinamou,Barred Tinamou
rustin1,Rusty Tinamou,Rusty Tinamou
littin1,Little Tinamou,Little Tinamou
undtin1,Undulated Tinamou,Undulated Tinamou
yeltin1,Yellow-legged Tinamou,Yellow-legged Tinamou
yeltin2,Yellow-legged Tinamou (zabele),Yellow-legged Tinamou (zabele)
yeltin3,Yellow-legged Tinamou (noctivagus),Yellow-legged Tinamou (noctivagus)
blctin1,Black-capped Tinamou,Black-capped Tinamou
pabtin1,Pale-browed Tinamou,Pale-browed Tinamou
thitin1,Thicket Tinamou,Thicket Tinamou
thitin2,Thicket Tinamou (occidentalis),Thicket Tinamou (occidentalis)
thitin3,Thicket Tinamou (cinnamomeus Group),Thicket Tinamou (cinnamomeus Group)
slbtin1,Slaty-breasted Tinamou,Slaty-breasted Tinamou
chotin1,Choco Tinamou,Choco Tinamou
reltin1,Red-legged Tinamou,Red-legged Tinamou
gyltin1,Grey-legged Tinamou,Gray-legged Tinamou
bratin1,Brazilian Tinamou,Brazilian Tinamou
sddtin1,Serra do Divisor Tinamou (undescribed form),Serra do Divisor Tinamou (undescribed form)
cryptu1,Crypturellus sp.,Crypturellus sp.
tinamo1,tinamou sp.,tinamou sp.
horscr1,Horned Screamer,Horned Screamer
souscr1,Southern Screamer,Southern Screamer
norscr1,Northern Screamer,Northern Screamer
maggoo1,Magpie Goose,Magpie Goose
spwduc1,Spotted Whistling Duck,Spotted Whistling-Duck
plwduc1,Plumed Whistling Duck,Plumed Whistling-Duck
wfwduc1,White-faced Whistling Duck,White-faced Whistling-Duck
x00721,Spotted x White-faced Whistling Duck (hybrid),Spotted x White-faced Whistling-Duck (hybrid)
x01218,Plumed x White-faced Whistling Duck (hybrid),Plumed x White-faced Whistling-Duck (hybrid)
bbwduc,Black-bellied Whistling Duck,Black-bellied Whistling-Duck
bkbwhd1,Black-bellied Whistling Duck (Northern),Black-bellied Whistling-Duck (Northern)
bkbwhd2,Black-bellied Whistling Duck (Southern),Black-bellied Whistling-Duck (Southern)
x01141,White-faced x Black-bellied Whistling Duck (hybrid),White-faced x Black-bellied Whistling-Duck (hybrid)
wiwduc1,West Indian Whistling Duck,West Indian Whistling-Duck
x00775,Black-bellied x West Indian Whistling Duck (hybrid),Black-bellied x West Indian Whistling-Duck (hybrid)
fuwduc,Fulvous Whistling Duck,Fulvous Whistling-Duck
x00938,White-faced x Fulvous Whistling Duck (hybrid),White-faced x Fulvous Whistling-Duck (hybrid)
x00875,Black-bellied x Fulvous Whistling Duck (hybrid),Black-bellied x Fulvous Whistling-Duck (hybrid)
wawduc1,Wandering Whistling Duck,Wandering Whistling-Duck
x00990,Plumed x Wandering Whistling Duck (hybrid),Plumed x Wandering Whistling-Duck (hybrid)
y01227,Plumed/Wandering Whistling Duck,Plumed/Wandering Whistling-Duck
lewduc1,栗树鸭,Lesser Whistling-Duck
y01080,Fulvous/Lesser Whistling Duck,Fulvous/Lesser Whistling-Duck
x00360,Wandering x Lesser Whistling Duck (hybrid),Wandering x Lesser Whistling-Duck (hybrid)
whistl1,whistling duck sp.,whistling-duck sp.
whbduc1,White-backed Duck,White-backed Duck
bahgoo,斑头雁,Bar-headed Goose
empgoo,帝雁,Emperor Goose
snogoo,雪雁,Snow Goose
x00991,斑头雁x雪雁 (杂交),Bar-headed x Snow Goose (hybrid)
x01176,帝雁x雪雁 (杂交),Emperor x Snow Goose (hybrid)
rosgoo,Ross's Goose,Ross's Goose
sxrgoo1,Snow x Ross's Goose (hybrid),Snow x Ross's Goose (hybrid)
y00469,Snow/Ross's Goose,Snow/Ross's Goose
gragoo,灰雁,Graylag Goose
gragoo2,灰雁 (欧洲),Graylag Goose (European)
gragoo3,灰雁 (西伯利亚),Graylag Goose (Siberian)
gragoo1,灰雁 (驯养型),Graylag Goose (Domestic type)
x00992,斑头雁x灰雁 (杂交),Bar-headed x Graylag Goose (hybrid)
x01119,帝雁x灰雁 (杂交),Emperor x Graylag Goose (hybrid)
swagoo1,鸿雁,Swan Goose
swagoo2,鸿雁 (驯养型),Swan Goose (Domestic type)
x01143,斑头雁x鸿雁 (杂交),Bar-headed x Swan Goose (hybrid)
x01144,雪雁x鸿雁 (杂交),Snow x Swan Goose (hybrid)
x01142,斑头雁x雪雁x鸿雁 (杂交),Bar-headed x Snow x Swan Goose (hybrid)
x00776,灰雁x鸿雁 (杂交),Graylag x Swan Goose (hybrid)
gwfgoo,白额雁,Greater White-fronted Goose
gwfgoo1,白额雁 (flavirostris),Greater White-fronted Goose (Greenland)
gwfgoo4,白额雁 (欧亚),Greater White-fronted Goose (Eurasian)
gwfgoo2,白额雁 (北美),Greater White-fronted Goose (Western)
gwfgoo3,白额雁 (elgasi),Greater White-fronted Goose (Tule)
x00755,斑头雁x白额雁 (杂交),Bar-headed x Greater White-fronted Goose (hybrid)
x00361,帝雁x白额雁 (杂交),Emperor x Greater White-fronted Goose (hybrid)
x00627,雪雁x白额雁 (杂交),Snow x Greater White-fronted Goose (hybrid)
x00362,Ross's x Greater White-fronted Goose (hybrid),Ross's x Greater White-fronted Goose (hybrid)
x01145,灰雁x白额雁 (杂交),Graylag x Greater White-fronted Goose (hybrid)
lwfgoo,小白额雁,Lesser White-fronted Goose
y00707,白额雁/小白额雁,Greater/Lesser White-fronted Goose
taibeg1,豆雁,Taiga Bean-Goose
taibeg5,豆雁 (欧亚),Taiga Bean-Goose (Western)
taibeg4,豆雁 (东亚),Taiga Bean-Goose (Eastern)
tunbeg1,短嘴豆雁,Tundra Bean-Goose
x01089,白额雁x短嘴豆雁 (杂交),Greater White-fronted Goose x Tundra Bean-Goose (hybrid)
y00468,豆雁/短嘴豆雁,Taiga/Tundra Bean-Goose
pifgoo,Pink-footed Goose,Pink-footed Goose
domgoo1,驯养型的Anser属雁 (家鹅),Domestic goose sp. (Domestic type)
anser1,未识别的Anser属雁,Anser sp.
brant,黑雁,Brant
dabbra1,黑雁 (暗腹),Brant (Dark-bellied)
atlbra1,黑雁 (白腹),Brant (Pale-bellied)
blkbra1,黑雁 (黑腹),Brant (Black)
gybbra1,黑雁 (Gray-bellied),Brant (Gray-bellied)
brant2,黑雁 (暗腹x黑腹，杂交),Brant (Dark-bellied x Black)
brant1,黑雁 (白腹x黑腹，杂交),Brant (Pale-bellied x Black)
x00685,雪雁x黑雁 (杂交),Snow Goose x Brant (hybrid)
bargoo,白颊黑雁,Barnacle Goose
x00363,斑头雁x白颊黑雁 (杂交),Bar-headed x Barnacle Goose (hybrid)
x00993,帝雁x白颊黑雁 (杂交),Emperor x Barnacle Goose (hybrid)
x00994,雪雁x白颊黑雁 (杂交),Snow x Barnacle Goose (hybrid)
x00995,Ross's x Barnacle Goose (hybrid),Ross's x Barnacle Goose (hybrid)
x00649,灰雁x白颊黑雁 (杂交),Graylag x Barnacle Goose (hybrid)
x00757,白额雁x白颊黑雁 (杂交),Greater White-fronted x Barnacle Goose (hybrid)
x00364,小白额雁x白颊黑雁 (杂交),Lesser White-fronted x Barnacle Goose (hybrid)
x00756,Pink-footed x Barnacle Goose (hybrid),Pink-footed x Barnacle Goose (hybrid)
cacgoo1,小美洲黑雁,Cackling Goose
alcgoo1,小美洲黑雁 (阿留申，白颈环),Cackling Goose (Aleutian)
ricgoo1,小美洲黑雁 (hutchinsii),Cackling Goose (Richardson's)
cacgoo2,小美洲黑雁 (阿拉斯加，色深),Cackling Goose (minima)
tacgoo1,小美洲黑雁 (taverneri),Cackling Goose (Taverner's)
x00831,帝雁x小美洲黑雁 (杂交),Emperor x Cackling Goose (hybrid)
x00692,雪雁x小美洲黑雁 (杂交),Snow x Cackling Goose (hybrid)
x00694,Ross's x Cackling Goose (hybrid),Ross's x Cackling Goose (hybrid)
x00722,黑雁x小美洲黑雁 (杂交),Brant x Cackling Goose (hybrid)
x00414,白额雁x小美洲黑雁 (杂交),Greater White-fronted x Cackling Goose (hybrid)
x00416,白颊黑雁x小美洲黑雁 (杂交),Barnacle x Cackling Goose (hybrid)
cangoo,加拿大黑雁,Canada Goose
cangoo4,加拿大黑雁 (moffitti/maxima),Canada Goose (moffitti/maxima)
cangoo3,加拿大黑雁 (occidentalis/fulva),Canada Goose (occidentalis/fulva)
cangoo1,加拿大黑雁 (极北),Canada Goose (canadensis Group)
x00908,斑头雁x加拿大黑雁 (杂交),Bar-headed x Canada Goose (hybrid)
swagoo3,鸿雁x加拿大黑雁 (杂交),Swan x Canada Goose (hybrid)
x00650,Pink-footed x Canada Goose (hybrid),Pink-footed x Canada Goose (hybrid)
x00415,白额雁x加拿大黑雁 (杂交),Greater White-fronted x Canada Goose (hybrid)
x01088,白额雁x小美洲黑雁/加拿大黑雁 (杂交),Greater White-fronted x Cackling/Canada Goose (hybrid)
x00758,灰雁x加拿大黑雁 (杂交),Graylag x Canada Goose (hybrid)
x00759,驯养型的Anser属雁x加拿大黑雁 (杂交),Domestic goose sp. x Canada Goose (hybrid)
x00197,雪雁x加拿大黑雁 (杂交),Snow x Canada Goose (hybrid)
x00693,Ross's x Canada Goose (hybrid),Ross's x Canada Goose (hybrid)
x00417,白颊黑雁x加拿大黑雁 (杂交),Barnacle x Canada Goose (hybrid)
y00470,小美洲黑雁/加拿大黑雁,Cackling/Canada Goose
y00765,Snow/Ross's x Cackling/Canada Goose (hybrid),Snow/Ross's x Cackling/Canada Goose (hybrid)
hawgoo,Nene,Hawaiian Goose
x01139,Barnacle x Nene (hybrid),Barnacle x Hawaiian Goose (hybrid)
rebgoo1,红胸黑雁,Red-breasted Goose
x00939,白额雁x红胸黑雁 (杂交),Greater White-fronted x Red-breasted Goose (hybrid)
x00996,黑雁x红胸黑雁 (杂交),Brant x Red-breasted Goose (hybrid)
x00365,白颊黑雁x红胸黑雁 (杂交),Barnacle x Red-breasted Goose (hybrid)
branta1,未识别的Branta属黑雁,Branta sp.
cabgoo1,Cape Barren Goose,Cape Barren Goose
freduc1,Freckled Duck,Freckled Duck
buwgoo1,Blue-winged Goose,Blue-winged Goose
mutswa,疣鼻天鹅,Mute Swan
x00366,灰雁x疣鼻天鹅 (杂交),Graylag Goose x Mute Swan (hybrid)
blkswa,黑天鹅,Black Swan
x01037,疣鼻天鹅x黑天鹅 (杂交),Mute x Black Swan (hybrid)
blnswa2,Black-necked Swan,Black-necked Swan
truswa,Trumpeter Swan,Trumpeter Swan
x00832,Mute x Trumpeter Swan (hybrid),Mute x Trumpeter Swan (hybrid)
tunswa,小天鹅,Tundra Swan
tunswa1,小天鹅 (北美),Tundra Swan (Whistling)
bewswa1,小天鹅 (欧亚),Tundra Swan (Bewick's)
tunswa2,小天鹅 (北美x欧亚，杂交),Tundra Swan (Whistling x Bewick's)
x00418,Trumpeter x Tundra Swan (hybrid),Trumpeter x Tundra Swan (hybrid)
y00471,Trumpeter/Tundra Swan,Trumpeter/Tundra Swan
whoswa,大天鹅,Whooper Swan
x00997,疣鼻天鹅x大天鹅 (杂交),Mute x Whooper Swan (hybrid)
x00419,Trumpeter x Whooper Swan (hybrid),Trumpeter x Whooper Swan (hybrid)
y00708,小天鹅/大天鹅,Tundra/Whooper Swan
swan1,未识别的天鹅,swan sp.
cosswa1,Coscoroba Swan,Coscoroba Swan
comduc2,瘤鸭,Knob-billed Duck
comduc3,Comb Duck,Comb Duck
harduc1,Hartlaub's Duck,Hartlaub's Duck
origoo1,Orinoco Goose,Orinoco Goose
andgoo1,Andean Goose,Andean Goose
uplgoo1,Upland Goose,Upland Goose
uplgoo2,Upland Goose (White-breasted),Upland Goose (White-breasted)
uplgoo3,Upland Goose (Bar-breasted),Upland Goose (Bar-breasted)
kelgoo1,Kelp Goose,Kelp Goose
ashgoo1,Ashy-headed Goose,Ashy-headed Goose
ruhgoo1,Ruddy-headed Goose,Ruddy-headed Goose
x01120,Ashy-headed x Ruddy-headed Goose (hybrid),Ashy-headed x Ruddy-headed Goose (hybrid)
chloep1,Chloephaga sp.,Chloephaga sp.
goose1,未识别的雁类,goose sp.
radshe1,Radjah Shelduck,Radjah Shelduck
egygoo,埃及雁,Egyptian Goose
x01177,瘤鸭x埃及雁 (杂交),Knob-billed Duck x Egyptian Goose (hybrid)
maushe1,Mauritius Sheldgoose,Mauritius Shelduck
reushe1,Reunion Sheldgoose,Reunion Shelduck
rudshe,赤麻鸭,Ruddy Shelduck
x00367,埃及雁x赤麻鸭 (杂交),Egyptian Goose x Ruddy Shelduck (hybrid)
soashe1,South African Shelduck,South African Shelduck
ausshe1,Australian Shelduck,Australian Shelduck
parshe1,Paradise Shelduck,Paradise Shelduck
comshe,翘鼻麻鸭,Common Shelduck
x00876,赤麻鸭x翘鼻麻鸭 (杂交),Ruddy x Common Shelduck (hybrid)
creshe1,冠麻鸭,Crested Shelduck
spwgoo1,Spur-winged Goose,Spur-winged Goose
spwgoo2,Spur-winged Goose (Northern),Spur-winged Goose (Northern)
spwgoo3,Spur-winged Goose (Southern),Spur-winged Goose (Southern)
flystd1,Flying Steamer Duck,Flying Steamer-Duck
flistd1,Fuegian Steamer Duck,Flightless Steamer-Duck
flistd2,Fuegian Steamer Duck (Chiloe form),Flightless Steamer-Duck (Chiloe form)
falstd1,Falkland Steamer Duck,Falkland Steamer-Duck
falstd2,Falkland Steamer Duck (Flightless),Falkland Steamer-Duck (Flightless)
falstd3,Falkland Steamer Duck (Flying),Falkland Steamer-Duck (Flying)
whhstd1,Chubut Steamer Duck,White-headed Steamer-Duck
y01376,Flying/White-headed Steamer Duck,Flying/White-headed Steamer-Duck
steame1,steamer duck sp.,steamer-duck sp.
creduc1,Crested Duck,Crested Duck
speduc2,Bronze-winged Duck,Spectacled Duck
musduc,疣鼻栖鸭,Muscovy Duck
musduc3,疣鼻栖鸭 (驯养型),Muscovy Duck (Domestic type)
x01045,埃及雁x疣鼻栖鸭 (杂交),Egyptian Goose x Muscovy Duck (hybrid)
grnpyg1,Green Pygmy Goose,Green Pygmy-Goose
copgoo1,棉凫,Cotton Pygmy-Goose
y01228,Green/Cotton Pygmy Goose,Green/Cotton Pygmy-Goose
afrpyg1,African Pygmy Goose,African Pygmy-Goose
rintea1,Ringed Teal,Ringed Teal
wooduc,Wood Duck,Wood Duck
x00940,Common Shelduck x Wood Duck (hybrid),Common Shelduck x Wood Duck (hybrid)
manduc,鸳鸯,Mandarin Duck
x00833,Wood x Mandarin Duck (hybrid),Wood x Mandarin Duck (hybrid)
manduc1,Maned Duck,Maned Duck
finduc1,Finsch's Duck,Finsch's Duck
bratea1,Brazilian Teal,Brazilian Teal
x01178,Wood Duck x Brazilian Teal (hybrid),Wood Duck x Brazilian Teal (hybrid)
bluduc1,Blue Duck,Blue Duck
torduc1,Torrent Duck,Torrent Duck
torduc8,Torrent Duck (Colombian),Torrent Duck (Colombian)
torduc4,Torrent Duck (Black-bellied),Torrent Duck (Black-bellied)
torduc9,Torrent Duck (Bolivian),Torrent Duck (Bolivian)
torduc7,Torrent Duck (Patagonian),Torrent Duck (Patagonian)
saltea1,Salvadori's Teal,Salvadori's Teal
baitea,花脸鸭,Baikal Teal
gargan,白眉鸭,Garganey
hottea1,Blue-billed Teal,Blue-billed Teal
siltea1,Silver Teal,Silver Teal
puntea1,Puna Teal,Puna Teal
buwtea,Blue-winged Teal,Blue-winged Teal
x01179,Baikal x Blue-winged Teal (hybrid),Baikal x Blue-winged Teal (hybrid)
cintea,Cinnamon Teal,Cinnamon Teal
cintea1,Cinnamon Teal (Northern),Cinnamon Teal (Northern)
cintea6,Cinnamon Teal (Andean),Cinnamon Teal (Andean)
cintea5,Cinnamon Teal (Southern),Cinnamon Teal (Southern)
bwxtea1,Blue-winged x Cinnamon Teal (hybrid),Blue-winged x Cinnamon Teal (hybrid)
y00314,Blue-winged/Cinnamon Teal,Blue-winged/Cinnamon Teal
redsho1,Red Shoveler,Red Shoveler
capsho1,Cape Shoveler,Cape Shoveler
aussho1,Australasian Shoveler,Australasian Shoveler
norsho,琵嘴鸭,Northern Shoveler
x00836,白眉鸭x琵嘴鸭 (杂交),Garganey x Northern Shoveler (hybrid)
x00629,Blue-winged Teal x Northern Shoveler (hybrid),Blue-winged Teal x Northern Shoveler (hybrid)
x00630,Cinnamon Teal x Northern Shoveler (hybrid),Cinnamon Teal x Northern Shoveler (hybrid)
gadwal,赤膀鸭,Gadwall
gadwal1,赤膀鸭 (广布),Gadwall (Common)
gadwal2,赤膀鸭 (couesi),Gadwall (Coues's)
x00457,琵嘴鸭x赤膀鸭 (杂交),Northern Shoveler x Gadwall (hybrid)
falduc,罗纹鸭,Falcated Duck
x00368,花脸鸭x罗纹鸭 (杂交),Baikal Teal x Falcated Duck (hybrid)
x00369,赤膀鸭x罗纹鸭 (杂交),Gadwall x Falcated Duck (hybrid)
eurwig,赤颈鸭,Eurasian Wigeon
x01219,花脸鸭x赤颈鸭 (杂交),Baikal Teal x Eurasian Wigeon (hybrid)
x01140,琵嘴鸭x赤颈鸭 (杂交),Northern Shoveler x Eurasian Wigeon (hybrid)
x00723,赤膀鸭x赤颈鸭 (杂交),Gadwall x Eurasian Wigeon (hybrid)
x01220,罗纹鸭x赤颈鸭 (杂交),Falcated Duck x Eurasian Wigeon (hybrid)
amewig,绿眉鸭,American Wigeon
x00877,Wood Duck x American Wigeon (hybrid),Wood Duck x American Wigeon (hybrid)
x00370,Blue-winged Teal x American Wigeon (hybrid),Blue-winged Teal x American Wigeon (hybrid)
x00777,琵嘴鸭x绿眉鸭 (杂交),Northern Shoveler x American Wigeon (hybrid)
x00724,赤膀鸭x绿眉鸭 (杂交),Gadwall x American Wigeon (hybrid)
x00421,赤颈鸭x绿眉鸭 (杂交),Eurasian x American Wigeon (hybrid)
y00670,赤颈鸭/绿眉鸭,Eurasian/American Wigeon
chiwig1,Chiloe Wigeon,Chiloe Wigeon
x00998,Eurasian x Chiloe Wigeon (hybrid),Eurasian x Chiloe Wigeon (hybrid)
amsduc1,Amsterdam Wigeon,Amsterdam Duck
afbduc1,African Black Duck,African Black Duck
yebduc1,Yellow-billed Duck,Yellow-billed Duck
melduc1,Meller's Duck,Meller's Duck
pabduc1,Pacific Black Duck,Pacific Black Duck
layduc,Laysan Duck,Laysan Duck
hawduc,Hawaiian Duck,Hawaiian Duck
phiduc1,棕颈鸭,Philippine Duck
isbduc1,印缅斑嘴鸭,Indian Spot-billed Duck
spbduc,斑嘴鸭,Eastern Spot-billed Duck
y00830,印缅斑嘴鸭/斑嘴鸭,Indian/Eastern Spot-billed Duck
mallar3,绿头鸭,Mallard
mallar2,绿头鸭 (驯养型),Mallard (Domestic type)
x01147,埃及雁x绿头鸭 (杂交),Egyptian Goose x Mallard (hybrid)
x01148,赤麻鸭x绿头鸭 (杂交),Ruddy Shelduck x Mallard (hybrid)
mdxmal1,疣鼻栖鸭x绿头鸭 (杂交),Muscovy Duck x Mallard (hybrid)
x00205,Wood Duck x Mallard (hybrid),Wood Duck x Mallard (hybrid)
x00612,琵嘴鸭x绿头鸭 (杂交),Northern Shoveler x Mallard (hybrid)
x00420,赤膀鸭x绿头鸭 (杂交),Gadwall x Mallard (hybrid)
x01221,罗纹鸭x绿头鸭 (杂交),Falcated Duck x Mallard (hybrid)
x00647,赤颈鸭x绿头鸭 (杂交),Eurasian Wigeon x Mallard (hybrid)
x00611,绿眉鸭x绿头鸭 (杂交),American Wigeon x Mallard (hybrid)
x01149,African Black Duck x Mallard (hybrid),African Black Duck x Mallard (hybrid)
x00760,Yellow-billed Duck x Mallard (hybrid),Yellow-billed Duck x Mallard (hybrid)
x00458,Pacific Black Duck x Mallard (hybrid),Pacific Black Duck x Mallard (hybrid)
x00423,Hawaiian Duck x Mallard (hybrid),Hawaiian Duck x Mallard (hybrid)
x00834,印缅斑嘴鸭x绿头鸭 (杂交),Indian Spot-billed Duck x Mallard (hybrid)
x00835,斑嘴鸭x绿头鸭 (杂交),Eastern Spot-billed Duck x Mallard (hybrid)
y01128,Pacific Black Duck/Mallard,Pacific Black Duck/Mallard
y01129,Hawaiian Duck/Mallard,Hawaiian Duck/Mallard
y01130,印缅斑嘴鸭/绿头鸭,Indian Spot-billed Duck/Mallard
y01131,斑嘴鸭/绿头鸭,Eastern Spot-billed Duck/Mallard
mexduc,Mexican Duck,Mexican Duck
mallar4,Mallard x Mexican Duck (hybrid),Mallard x Mexican Duck (hybrid)
mallar,Mallard/Mexican Duck,Mallard/Mexican Duck
ambduc,American Black Duck,American Black Duck
x00941,American Wigeon x American Black Duck (hybrid),American Wigeon x American Black Duck (hybrid)
x00004,Mallard x American Black Duck (hybrid),Mallard x American Black Duck (hybrid)
y00600,Mallard/American Black Duck,Mallard/American Black Duck
motduc,Mottled Duck,Mottled Duck
motduc1,Mottled Duck (Florida),Mottled Duck (Florida)
motduc2,Mottled Duck (Gulf Coast),Mottled Duck (Gulf Coast)
x00422,Mallard x Mottled Duck (hybrid),Mallard x Mottled Duck (hybrid)
y01098,Mallard x Mexican/Mottled Duck (hybrid),Mallard x Mexican/Mottled Duck (hybrid)
x00922,Mexican x Mottled Duck (hybrid),Mexican x Mottled Duck (hybrid)
y00632,Mallard/Mottled Duck,Mallard/Mottled Duck
y01099,Mexican/Mottled Duck,Mexican/Mottled Duck
y00633,American Black/Mottled Duck,American Black/Mottled Duck
captea1,Cape Teal,Cape Teal
whcpin,White-cheeked Pintail,White-cheeked Pintail
whcpin1,White-cheeked Pintail (White-cheeked),White-cheeked Pintail (White-cheeked)
whcpin2,White-cheeked Pintail (Galapagos),White-cheeked Pintail (Galapagos)
x00778,Mallard x White-cheeked Pintail (hybrid),Mallard x White-cheeked Pintail (hybrid)
rebduc1,Red-billed Teal,Red-billed Duck
x01222,Yellow-billed Duck x Red-billed Teal (hybrid),Yellow-billed x Red-billed Duck (hybrid)
x01223,Cape x Red-billed Teal (hybrid),Cape Teal x Red-billed Duck (hybrid)
norpin,针尾鸭,Northern Pintail
x00837,花脸鸭x针尾鸭 (杂交),Baikal Teal x Northern Pintail (hybrid)
x01180,琵嘴鸭x针尾鸭 (杂交),Northern Shoveler x Northern Pintail (hybrid)
x00610,赤膀鸭x针尾鸭 (杂交),Gadwall x Northern Pintail (hybrid)
x00761,赤颈鸭x针尾鸭 (杂交),Eurasian Wigeon x Northern Pintail (hybrid)
x00196,绿眉鸭x针尾鸭 (杂交),American Wigeon x Northern Pintail (hybrid)
x01087,Pacific Black Duck x Northern Pintail (hybrid),Pacific Black Duck x Northern Pintail (hybrid)
x00628,绿头鸭x针尾鸭 (杂交),Mallard x Northern Pintail (hybrid)
x00674,American Black Duck x Northern Pintail (hybrid),American Black Duck x Northern Pintail (hybrid)
eatpin1,Eaton's Pintail,Eaton's Pintail
yebpin1,Yellow-billed Pintail,Yellow-billed Pintail
yebpin2,Yellow-billed Pintail (South Georgia),Yellow-billed Pintail (South Georgia)
yebpin3,Yellow-billed Pintail (South American),Yellow-billed Pintail (South American)
x01150,White-cheeked x Yellow-billed Pintail (hybrid),White-cheeked x Yellow-billed Pintail (hybrid)
gnwtea,绿翅鸭,Green-winged Teal
egwtea1,绿翅鸭 (欧亚),Green-winged Teal (Eurasian)
agwtea1,绿翅鸭 (美洲),Green-winged Teal (American)
gnwtea1,绿翅鸭 (欧亚x美洲，杂交),Green-winged Teal (Eurasian x American)
x00999,花脸鸭x绿翅鸭 (杂交),Baikal x Green-winged Teal (hybrid)
x00371,白眉鸭x绿翅鸭 (杂交),Garganey x Green-winged Teal (hybrid)
x00673,Blue-winged x Green-winged Teal (hybrid),Blue-winged x Green-winged Teal (hybrid)
x00763,Cinnamon x Green-winged Teal (hybrid),Cinnamon x Green-winged Teal (hybrid)
x00762,赤膀鸭x绿翅鸭 (杂交),Gadwall x Green-winged Teal (hybrid)
x00372,赤颈鸭x绿翅鸭 (杂交),Eurasian Wigeon x Green-winged Teal (hybrid)
x00646,绿眉鸭x绿翅鸭 (杂交),American Wigeon x Green-winged Teal (hybrid)
x00670,绿头鸭x绿翅鸭 (杂交),Mallard x Green-winged Teal (hybrid)
x00725,针尾鸭x绿翅鸭 (杂交),Northern Pintail x Green-winged Teal (hybrid)
y00766,白眉鸭/绿翅鸭,Garganey/Green-winged Teal
spetea3,Andean Teal,Andean Teal
andtea2,Andean Teal (Merida),Andean Teal (Merida)
andtea3,Andean Teal (Andean),Andean Teal (Andean)
yebtea1,Yellow-billed Teal,Yellow-billed Teal
spetea2,Yellow-billed Teal (flavirostris),Yellow-billed Teal (flavirostris)
spetea4,Yellow-billed Teal (oxyptera),Yellow-billed Teal (oxyptera)
y00367,Yellow-billed Pintail/Yellow-billed Teal,Yellow-billed Pintail/Yellow-billed Teal
spetea1,Andean/Yellow-billed Teal,Andean/Yellow-billed Teal
mauduc1,Mascarene Teal,Mauritius Duck
andtea1,Andaman Teal,Andaman Teal
suntea1,Sunda Teal,Sunda Teal
gretea1,Grey Teal,Gray Teal
x00926,Pacific Black Duck x Grey Teal (hybrid),Pacific Black Duck x Gray Teal (hybrid)
y01373,Sunda/Grey Teal,Sunda/Gray Teal
chetea1,Chestnut Teal,Chestnut Teal
x00925,Pacific Black Duck x Chestnut Teal (hybrid),Pacific Black Duck x Chestnut Teal (hybrid)
x00913,Grey x Chestnut Teal (hybrid),Gray x Chestnut Teal (hybrid)
y00368,Grey/Chestnut Teal,Gray/Chestnut Teal
bertea1,Bernier's Teal,Bernier's Teal
auitea1,Auckland Teal,Auckland Islands Teal
caitea1,Campbell Teal,Campbell Islands Teal
brotea1,Brown Teal,Brown Teal
x00878,Mallard x Brown Teal (hybrid),Mallard x Brown Teal (hybrid)
anas1,Anas sp.,Anas sp.
teal,teal sp.,teal sp.
dabduc1,未识别的浮鸭类,dabbling duck sp.
pieduc1,Pink-eared Duck,Pink-eared Duck
martea1,云石斑鸭,Marbled Duck
pihduc1,Pink-headed Duck,Pink-headed Duck
whwduc1,白翅栖鸭,White-winged Duck
recpoc,赤嘴潜鸭,Red-crested Pochard
x00648,绿头鸭x赤嘴潜鸭 (杂交),Mallard x Red-crested Pochard (hybrid)
soupoc1,Southern Pochard,Southern Pochard
robpoc1,Rosy-billed Pochard,Rosy-billed Pochard
canvas,帆背潜鸭,Canvasback
redhea,Redhead,Redhead
x00879,Mallard x Redhead (hybrid),Mallard x Redhead (hybrid)
x00684,Canvasback x Redhead (hybrid),Canvasback x Redhead (hybrid)
compoc,红头潜鸭,Common Pochard
x01000,绿头鸭x红头潜鸭 (杂交),Mallard x Common Pochard (hybrid)
x00373,赤嘴潜鸭x红头潜鸭 (杂交),Red-crested x Common Pochard (hybrid)
rinduc,环颈潜鸭,Ring-necked Duck
x01001,绿头鸭x环颈潜鸭 (杂交),Mallard x Ring-necked Duck (hybrid)
x00880,帆背潜鸭x环颈潜鸭 (杂交),Canvasback x Ring-necked Duck (hybrid)
x00679,Redhead x Ring-necked Duck (hybrid),Redhead x Ring-necked Duck (hybrid)
ferduc,白眼潜鸭,Ferruginous Duck
x00374,赤嘴潜鸭x白眼潜鸭 (杂交),Red-crested Pochard x Ferruginous Duck (hybrid)
x00764,红头潜鸭x白眼潜鸭 (杂交),Common Pochard x Ferruginous Duck (hybrid)
madpoc1,Madagascar Pochard,Madagascar Pochard
baepoc1,青头潜鸭,Baer's Pochard
x01093,红头潜鸭x青头潜鸭 (杂交),Common x Baer's Pochard (hybrid)
x00838,白眼潜鸭x青头潜鸭 (杂交),Ferruginous Duck x Baer's Pochard (hybrid)
y00709,白眼潜鸭/青头潜鸭,Ferruginous Duck/Baer's Pochard
wheduc1,Hardhead,Hardhead
x00912,Grey Teal x Hardhead (hybrid),Gray Teal x Hardhead (hybrid)
tufduc,凤头潜鸭,Tufted Duck
x00375,绿头鸭x凤头潜鸭 (杂交),Mallard x Tufted Duck (hybrid)
x00376,赤嘴潜鸭x凤头潜鸭 (杂交),Red-crested Pochard x Tufted Duck (hybrid)
x00683,红头潜鸭x凤头潜鸭 (杂交),Common Pochard x Tufted Duck (hybrid)
x00652,环颈潜鸭x凤头潜鸭 (杂交),Ring-necked x Tufted Duck (hybrid)
x00839,白眼潜鸭x凤头潜鸭 (杂交),Ferruginous x Tufted Duck (hybrid)
nezsca1,New Zealand Scaup,New Zealand Scaup
gresca,斑背潜鸭,Greater Scaup
x00680,Redhead x Greater Scaup (hybrid),Redhead x Greater Scaup (hybrid)
x00779,环颈潜鸭x斑背潜鸭 (杂交),Ring-necked Duck x Greater Scaup (hybrid)
x00654,凤头潜鸭x斑背潜鸭 (杂交),Tufted Duck x Greater Scaup (hybrid)
lessca,小潜鸭,Lesser Scaup
x00678,Redhead x Lesser Scaup (hybrid),Redhead x Lesser Scaup (hybrid)
x00613,环颈潜鸭x小潜鸭 (杂交),Ring-necked Duck x Lesser Scaup (hybrid)
x00653,凤头潜鸭x小潜鸭 (杂交),Tufted Duck x Lesser Scaup (hybrid)
x00377,帆背潜鸭x斑背潜鸭/小潜鸭 (杂交),Canvasback x scaup sp. (hybrid)
x00681,Redhead x scaup sp. (hybrid),Redhead x scaup sp. (hybrid)
x00682,环颈潜鸭x斑背潜鸭/小潜鸭 (杂交),Ring-necked Duck x scaup sp. (hybrid)
tdxsca1,凤头潜鸭x斑背潜鸭/小潜鸭 (杂交),Tufted Duck x scaup sp. (hybrid)
scaup,斑背潜鸭/小潜鸭,Greater/Lesser Scaup
aythya1,未识别的Aythya属潜鸭,Aythya sp.
steeid,小绒鸭,Steller's Eider
labduc,Labrador Duck,Labrador Duck
speeid,Spectacled Eider,Spectacled Eider
kineid,King Eider,King Eider
x00942,Spectacled x King Eider (hybrid),Spectacled x King Eider (hybrid)
comeid,Common Eider,Common Eider
comeid5,Common Eider (Eurasian),Common Eider (Eurasian)
comeid6,Common Eider (Faroe Is.),Common Eider (Faroe Is.)
comeid1,Common Eider (Pacific),Common Eider (Pacific)
comeid2,Common Eider (Dresser's),Common Eider (Dresser's)
comeid3,Common Eider (Northern),Common Eider (Northern)
comeid4,Common Eider (Hudson Bay),Common Eider (Hudson Bay)
x01151,Common Shelduck x Common Eider (hybrid),Common Shelduck x Common Eider (hybrid)
x00881,Mallard x Common Eider (hybrid),Mallard x Common Eider (hybrid)
x00665,King x Common Eider (hybrid),King x Common Eider (hybrid)
eider,King/Common Eider,King/Common Eider
eider1,eider sp.,eider sp.
harduc,丑鸭,Harlequin Duck
sursco,斑头海番鸭,Surf Scoter
whwsco3,丝绒海番鸭,Velvet Scoter
whwsco2,白翅海番鸭,White-winged Scoter
whwsco1,斑脸海番鸭,Stejneger's Scoter
x00882,斑头海番鸭x斑脸海番鸭 (杂交),Surf x White-winged Scoter (hybrid)
x01170,白翅海番鸭x斑脸海番鸭 (杂交),White-winged x Stejneger's Scoter (hybrid)
whwsco,丝绒海番鸭/白翅海番鸭/斑脸海番鸭,Velvet/White-winged/Stejneger's Scoter
whwsco4,白翅海番鸭/斑脸海番鸭,White-winged/Stejneger's Scoter
blksco1,普通海番鸭,Common Scoter
blksco2,黑海番鸭,Black Scoter
dawsco,斑头海番鸭/黑海番鸭,Surf/Black Scoter
blksco,普通海番鸭/黑海番鸭,Common/Black Scoter
scoter,未识别的海番鸭,scoter sp.
lotduc,长尾鸭,Long-tailed Duck
buffle,Bufflehead,Bufflehead
comgol,鹊鸭,Common Goldeneye
x00655,Bufflehead x Common Goldeneye (hybrid),Bufflehead x Common Goldeneye (hybrid)
x00909,Bufflehead x goldeneye sp. (hybrid),Bufflehead x goldeneye sp. (hybrid)
bargol,Barrow's Goldeneye,Barrow's Goldeneye
x01152,Bufflehead x Barrow's Goldeneye (hybrid),Bufflehead x Barrow's Goldeneye (hybrid)
cxbgol1,Common x Barrow's Goldeneye (hybrid),Common x Barrow's Goldeneye (hybrid)
y00004,Common/Barrow's Goldeneye,Common/Barrow's Goldeneye
smew,斑头秋沙鸭 (白秋沙鸭),Smew
x00378,鹊鸭x斑头秋沙鸭 (杂交),Common Goldeneye x Smew (hybrid)
hoomer,Hooded Merganser,Hooded Merganser
x00202,Wood Duck x Hooded Merganser (hybrid),Wood Duck x Hooded Merganser (hybrid)
x00424,Bufflehead x Hooded Merganser (hybrid),Bufflehead x Hooded Merganser (hybrid)
x00425,Common Goldeneye x Hooded Merganser (hybrid),Common Goldeneye x Hooded Merganser (hybrid)
x00426,Barrow's Goldeneye x Hooded Merganser (hybrid),Barrow's Goldeneye x Hooded Merganser (hybrid)
x00631,goldeneye sp. x Hooded Merganser (hybrid),goldeneye sp. x Hooded Merganser (hybrid)
x00379,Smew x Hooded Merganser (hybrid),Smew x Hooded Merganser (hybrid)
auimer1,New Zealand Merganser,Auckland Islands Merganser
commer,普通秋沙鸭,Common Merganser
goosan1,普通秋沙鸭 (欧亚),Common Merganser (Eurasian)
commer1,普通秋沙鸭 (北美),Common Merganser (North American)
x00840,Common Eider x Common Merganser (hybrid),Common Eider x Common Merganser (hybrid)
x00726,Hooded x Common Merganser (hybrid),Hooded x Common Merganser (hybrid)
bramer1,Brazilian Merganser,Brazilian Merganser
rebmer,红胸秋沙鸭,Red-breasted Merganser
x00614,环颈潜鸭x红胸秋沙鸭 (杂交),Ring-necked Duck x Red-breasted Merganser (hybrid)
x00780,普通秋沙鸭x红胸秋沙鸭 (杂交),Common x Red-breasted Merganser (hybrid)
y00224,普通秋沙鸭/红胸秋沙鸭,Common/Red-breasted Merganser
scsmer1,中华秋沙鸭,Scaly-sided Merganser
mergan1,未识别的秋沙鸭,merganser sp.
blhduc1,Black-headed Duck,Black-headed Duck
masduc,Masked Duck,Masked Duck
rudduc,Ruddy Duck,Ruddy Duck
y00710,Masked/Ruddy Duck,Masked/Ruddy Duck
andduc1,Andean Duck,Andean Duck
andduc2,Andean Duck (andina),Andean Duck (andina)
rudduc2,Andean Duck (ferruginea),Andean Duck (ferruginea)
whhduc1,白头硬尾鸭,White-headed Duck
x00705,Ruddy x White-headed Duck (hybrid),Ruddy x White-headed Duck (hybrid)
macduc1,Maccoa Duck,Maccoa Duck
lakduc1,Lake Duck,Lake Duck
y00601,Andean/Lake Duck,Andean/Lake Duck
blbduc1,Blue-billed Duck,Blue-billed Duck
musduc1,Musk Duck,Musk Duck
duck1,未识别的鸭类,duck sp.
waterf1,未识别的雁鸭类,waterfowl sp.
ausbrt1,Australian Brushturkey,Australian Brushturkey
ausbru1,Australian Brushturkey (Purple-pouched),Australian Brushturkey (Purple-pouched)
ausbru2,Australian Brushturkey (Yellow-pouched),Australian Brushturkey (Yellow-pouched)
watbrt1,Wattled Brushturkey,Wattled Brushturkey
brubrt1,Waigeo Brushturkey,Waigeo Brushturkey
rebbrt1,Red-billed Brushturkey,Red-billed Brushturkey
bkbbrt1,Black-billed Brushturkey,Yellow-legged Brushturkey
bncbrt1,Collared Brushturkey,Red-legged Brushturkey
talega1,Talegalla sp.,Talegalla sp.
mallee1,Malleefowl,Malleefowl
maleo1,Maleo,Maleo
molscr1,Moluccan Megapode,Moluccan Megapode
niuscr1,Tongan Megapode,Tongan Megapode
micscr1,Micronesian Megapode,Micronesian Megapode
nicscr1,Nicobar Megapode,Nicobar Megapode
tabscr1,Philippine Megapode,Philippine Megapode
sulscr1,Sula Megapode,Sula Megapode
tanscr1,Tanimbar Megapode,Tanimbar Megapode
dusscr1,Dusky Megapode,Dusky Megapode
dusscr2,Dusky Megapode (Dusky),Dusky Megapode (Dusky)
forscr1,Dusky Megapode (Forsten's),Dusky Megapode (Forsten's)
dusscr3,Biak Scrubfowl,Biak Megapode
melscr1,Melanesian Megapode,Melanesian Megapode
vanscr1,Vanuatu Megapode,Vanuatu Megapode
negscr1,New Guinea Scrubfowl,New Guinea Megapode
orfscr1,Orange-footed Scrubfowl,Orange-footed Megapode
higgua1,Highland Guan,Highland Guan
blagua1,Black Guan,Black Guan
siwgua1,Sickle-winged Guan,Sickle-winged Guan
siwgua3,Sickle-winged Guan (Santa Marta),Sickle-winged Guan (Santa Marta)
siwgua7,Sickle-winged Guan (West Andean),Sickle-winged Guan (West Andean)
siwgua5,Sickle-winged Guan (East Andean),Sickle-winged Guan (East Andean)
siwgua6,Sickle-winged Guan (South Andean),Sickle-winged Guan (South Andean)
watgua1,Wattled Guan,Wattled Guan
bfpgua1,Black-fronted Piping Guan,Black-fronted Piping-Guan
trpgua1,Trinidad Piping Guan,Trinidad Piping-Guan
butpig1,Blue-throated Piping Guan,Blue-throated Piping-Guan
butpig2,White-throated Piping Guan,White-throated Piping-Guan
btpgua1,Blue-throated/White-throated Piping Guan,Blue-throated/White-throated Piping-Guan
rtpgua1,Red-throated Piping Guan,Red-throated Piping-Guan
retpig2,Red-throated Piping Guan (White-crested),Red-throated Piping-Guan (White-crested)
retpig1,Red-throated Piping Guan (Grey-crested),Red-throated Piping-Guan (Gray-crested)
x01078,White-throated x Red-throated Piping-Guan (hybrid),White-throated x Red-throated Piping-Guan (hybrid)
y00831,White-throated/Red-throated Piping Guan,White-throated/Red-throated Piping-Guan
batgua1,Band-tailed Guan,Band-tailed Guan
batgua3,Band-tailed Guan (Santa Marta),Band-tailed Guan (Santa Marta)
batgua5,Band-tailed Guan (Band-tailed),Band-tailed Guan (Band-tailed)
dulgua3,Yungas Guan,Yungas Guan
dulgua1,Dusky-legged Guan,Dusky-legged Guan
whcgua1,White-crested Guan,White-crested Guan
chbgua1,Chestnut-bellied Guan,Chestnut-bellied Guan
whbgua1,White-browed Guan,White-browed Guan
beagua1,Bearded Guan,Bearded Guan
cregua1,Crested Guan,Crested Guan
rumgua1,Rusty-margined Guan,Rusty-margined Guan
rumgua5,Rusty-margined Guan (Blue-faced),Rusty-margined Guan (Blue-faced)
rumgua6,Rusty-margined Guan (Grey-faced),Rusty-margined Guan (Gray-faced)
y01229,Dusky-legged/Rusty-margined Guan,Dusky-legged/Rusty-margined Guan
margua1,Marail Guan,Marail Guan
whwgua1,White-winged Guan,White-winged Guan
baugua1,Baudo Guan,Baudo Guan
andgua1,Andean Guan,Andean Guan
andgua7,Andean Guan (Northern),Andean Guan (Northern)
andgua8,Andean Guan (Southern),Andean Guan (Southern)
refgua1,Red-faced Guan,Red-faced Guan
spigua1,Spix's Guan,Spix's Guan
spigua3,Spix's Guan (Grant's),Spix's Guan (Grant's)
spigua2,Spix's Guan (Spix's),Spix's Guan (Spix's)
y00657,Marail/Spix's Guan,Marail/Spix's Guan
caugua1,Cauca Guan,Cauca Guan
penelo1,Penelope sp.,Penelope sp.
horgua1,Horned Guan,Horned Guan
noccur1,Nocturnal Curassow,Nocturnal Curassow
helcur1,Helmeted Curassow,Helmeted Curassow
horcur2,Sira Curassow,Sira Curassow
horcur3,Horned Curassow,Horned Curassow
crecur2,Crestless Curassow,Crestless Curassow
alacur1,Alagoas Curassow,Alagoas Curassow
salcur1,Salvin's Curassow,Salvin's Curassow
rabcur2,Razor-billed Curassow,Razor-billed Curassow
yekcur1,Yellow-knobbed Curassow,Yellow-knobbed Curassow
grecur1,Great Curassow,Great Curassow
bubcur1,Blue-billed Curassow,Blue-billed Curassow
watcur1,Wattled Curassow,Wattled Curassow
rebcur1,Red-billed Curassow,Red-billed Curassow
blacur1,Black Curassow,Black Curassow
bafcur1,Bare-faced Curassow,Bare-faced Curassow
bafcur2,Bare-faced Curassow (Belem),Bare-faced Curassow (Belem)
bafcur3,Bare-faced Curassow (Bare-faced),Bare-faced Curassow (Bare-faced)
curass1,curassow sp.,curassow sp.
placha,Plain Chachalaca,Plain Chachalaca
whbcha1,White-bellied Chachalaca,White-bellied Chachalaca
wemcha1,West Mexican Chachalaca,West Mexican Chachalaca
rubcha1,Rufous-bellied Chachalaca,Rufous-bellied Chachalaca
x01121,West Mexican x Rufous-bellied Chachalaca (hybrid),West Mexican x Rufous-bellied Chachalaca (hybrid)
grhcha1,Grey-headed Chachalaca,Gray-headed Chachalaca
ruhcha1,Rufous-headed Chachalaca,Rufous-headed Chachalaca
varcha1,Little Chachalaca,Variable Chachalaca
varcha3,Chestnut-headed Chachalaca,Chestnut-headed Chachalaca
chacha1,Chaco Chachalaca,Chaco Chachalaca
colcha1,Colombian Chachalaca,Colombian Chachalaca
specha3,Speckled Chachalaca,Speckled Chachalaca
specha6,Speckled Chachalaca (Speckled),Speckled Chachalaca (Speckled)
specha5,Speckled Chachalaca (Parana),Speckled Chachalaca (Parana)
bubcha1,Buff-browed Chachalaca,Buff-browed Chachalaca
specha2,East Brazilian Chachalaca,East Brazilian Chachalaca
specha4,Scaled Chachalaca,Scaled Chachalaca
chwcha1,Chestnut-winged Chachalaca,Chestnut-winged Chachalaca
ruvcha1,Rufous-vented Chachalaca,Rufous-vented Chachalaca
ruvcha2,Rufous-vented Chachalaca (Rufous-vented),Rufous-vented Chachalaca (Rufous-vented)
ruvcha3,Rufous-vented Chachalaca (Rufous-tipped),Rufous-vented Chachalaca (Rufous-tipped)
chacha2,chachalaca sp.,chachalaca sp.
cracid1,Cracidae sp.,Cracidae sp.
helgui,珠鸡,Helmeted Guineafowl
helgui2,珠鸡 (sabyi),Helmeted Guineafowl (Moroccan)
helgui4,珠鸡 (galeatus),Helmeted Guineafowl (West African)
helgui3,珠鸡 (meleagris/somaliensis),Helmeted Guineafowl (Helmeted)
helgui5,珠鸡 (reichenowi),Helmeted Guineafowl (Reichenow's)
helgui6,珠鸡 [mitratus Group],Helmeted Guineafowl (Tufted)
helgui1,珠鸡 (驯养型),Helmeted Guineafowl (Domestic type)
whbgui1,White-breasted Guineafowl,White-breasted Guineafowl
blagui1,Black Guineafowl,Black Guineafowl
vulgui1,Vulturine Guineafowl,Vulturine Guineafowl
plugui1,Plumed Guineafowl,Plumed Guineafowl
cregui3,Eastern Crested Guineafowl,Eastern Crested Guineafowl
cregui2,Western Crested Guineafowl,Western Crested Guineafowl
cregui4,Southern Crested Guineafowl,Southern Crested Guineafowl
cregui1,crested guineafowl sp.,crested guineafowl sp.
stopar1,Stone Partridge,Stone Partridge
stopar2,Stone Partridge (Stone),Stone Partridge (Stone)
stopar3,Stone Partridge (Ethiopian),Stone Partridge (Ethiopian)
nahfra2,Nahan's Partridge,Nahan's Partridge
tafqua1,Tawny-faced Quail,Tawny-faced Quail
mouqua,Mountain Quail,Mountain Quail
bcwpar1,Buffy-crowned Wood Partridge,Buffy-crowned Wood-Partridge
ltwpar1,Long-tailed Wood Partridge,Long-tailed Wood-Partridge
bewpar1,Bearded Wood Partridge,Bearded Wood-Partridge
banqua1,Banded Quail,Banded Quail
norbob,Northern Bobwhite,Northern Bobwhite
norbob1,Northern Bobwhite (Eastern),Northern Bobwhite (Eastern)
norbob2,Northern Bobwhite (graysoni/nigripectus),Northern Bobwhite (graysoni/nigripectus)
norbob3,Northern Bobwhite (pectoralis Group),Northern Bobwhite (pectoralis Group)
masbob1,Northern Bobwhite (Masked),Northern Bobwhite (Masked)
bltbob1,Yucatan Bobwhite,Black-throated Bobwhite
crebob2,Spot-bellied Bobwhite,Spot-bellied Bobwhite
spbbob1,Spot-bellied Bobwhite (White-breasted),Spot-bellied Bobwhite (White-breasted)
crebob6,Spot-bellied Bobwhite (White-faced),Spot-bellied Bobwhite (White-faced)
spbbob2,Spot-bellied Bobwhite (Dark-chinned),Spot-bellied Bobwhite (Dark-chinned)
crebob1,Crested Bobwhite,Crested Bobwhite
crebob24,Crested Bobwhite (Colombian),Crested Bobwhite (Colombian)
crebob25,Crested Bobwhite (Venezuelan),Crested Bobwhite (Venezuelan)
scaqua,Scaled Quail,Scaled Quail
x00688,Northern Bobwhite x Scaled Quail (hybrid),Northern Bobwhite x Scaled Quail (hybrid)
elequa,Elegant Quail,Elegant Quail
calqua,California Quail,California Quail
x01011,Northern Bobwhite x California Quail (hybrid),Northern Bobwhite x California Quail (hybrid)
x00687,Scaled x California Quail (hybrid),Scaled x California Quail (hybrid)
gamqua,Gambel's Quail,Gambel's Quail
x00689,Scaled x Gambel's Quail (hybrid),Scaled x Gambel's Quail (hybrid)
y00315,California x Gambel's Quail (hybrid),California x Gambel's Quail (hybrid)
y00711,California/Gambel's Quail,California/Gambel's Quail
monqua,Montezuma Quail,Montezuma Quail
monqua1,Montezuma Quail (Montezuma),Montezuma Quail (Montezuma)
monqua2,Montezuma Quail (Salle's),Montezuma Quail (Salle's)
ocequa1,Ocellated Quail,Ocellated Quail
sinqua1,Singing Quail,Singing Quail
mawqua1,Marbled Wood Quail,Marbled Wood-Quail
swwqua1,Spot-winged Wood Quail,Spot-winged Wood-Quail
bewqua1,Black-eared Wood Quail,Black-eared Wood-Quail
bfwqua1,Black-fronted Wood Quail,Black-fronted Wood-Quail
rfwqua1,Rufous-fronted Wood Quail,Rufous-fronted Wood-Quail
chwqua1,Chestnut Wood Quail,Chestnut Wood-Quail
dbwqua1,Dark-backed Wood Quail,Dark-backed Wood-Quail
rbwqua1,Rufous-breasted Wood Quail,Rufous-breasted Wood-Quail
tawqua1,Tacarcuna Wood Quail,Tacarcuna Wood-Quail
gowqua1,Gorgeted Wood Quail,Gorgeted Wood-Quail
venwoq1,Venezuelan Wood Quail,Venezuelan Wood-Quail
bbwqua1,Black-breasted Wood Quail,Black-breasted Wood-Quail
paswoq1,Pasco Wood Quail (undescribed form),Pasco Wood-Quail (undescribed form)
sfwqua1,Stripe-faced Wood Quail,Stripe-faced Wood-Quail
stwqua1,Starred Wood Quail,Starred Wood-Quail
spwqua1,Spotted Wood Quail,Spotted Wood-Quail
woodqu1,wood quail sp.,wood-quail sp.
quail1,new world quail sp.,new world quail sp.
udzpar1,Udzungwa/Rubeho Forest Partridge,Udzungwa Partridge
udzpar3,Udzungwa Forest Partridge,Udzungwa Partridge (Udzungwa)
udzpar2,Rubeho Forest Partridge,Udzungwa Partridge (Rubeho)
ferpar2,Ferruginous Partridge,Ferruginous Partridge
crepar1,Crested Partridge,Crested Partridge
blapar2,Black Partridge,Black Partridge
hilpar1,环颈山鹧鸪,Hill Partridge
sicpar1,四川山鹧鸪,Sichuan Partridge
chbpar2,红胸山鹧鸪,Chestnut-breasted Partridge
whnpar2,白眉山鹧鸪,White-necklaced Partridge
rutpar1,红喉山鹧鸪,Rufous-throated Partridge
rebpar3,Red-billed Partridge,Red-billed Partridge
chhpar1,Siamese/Chestnut-headed Partridge,Chestnut-headed Partridge
chhpar3,Siamese Partridge,Chestnut-headed Partridge (Siamese)
chhpar2,Chestnut-headed Partridge,Chestnut-headed Partridge (Chestnut-headed)
haipar1,海南山鹧鸪,Hainan Partridge
taipar1,台湾山鹧鸪,Taiwan Partridge
whcpar1,白颊山鹧鸪,White-cheeked Partridge
babpar1,褐胸山鹧鸪,Bar-backed Partridge
ornpar1,Orange-necked Partridge,Orange-necked Partridge
rebpar5,Red-breasted Partridge,Red-breasted Partridge
gybpar3,Malayan Partridge,Malayan Partridge
gybpar5,Roll's Partridge,Roll's Partridge
gybpar6,Sumatran Partridge,Sumatran Partridge
y01018,Roll's/Sumatran Partridge,Roll's/Sumatran Partridge
chbpar1,Chestnut-bellied Partridge,Chestnut-bellied Partridge
gybpar4,Grey-breasted Partridge,Gray-breasted Partridge
snopar1,雪鹑,Snow Partridge
blophe1,血雉,Blood Pheasant
westra1,黑头角雉,Western Tragopan
sattra1,红胸角雉,Satyr Tragopan
blytra1,灰腹角雉,Blyth's Tragopan
temtra1,红腹角雉,Temminck's Tragopan
cabtra1,黄腹角雉,Cabot's Tragopan
verpar1,红喉雉鹑,Chestnut-throated Monal-Partridge
szepar1,黄喉雉鹑 (四川雉鹑),Buff-throated Monal-Partridge
himmon1,棕尾虹雉,Himalayan Monal
sclmon1,白尾梢虹雉,Sclater's Monal
sclmon3,白尾梢虹雉 (尾全白),Sclater's Monal (White-tailed)
sclmon5,白尾梢虹雉 (尾有栗带),Sclater's Monal (Band-tailed)
chimon1,绿尾虹雉,Chinese Monal
kokphe1,勺鸡,Koklass Pheasant
wiltur,火鸡,Wild Turkey
wiltur1,火鸡 (驯养型),Wild Turkey (Domestic type)
ocetur1,Ocellated Turkey,Ocellated Turkey
rufgro,Ruffed Grouse,Ruffed Grouse
hazgro1,花尾榛鸡,Hazel Grouse
sevgro1,斑尾榛鸡,Chinese Grouse
saggro,Sage Grouse,Greater Sage-Grouse
gusgro,Gunnison Grouse,Gunnison Sage-Grouse
y00608,Sage/Gunnison Grouse,Greater/Gunnison Sage-Grouse
dusgro,Dusky Grouse,Dusky Grouse
soogro1,Sooty Grouse,Sooty Grouse
x01224,Dusky x Sooty Grouse (hybrid),Dusky x Sooty Grouse (hybrid)
blugrs,Dusky/Sooty Grouse,Dusky/Sooty Grouse
shtgro,Sharp-tailed Grouse,Sharp-tailed Grouse
x00727,Sage x Sharp-tailed Grouse (hybrid),Greater Sage-Grouse x Sharp-tailed Grouse (hybrid)
x00781,Dusky x Sharp-tailed Grouse (hybrid),Dusky x Sharp-tailed Grouse (hybrid)
grpchi,Greater Prairie Chicken,Greater Prairie-Chicken
greprc1,Greater Prairie Chicken (pinnatus),Greater Prairie-Chicken (pinnatus)
heahen1,Greater Prairie Chicken (Heath Hen),Greater Prairie-Chicken (Heath Hen)
attprc1,Greater Prairie Chicken (Attwater's),Greater Prairie-Chicken (Attwater's)
x00728,Sharp-tailed Grouse x Greater Prairie Chicken (hybrid),Sharp-tailed Grouse x Greater Prairie-Chicken (hybrid)
lepchi,Lesser Prairie Chicken,Lesser Prairie-Chicken
x00668,Greater x Lesser Prairie Chicken (hybrid),Greater x Lesser Prairie-Chicken (hybrid)
y00664,Greater/Lesser Prairie Chicken,Greater/Lesser Prairie-Chicken
whtpta1,White-tailed Ptarmigan,White-tailed Ptarmigan
wilpta1,Red Grouse,Red Grouse
wilpta,柳雷鸟,Willow Ptarmigan
rocpta1,岩雷鸟,Rock Ptarmigan
ptarmi1,未识别的雷鸟,ptarmigan sp.
sibgro2,镰翅鸡,Siberian Grouse
sprgro,Spruce Grouse,Spruce Grouse
sprgro1,Spruce Grouse (Spruce),Spruce Grouse (Spruce)
frsgro1,Spruce Grouse (Franklin's),Spruce Grouse (Franklin's)
sprgro9,Spruce Grouse (Spruce x Franklin's),Spruce Grouse (Spruce x Franklin's)
y00674,Ruffed/Spruce Grouse,Ruffed/Spruce Grouse
wescap1,西方松鸡,Western Capercaillie
blbcap1,黑嘴松鸡,Black-billed Capercaillie
x01169,西方松鸡x黑嘴松鸡 (杂交),Western x Black-billed Capercaillie (hybrid)
y01338,西方松鸡/黑嘴松鸡,Western/Black-billed Capercaillie
blagro1,黑琴鸡,Black Grouse
x00841,西方松鸡x黑琴鸡 (杂交),Western Capercaillie x Black Grouse (hybrid)
caugro1,Caucasian Grouse,Caucasian Grouse
grouse1,未识别的松鸡亚科鸟类,grouse sp.
lobpar3,Long-billed Partridge,Long-billed Partridge
lobpar2,Dulit Partridge,Dulit Partridge
tibpar1,高原山鹑,Tibetan Partridge
grypar,灰山鹑,Gray Partridge
daupar1,斑翅山鹑,Daurian Partridge
copphe1,Copper Pheasant,Copper Pheasant
reephe1,白冠长尾雉,Reeves's Pheasant
mikphe1,黑长尾雉,Mikado Pheasant
ellphe1,白颈长尾雉,Elliot's Pheasant
humphe1,黑颈长尾雉,Mrs. Hume's Pheasant
golphe,红腹锦鸡,Golden Pheasant
golphe1,红腹锦鸡 (驯养型),Golden Pheasant (Domestic type)
laaphe1,白腹锦鸡,Lady Amherst's Pheasant
x01017,红腹锦鸡x白腹锦鸡 (杂交),Golden x Lady Amherst's Pheasant (hybrid)
rinphe1,环颈雉,Ring-necked Pheasant
rinphe37,环颈雉 (驯养型),Ring-necked Pheasant (Domestic type)
rinphe2,绿雉,Green Pheasant
x01018,环颈雉x绿雉 (杂交),Ring-necked x Green Pheasant (hybrid)
rinphe,环颈雉/绿雉,Ring-necked/Green Pheasant
chephe1,Cheer Pheasant,Cheer Pheasant
whieap2,藏马鸡,Tibetan Eared-Pheasant
whieap1,白马鸡,White Eared-Pheasant
x00943,藏马鸡x白马鸡 (杂交),Tibetan x White Eared-Pheasant (hybrid)
whephe1,藏马鸡/白马鸡,Tibetan/White Eared-Pheasant
brephe1,褐马鸡,Brown Eared-Pheasant
blephe1,蓝马鸡,Blue Eared-Pheasant
edwphe1,Edwards's Pheasant,Edwards's Pheasant
swiphe1,蓝腹鹇,Swinhoe's Pheasant
bulphe1,Bulwer's Pheasant,Bulwer's Pheasant
kalphe,黑鹇,Kalij Pheasant
silphe,白鹇,Silver Pheasant
impphe1,Edwards's x Silver Pheasant (hybrid),Edwards's x Silver Pheasant (hybrid)
x01181,黑鹇x白鹇 (杂交),Kalij x Silver Pheasant (hybrid)
crefir5,Malayan Crestless Fireback,Malayan Crestless Fireback
crefir6,Bornean Crestless Fireback,Bornean Crestless Fireback
siafir1,Siamese Fireback,Siamese Fireback
salphe1,Salvadori's Pheasant,Salvadori's Pheasant
salphe3,Salvadori's Pheasant (Hoogerwerf's),Salvadori's Pheasant (Hoogerwerf's)
salphe2,Salvadori's Pheasant (Salvadori's),Salvadori's Pheasant (Salvadori's)
crefir3,Malayan Crested Fireback,Malayan Crested Fireback
crefir4,Bornean Crested Fireback,Bornean Crested Fireback
crearg1,Vietnamese Crested Argus,Vietnamese Crested Argus
crearg3,Malayan Crested Argus,Malayan Crested Argus
grearg1,Great Argus,Great Argus
conpea1,Congo Peafowl,Congo Peacock
compea,蓝孔雀,Indian Peafowl
indpea1,蓝孔雀 (驯养型),Indian Peafowl (Domestic type)
grepea1,绿孔雀,Green Peafowl
x00380,蓝孔雀x绿孔雀 (杂交),Indian x Green Peafowl (hybrid)
scbpar1,绿脚树鹧鸪,Scaly-breasted Partridge
scbpar2,绿脚树鹧鸪 (暗胸),Scaly-breasted Partridge (Tonkin)
scbpar3,绿脚树鹧鸪 (橙胸),Scaly-breasted Partridge (Green-legged)
chnpar1,Chestnut-necklaced Partridge,Chestnut-necklaced Partridge
chnpar3,Sabah Partridge,Sabah Partridge
arboro1,未识别的Arborophila/Tropicoperdix属山鹧鸪,Arborophila/Tropicoperdix sp.
crhpar1,Crimson-headed Partridge,Crimson-headed Partridge
redspu1,Red Spurfowl,Red Spurfowl
paispu1,Painted Spurfowl,Painted Spurfowl
y00768,Red/Painted Spurfowl,Red/Painted Spurfowl
ceyspu1,Sri Lanka Spurfowl,Sri Lanka Spurfowl
palpep1,Palawan Peacock-Pheasant,Palawan Peacock-Pheasant
bopphe1,Bornean Peacock-Pheasant,Bornean Peacock-Pheasant
mapphe1,Malayan Peacock-Pheasant,Malayan Peacock-Pheasant
gepphe1,Germain's Peacock-Pheasant,Germain's Peacock-Pheasant
grypep3,海南孔雀雉,Hainan Peacock-Pheasant
grypep2,灰孔雀雉,Gray Peacock-Pheasant
mopphe1,Mountain Peacock-Pheasant,Mountain Peacock-Pheasant
btpphe1,Bronze-tailed Peacock-Pheasant,Bronze-tailed Peacock-Pheasant
pheasa1,未识别的雉类,pheasant sp.
mobpar1,棕胸竹鸡,Mountain Bamboo-Partridge
chbpar3,灰胸竹鸡,Chinese Bamboo-Partridge
taibap1,台湾竹鸡,Taiwan Bamboo-Partridge
y01257,灰胸竹鸡/台湾竹鸡,Chinese/Taiwan Bamboo-Partridge
grejun1,Green Junglefowl,Green Junglefowl
redjun,红原鸡,Red Junglefowl
redjun1,红原鸡 (驯养型),Red Junglefowl (Domestic type)
grejun2,Grey Junglefowl,Gray Junglefowl
ceyjun1,Sri Lanka Junglefowl,Sri Lanka Junglefowl
forfra2,Latham's Francolin,Latham's Francolin
crefra2,Crested Francolin,Crested Francolin
crefra1,Crested Francolin (Kirk's),Crested Francolin (Kirk's)
crefra3,Crested Francolin (Crested),Crested Francolin (Crested)
gryfra,Grey Francolin,Gray Francolin
swafra1,沼泽鹧鸪,Swamp Francolin
chifra1,中华鹧鸪,Chinese Francolin
blkfra,Black Francolin,Black Francolin
blkfra1,Black Francolin (Western),Black Francolin (Western)
blkfra2,Black Francolin (Eastern),Black Francolin (Eastern)
paifra1,Painted Francolin,Painted Francolin
coqfra2,Coqui Francolin,Coqui Francolin
coqfra1,Coqui Francolin (Plain-breasted),Coqui Francolin (Plain-breasted)
coqfra3,Coqui Francolin (Bar-breasted),Coqui Francolin (Bar-breasted)
whtfra2,White-throated Francolin,White-throated Francolin
whtfra1,White-throated Francolin (White-throated),White-throated Francolin (White-throated)
whtfra3,White-throated Francolin (Chestnut-breasted),White-throated Francolin (Chestnut-breasted)
schfra2,Schlegel's Francolin,Schlegel's Francolin
rinfra2,Ring-necked Francolin,Ring-necked Francolin
rewfra2,Red-winged Francolin,Red-winged Francolin
finfra2,Finsch's Francolin,Finsch's Francolin
moofra2,Moorland Francolin,Moorland Francolin
moofra3,Elgon Francolin,Elgon Francolin
gywfra1,Grey-winged Francolin,Gray-winged Francolin
orrfra2,Orange River Francolin,Orange River Francolin
orrfra1,Orange River Francolin (Archer's),Orange River Francolin (Archer's)
orrfra3,Orange River Francolin (Kunene),Orange River Francolin (Kunene)
orrfra4,Orange River Francolin (Orange River),Orange River Francolin (Orange River)
shefra1,Shelley's Francolin,Shelley's Francolin
shefra3,Whyte's Francolin,Whyte's Francolin
shefra2,Shelley's/Whyte's Francolin,Shelley's/Whyte's Francolin
tibsno1,藏雪鸡,Tibetan Snowcock
altsno1,阿尔泰雪鸡,Altai Snowcock
causno1,Caucasian Snowcock,Caucasian Snowcock
cassno1,Caspian Snowcock,Caspian Snowcock
himsno,暗腹雪鸡,Himalayan Snowcock
y00936,藏雪鸡/暗腹雪鸡,Tibetan/Himalayan Snowcock
sespar1,See-see Partridge,See-see Partridge
sanpar1,Sand Partridge,Sand Partridge
broqua1,Brown Quail,Brown Quail
snmqua2,Snow Mountain Quail,Snow Mountain Quail
blbqua1,蓝胸鹑,Blue-breasted Quail
bubqua9,蓝胸鹑 (驯养型),Blue-breasted Quail (Domestic type)
bluqua1,Blue Quail,Blue Quail
madpar2,Madagascar Partridge,Madagascar Partridge
comqua1,西鹌鹑,Common Quail
japqua,鹌鹑,Japanese Quail
japqua1,鹌鹑 (驯养型),Japanese Quail (Domestic type)
harqua1,Harlequin Quail,Harlequin Quail
raiqua1,黑胸鹌鹑,Rain Quail
y00935,西鹌鹑/黑胸鹌鹑,Common/Rain Quail
stuqua1,Stubble Quail,Stubble Quail
nezqua1,New Zealand Quail,New Zealand Quail
coturn1,未识别的旧大陆鹑类,old world quail sp.
barpar2,Barbary Partridge,Barbary Partridge
arapar1,Arabian Partridge,Arabian Partridge
relpar1,Red-legged Partridge,Red-legged Partridge
chukar,石鸡,Chukar
rocpar2,Rock Partridge,Rock Partridge
rocpar3,Rock Partridge (European),Rock Partridge (European)
rocpar4,Rock Partridge (Sicilian),Rock Partridge (Sicilian)
x00640,Red-legged x Rock Partridge (hybrid),Red-legged x Rock Partridge (hybrid)
x00381,Chukar x Rock Partridge (hybrid),Chukar x Rock Partridge (hybrid)
y00767,Red-legged/Rock Partridge,Red-legged/Rock Partridge
phipar1,Philby's Partridge,Philby's Partridge
przpar1,大石鸡,Przevalski's Partridge
alecto1,未识别的石鸡类,Alectoris sp.
jubqua1,丛林鹑,Jungle Bush-Quail
robqua1,Rock Bush Quail,Rock Bush-Quail
y00712,Jungle/Rock Bush Quail,Jungle/Rock Bush-Quail
pabqua1,Painted Bush Quail,Painted Bush-Quail
mabqua1,Manipur Bush Quail,Manipur Bush-Quail
himqua1,Himalayan Quail,Himalayan Quail
harfra3,Hartlaub's Spurfowl,Hartlaub's Spurfowl
camfra2,Mount Cameroon Spurfowl,Mount Cameroon Spurfowl
hanfra2,Handsome Spurfowl,Handsome Spurfowl
chnfra2,Chestnut-naped Spurfowl,Chestnut-naped Spurfowl
chnfra1,Chestnut-naped Spurfowl (Northern),Chestnut-naped Spurfowl (Northern)
chnfra3,Chestnut-naped Spurfowl (Black-fronted),Chestnut-naped Spurfowl (Black-fronted)
ercfra,Erckel's Spurfowl,Erckel's Spurfowl
djifra1,Djibouti Spurfowl,Djibouti Spurfowl
swifra2,Swierstra's Spurfowl,Swierstra's Spurfowl
ahafra2,Ahanta Spurfowl,Ahanta Spurfowl
gysfra1,Grey-striped Spurfowl,Gray-striped Spurfowl
jacfra2,Jackson's Spurfowl,Jackson's Spurfowl
rebfra1,Red-billed Spurfowl,Red-billed Spurfowl
capfra2,Cape Spurfowl,Cape Spurfowl
natfra2,Natal Spurfowl,Natal Spurfowl
hilfra2,Hildebrandt's Spurfowl,Hildebrandt's Spurfowl
dosfra2,Double-spurred Spurfowl,Double-spurred Spurfowl
scafra2,Scaly Spurfowl,Scaly Spurfowl
heufra1,Heuglin's Spurfowl,Heuglin's Spurfowl
clafra1,Clapperton's Spurfowl,Clapperton's Spurfowl
harfra4,Harwood's Spurfowl,Harwood's Spurfowl
swafra2,Swainson's Spurfowl,Swainson's Spurfowl
yenspu1,Yellow-necked Spurfowl,Yellow-necked Spurfowl
gybfra1,Grey-breasted Spurfowl,Gray-breasted Spurfowl
renfra1,Red-necked Spurfowl,Red-necked Spurfowl
renfra2,Red-necked Spurfowl (Cranch's),Red-necked Spurfowl (Cranch's)
renfra3,Red-necked Spurfowl (Northern),Red-necked Spurfowl (Northern)
renfra4,Red-necked Spurfowl (Benguela),Red-necked Spurfowl (Benguela)
renfra5,Red-necked Spurfowl (Southern),Red-necked Spurfowl (Southern)
franco1,francolin/spurfowl sp.,francolin/spurfowl sp.
rocpig,原鸽,Rock Pigeon
rocpig2,原鸽 (野生),Rock Pigeon (Wild type)
rocpig1,原鸽 (野化家鸽),Rock Pigeon (Feral Pigeon)
hilpig1,岩鸽,Hill Pigeon
y01112,原鸽/岩鸽,Rock/Hill Pigeon
snopig1,雪鸽,Snow Pigeon
spepig1,Speckled Pigeon,Speckled Pigeon
whcpig1,White-collared Pigeon,White-collared Pigeon
stodov1,欧鸽,Stock Dove
pabpig1,中亚鸽,Yellow-eyed Pigeon
sompig1,Somali Pigeon,Somali Pigeon
cowpig1,斑尾林鸽,Common Wood-Pigeon
comwop1,斑尾林鸽 (白颈斑),Common Wood-Pigeon (White-necked)
comwop2,斑尾林鸽 (黄颈斑),Common Wood-Pigeon (Cinnamon-necked)
tropig1,Trocaz Pigeon,Trocaz Pigeon
bolpig1,Bolle's Pigeon,Bolle's Pigeon
afepig1,Afep Pigeon,Afep Pigeon
laupig1,Laurel Pigeon,Laurel Pigeon
rampig1,African Olive Pigeon,Rameron Pigeon
campig1,Cameroon Olive Pigeon,Cameroon Pigeon
marpig1,Sao Tome Olive Pigeon,Maroon Pigeon
delpig1,Eastern Bronze-naped Pigeon,Eastern Bronze-naped Pigeon
delpig2,Eastern Bronze-naped Pigeon (Northern),Eastern Bronze-naped Pigeon (Northern)
delpig3,Eastern Bronze-naped Pigeon (Southern),Eastern Bronze-naped Pigeon (Southern)
brnpig1,Western Bronze-naped Pigeon,Western Bronze-naped Pigeon
satpig1,Island Bronze-naped Pigeon,Sao Tome Pigeon
mauwop1,Mauritius Wood Pigeon,Mauritius Wood-Pigeon
compig1,Comoro Olive Pigeon,Comoro Pigeon
spwpig1,点斑林鸽,Speckled Wood-Pigeon
whnpig1,White-naped Pigeon,White-naped Pigeon
aswpig1,灰林鸽,Ashy Wood-Pigeon
niwpig1,Nilgiri Wood Pigeon,Nilgiri Wood-Pigeon
ceywop1,Sri Lanka Wood Pigeon,Sri Lanka Wood-Pigeon
pacpig1,紫林鸽,Pale-capped Pigeon
siwpig1,银鸽,Silvery Wood-Pigeon
anwpig1,Andaman Wood Pigeon,Andaman Wood-Pigeon
jawpig1,黑林鸽,Black Wood-Pigeon
ryupig1,Ryukyu Wood Pigeon,Ryukyu Pigeon
bonpig1,Bonin Wood Pigeon,Bonin Pigeon
metpig1,白喉林鸽,Metallic Pigeon
metpig2,白喉林鸽 [vitiensis Group],Metallic Pigeon (Metallic)
metpig3,白喉林鸽 (castaneiceps),Metallic Pigeon (Samoan)
whhpig1,White-headed Pigeon,White-headed Pigeon
yelpig1,Yellow-legged Pigeon,Yellow-legged Pigeon
columb1,未识别的Columba属鸽,Columba sp.
lemdov2,Lemon Dove,Lemon Dove
lemdov1,Lemon Dove (Western),Lemon Dove (Western)
lemdov3,Lemon Dove (Principe),Lemon Dove (Principe)
fordov1,Lemon Dove (Sao Tome),Lemon Dove (Sao Tome)
lemdov4,Lemon Dove (Lemon),Lemon Dove (Lemon)
pavpig2,Pale-vented Pigeon,Pale-vented Pigeon
scapig2,Scaled Pigeon,Scaled Pigeon
scnpig1,Scaly-naped Pigeon,Scaly-naped Pigeon
picpig2,Picazuro Pigeon,Picazuro Pigeon
baepig2,Bare-eyed Pigeon,Bare-eyed Pigeon
spwpig3,Spot-winged Pigeon,Spot-winged Pigeon
spwpig2,Spot-winged Pigeon (albipennis),Spot-winged Pigeon (albipennis)
spwpig4,Spot-winged Pigeon (maculosa),Spot-winged Pigeon (maculosa)
whcpig2,White-crowned Pigeon,White-crowned Pigeon
rebpig1,Red-billed Pigeon,Red-billed Pigeon
plapig,Plain Pigeon,Plain Pigeon
batpig1,Band-tailed Pigeon,Band-tailed Pigeon
batpig2,Band-tailed Pigeon (Northern),Band-tailed Pigeon (Northern)
batpig4,Band-tailed Pigeon (Viosca's),Band-tailed Pigeon (Viosca's)
batpig3,Band-tailed Pigeon (White-necked),Band-tailed Pigeon (White-necked)
y00319,Rock/Band-tailed Pigeon,Rock/Band-tailed Pigeon
chipig2,Chilean Pigeon,Chilean Pigeon
ritpig,Ring-tailed Pigeon,Ring-tailed Pigeon
perpig2,Maranon Pigeon,Peruvian Pigeon
plupig2,Plumbeous Pigeon,Plumbeous Pigeon
rudpig,Ruddy Pigeon,Ruddy Pigeon
rudpig2,Ruddy Pigeon (Berlepsch's),Ruddy Pigeon (Berlepsch's)
rudpig3,Ruddy Pigeon (Ruddy),Ruddy Pigeon (Ruddy)
y00781,Plumbeous/Ruddy Pigeon,Plumbeous/Ruddy Pigeon
shbpig,Short-billed Pigeon,Short-billed Pigeon
y00782,Ruddy/Short-billed Pigeon,Ruddy/Short-billed Pigeon
duspig2,Dusky Pigeon,Dusky Pigeon
patagi1,Patagioenas sp.,Patagioenas sp.
paspig,Passenger Pigeon,Passenger Pigeon
matdov1,Malagasy Turtle Dove,Malagasy Turtle-Dove
pinpig2,Pink Pigeon,Pink Pigeon
mautud1,Mauritius Turtle Dove,Mauritius Turtle-Dove
rodtud1,Rodrigues Pigeon,Rodrigues Turtle-Dove
eutdov,欧斑鸠,European Turtle-Dove
dutdov1,Dusky Turtle Dove,Dusky Turtle-Dove
adtdov1,Adamawa Turtle Dove,Adamawa Turtle-Dove
ortdov,山斑鸠,Oriental Turtle-Dove
iscdov1,爪哇斑鸠,Sunda Collared-Dove
phicod1,菲律宾斑鸠,Philippine Collared-Dove
eucdov,灰斑鸠,Eurasian Collared-Dove
x00382,欧斑鸠x灰斑鸠 (杂交),European Turtle-Dove x Eurasian Collared-Dove (hybrid)
x01084,山斑鸠x灰斑鸠 (杂交),Oriental Turtle-Dove x Eurasian Collared-Dove (hybrid)
eurcod2,缅甸灰斑鸠,Burmese Collared-Dove
y01178,灰斑鸠/缅甸灰斑鸠,Eurasian/Burmese Collared-Dove
afcdov1,African Collared Dove,African Collared-Dove
afrcod1,African Collared Dove (Domestic type or Ringed Turtle Dove),African Collared-Dove (Domestic type or Ringed Turtle-Dove)
x00799,Eurasian x African Collared Dove (hybrid),Eurasian x African Collared-Dove (hybrid)
y00851,Eurasian/African Collared Dove,Eurasian/African Collared-Dove
wwcdov1,White-winged Collared Dove,White-winged Collared-Dove
afmdov1,Mourning Collared Dove,Mourning Collared-Dove
reedov1,Red-eyed Dove,Red-eyed Dove
rindov,Ring-necked Dove,Ring-necked Dove
vindov1,Vinaceous Dove,Vinaceous Dove
recdov1,火斑鸠,Red Collared-Dove
y01078,灰斑鸠/火斑鸠,Eurasian/Red Collared-Dove
strept1,未识别的Streptopelia属斑鸠,Streptopelia sp.
spodov,珠颈斑鸠,Spotted Dove
spodov1,珠颈斑鸠 (南亚),Spotted Dove (Western)
spodov2,珠颈斑鸠 (东亚至东南亚),Spotted Dove (Eastern)
laudov1,棕斑鸠,Laughing Dove
bacdov1,斑尾鹃鸠,Barred Cuckoo-Dove
brcdov1,Brown Cuckoo-Dove,Brown Cuckoo-Dove
ducdov1,Flores Sea Cuckoo-Dove,Flores Sea Cuckoo-Dove
timcud1,Timor Cuckoo-Dove,Timor Cuckoo-Dove
tancud1,Tanimbar Cuckoo-Dove,Tanimbar Cuckoo-Dove
sbcdov1,Amboyna Cuckoo-Dove,Amboyna Cuckoo-Dove
sulcud1,Sultan's Cuckoo-Dove,Sultan's Cuckoo-Dove
sulcud3,Sultan's Cuckoo-Dove (Sulawesi),Sultan's Cuckoo-Dove (Sulawesi)
sulcud4,Sultan's Cuckoo-Dove (Sultan's),Sultan's Cuckoo-Dove (Sultan's)
y01028,Amboyna/Sultan's Cuckoo-Dove,Amboyna/Sultan's Cuckoo-Dove
ancdov1,Andaman Cuckoo-Dove,Andaman Cuckoo-Dove
phcdov1,菲律宾鹃鸠,Philippine Cuckoo-Dove
palcud1,Palawan Cuckoo-Dove (undescribed form),Palawan Cuckoo-Dove (undescribed form)
rucdov1,Ruddy Cuckoo-Dove,Ruddy Cuckoo-Dove
engcud1,Enggano Cuckoo-Dove,Enggano Cuckoo-Dove
barcud1,Barusan Cuckoo-Dove,Barusan Cuckoo-Dove
bbcdov1,Bar-tailed Cuckoo-Dove,Black-billed Cuckoo-Dove
macdov1,Spot-breasted Cuckoo-Dove,Spot-breasted Cuckoo-Dove
licdov1,小鹃鸠,Little Cuckoo-Dove
litcud9,小鹃鸠 (Eucalypt),Little Cuckoo-Dove (Eucalypt)
macrop1,未识别的鹃鸠,Macropygia sp.
grcdov2,Great Cuckoo-Dove,Great Cuckoo-Dove
picdov1,Pied Cuckoo-Dove,Pied Cuckoo-Dove
crcdov1,Crested Cuckoo-Dove,Crested Cuckoo-Dove
wfcdov1,White-faced Cuckoo-Dove,White-faced Cuckoo-Dove
sulcud2,Sula Cuckoo-Dove,Sula Cuckoo-Dove
slacud1,Black Cuckoo-Dove,Slaty Cuckoo-Dove
eswdov1,Emerald-spotted Wood Dove,Emerald-spotted Wood-Dove
bbwdov1,Black-billed Wood Dove,Black-billed Wood-Dove
bswdov1,Blue-spotted Wood Dove,Blue-spotted Wood-Dove
tamdov1,Tambourine Dove,Tambourine Dove
bhwdov1,Blue-headed Wood Dove,Blue-headed Wood-Dove
turtur1,Turtur sp.,Turtur sp.
namdov1,Namaqua Dove,Namaqua Dove
emedov2,绿翅金鸠,Asian Emerald Dove
emedov3,Pacific Emerald Dove,Pacific Emerald Dove
x00849,Common x Pacific Emerald Dove (hybrid),Asian x Pacific Emerald Dove (hybrid)
emedov1,Common/Pacific Emerald Dove,Asian/Pacific Emerald Dove
stedov1,Stephan's Emerald Dove,Stephan's Dove
negbro1,New Guinea Bronzewing,New Guinea Bronzewing
nebbro1,New Britain Bronzewing,New Britain Bronzewing
wegdov1,Wetar Ground Dove,Wetar Ground Dove
frgdov1,Shy Ground Dove,Shy Ground Dove
scgdov1,Santa Cruz Ground Dove,Santa Cruz Ground Dove
tbgdov1,Thick-billed Ground Dove,Thick-billed Ground Dove
tangrd1,Tanna Ground Dove,Tanna Ground Dove
brgdov1,Bronze Ground Dove,Bronze Ground Dove
brogrd1,Bronze Ground Dove (Western),Bronze Ground Dove (Western)
brogrd2,Bronze Ground Dove (Eastern),Bronze Ground Dove (Eastern)
pagdov1,Palau Ground Dove,Palau Ground Dove
wbgdov1,White-breasted Ground Dove,White-bibbed Ground Dove
margrd1,Marquesan Ground Dove,Marquesan Ground Dove
cigdov1,White-fronted Ground Dove,Caroline Islands Ground Dove
pogdov1,Polynesian Ground Dove,Polynesian Ground Dove
wtgdov1,White-throated Ground Dove,White-throated Ground Dove
norgrd1,Norfolk Ground Dove,Norfolk Ground Dove
combro1,Common Bronzewing,Common Bronzewing
brubro1,Brush Bronzewing,Brush Bronzewing
y01230,Common/Brush Bronzewing,Common/Brush Bronzewing
flobro1,Flock Bronzewing,Flock Bronzewing
crepig1,Crested Pigeon,Crested Pigeon
spipig2,Spinifex Pigeon,Spinifex Pigeon
spipig4,Spinifex Pigeon (Rufous-bellied),Spinifex Pigeon (Rufous-bellied)
spipig5,Spinifex Pigeon (White-bellied),Spinifex Pigeon (White-bellied)
squpig1,Squatter Pigeon,Squatter Pigeon
parpig1,Partridge Pigeon,Partridge Pigeon
parpig2,Partridge Pigeon (Yellow-faced),Partridge Pigeon (Yellow-faced)
parpig3,Partridge Pigeon (Red-faced),Partridge Pigeon (Red-faced)
cqrpig1,Chestnut-quilled Rock Pigeon,Chestnut-quilled Rock-Pigeon
wqrpig1,White-quilled Rock Pigeon,White-quilled Rock-Pigeon
wonpig1,Wonga Pigeon,Wonga Pigeon
diadov1,姬地鸠,Diamond Dove
zebdov,斑姬地鸠,Zebra Dove
peadov1,Peaceful Dove,Peaceful Dove
bardov2,Barred Dove,Barred Dove
basdov1,Bar-shouldered Dove,Bar-shouldered Dove
incdov,Inca Dove,Inca Dove
cogdov,Common Ground Dove,Common Ground Dove
x01225,Inca x Common Ground Dove (hybrid),Inca x Common Ground Dove (hybrid)
pbgdov1,Plain-breasted Ground Dove,Plain-breasted Ground Dove
rugdov,Ruddy Ground Dove,Ruddy Ground Dove
x01164,Common x Ruddy Ground Dove (hybrid),Common x Ruddy Ground Dove (hybrid)
y00852,Common/Ruddy Ground Dove,Common/Ruddy Ground Dove
ecgdov1,Ecuadorian Ground Dove,Ecuadorian Ground Dove
scadov1,Scaled Dove,Scaled Dove
x01153,Ruddy Ground x Scaled Dove (hybrid),Ruddy Ground x Scaled Dove (hybrid)
pigdov1,Picui Ground Dove,Picui Ground Dove
crgdov1,Croaking Ground Dove,Croaking Ground Dove
begdov2,Blue-eyed Ground Dove,Blue-eyed Ground Dove
y00320,ground dove/Inca Dove,ground dove/Inca Dove
blgdov1,Blue Ground Dove,Blue Ground Dove
mcgdov1,Maroon-chested Ground Dove,Maroon-chested Ground Dove
pwgdov1,Purple-winged Ground Dove,Purple-winged Ground Dove
bfgdov1,Bare-faced Ground Dove,Bare-faced Ground Dove
begdov1,Moreno's Ground Dove,Bare-eyed Ground Dove
bwgdov1,Black-winged Ground Dove,Black-winged Ground Dove
gsgdov1,Golden-spotted Ground Dove,Golden-spotted Ground Dove
metrio1,Metriopelia sp.,Metriopelia sp.
ltgdov1,Long-tailed Ground Dove,Long-tailed Ground Dove
bhqdov1,Blue-headed Quail-Dove,Blue-headed Quail-Dove
sapqud1,Purple Quail-Dove,Purple Quail-Dove
sapqud2,Sapphire Quail-Dove,Sapphire Quail-Dove
crqdov1,Crested Quail-Dove,Crested Quail-Dove
ruqdov,Ruddy Quail-Dove,Ruddy Quail-Dove
rudqud1,Ruddy Quail-Dove (Ruddy),Ruddy Quail-Dove (Ruddy)
rudqud2,Ruddy Quail-Dove (Martinique),Ruddy Quail-Dove (Martinique)
viqdov1,Violaceous Quail-Dove,Violaceous Quail-Dove
gfqdov,Grey-fronted Quail-Dove,Gray-fronted Quail-Dove
wfqdov,White-fronted Quail-Dove,White-fronted Quail-Dove
kwqdov,Key West Quail-Dove,Key West Quail-Dove
brqdov1,Bridled Quail-Dove,Bridled Quail-Dove
obqdov1,Olive-backed Quail-Dove,Olive-backed Quail-Dove
whtdov,White-tipped Dove,White-tipped Dove
whtdov1,White-tipped Dove (White-tipped),White-tipped Dove (White-tipped)
whtdov2,White-tipped Dove (decolor),White-tipped Dove (decolor)
whtdov3,White-tipped Dove (brasiliensis Group),White-tipped Dove (brasiliensis Group)
cardov1,Caribbean Dove,Caribbean Dove
grcdov1,Grey-chested Dove,Gray-chested Dove
gycdov3,Grey-chested Dove (cerviniventris),Gray-chested Dove (cerviniventris)
gycdov2,Grey-chested Dove (rufinucha),Gray-chested Dove (rufinucha)
gycdov1,Grey-chested Dove (cassinii),Gray-chested Dove (cassinii)
toldov1,Tolima Dove,Tolima Dove
ocbdov1,Ochre-bellied Dove,Ochre-bellied Dove
gyhdov1,Grey-headed/Azuero Dove,Gray-headed Dove
gyhdov2,Grey-headed Dove,Gray-headed Dove (Gray-headed)
gyhdov3,Azuero Dove,Gray-headed Dove (Brown-backed)
grfdov1,Grey-fronted Dove,Gray-fronted Dove
gredov1,Grenada Dove,Grenada Dove
paldov1,Pallid Dove,Pallid Dove
latdov1,Yungas Dove,Large-tailed Dove
leptot1,Leptotila sp.,Leptotila sp.
tuqdov1,Tuxtla Quail-Dove,Tuxtla Quail-Dove
bfqdov1,Buff-fronted Quail-Dove,Buff-fronted Quail-Dove
pbqdov1,Purplish-backed Quail-Dove,Purplish-backed Quail-Dove
wfqdov1,White-faced Quail-Dove,White-faced Quail-Dove
wtqdov1,White-throated Quail-Dove,White-throated Quail-Dove
liqdov1,Lined Quail-Dove,Lined Quail-Dove
linqud1,Lined Quail-Dove (linearis),Lined Quail-Dove (linearis)
linqud2,Lined Quail-Dove (trinitatis),Lined Quail-Dove (trinitatis)
chqdov1,Chiriqui Quail-Dove,Chiriqui Quail-Dove
rcqdov1,Russet-crowned Quail-Dove,Russet-crowned Quail-Dove
geotry1,quail-dove sp.,quail-dove sp.
wepdov1,West Peruvian Dove,West Peruvian Dove
whwdov,White-winged Dove,White-winged Dove
zendov,Zenaida Dove,Zenaida Dove
galdov1,Galapagos Dove,Galapagos Dove
eardov1,Eared Dove,Eared Dove
moudov,Mourning Dove,Mourning Dove
x00767,Eurasian Collared x Mourning Dove (hybrid),Eurasian Collared-Dove x Mourning Dove (hybrid)
x01086,White-winged x Mourning Dove (hybrid),White-winged x Mourning Dove (hybrid)
y01207,Zenaida/Mourning Dove,Zenaida/Mourning Dove
y01326,Eared/Mourning Dove,Eared/Mourning Dove
socdov1,Socorro Dove,Socorro Dove
nicpig1,尼科巴鸠,Nicobar Pigeon
spgpig1,Spotted Green Pigeon,Spotted Green Pigeon
dodo1,Dodo,Dodo
rodsol2,Rodrigues Solitaire,Rodrigues Solitaire
sugdov1,Sulawesi Ground Dove,Sulawesi Ground Dove
cigdov2,Cinnamon Ground Dove,Cinnamon Ground Dove
mibhea2,Mindoro Bleeding-heart,Mindoro Bleeding-heart
nebhea1,Negros Bleeding-heart,Negros Bleeding-heart
subhea1,Sulu Bleeding-heart,Sulu Bleeding-heart
lubhea1,Luzon Bleeding-heart,Luzon Bleeding-heart
minblh1,Mindanao Bleeding-heart,Mindanao Bleeding-heart
chopig1,Choiseul Pigeon,Choiseul Pigeon
tbgpig2,Thick-billed Ground Pigeon,Thick-billed Ground-Pigeon
phepig1,Pheasant Pigeon,Pheasant Pigeon
phepig2,Pheasant Pigeon (Green-naped),Pheasant Pigeon (Green-naped)
phepig3,Pheasant Pigeon (White-naped),Pheasant Pigeon (White-naped)
phepig4,Pheasant Pigeon (Grey-naped),Pheasant Pigeon (Gray-naped)
phepig5,Pheasant Pigeon (Black-naped),Pheasant Pigeon (Black-naped)
wecpig1,Western Crowned Pigeon,Western Crowned-Pigeon
soucrp1,Sclater's Crowned Pigeon,Sclater's Crowned-Pigeon
soucrp2,Scheepmaker's Crowned Pigeon,Scheepmaker's Crowned-Pigeon
vicpig1,Victoria Crowned Pigeon,Victoria Crowned-Pigeon
crowne1,crowned pigeon sp.,crowned-pigeon sp.
tobpig1,Tooth-billed Pigeon,Tooth-billed Pigeon
whedov1,White-eared Brown Dove,White-eared Brown-Dove
whebrd1,White-eared Brown Dove (White-eared),White-eared Brown-Dove (White-eared)
whebrd2,White-eared Brown Dove (Buff-eared),White-eared Brown-Dove (Buff-eared)
whebrd3,White-eared Brown Dove (Short-billed),White-eared Brown-Dove (Short-billed)
amedov1,Amethyst Brown Dove,Amethyst Brown-Dove
amebrd1,Amethyst Brown Dove (Amethyst),Amethyst Brown-Dove (Amethyst)
amebrd2,Amethyst Brown Dove (Grey-breasted),Amethyst Brown-Dove (Gray-breasted)
amebrd3,Amethyst Brown Dove (Cebu),Amethyst Brown-Dove (Cebu)
daedov2,Mindanao Brown Dove,Mindanao Brown-Dove
daedov3,Tawitawi Brown Dove,Tawitawi Brown-Dove
brownd1,brown dove sp.,brown-dove sp.
ligpig1,小绿鸠,Little Green-Pigeon
pinpig3,红颈绿鸠,Pink-necked Green-Pigeon
cihpig1,棕头绿鸠,Cinnamon-headed Green-Pigeon
orbpig1,橙胸绿鸠,Orange-breasted Green-Pigeon
pogpig1,Sri Lanka Green Pigeon,Sri Lanka Green-Pigeon
pomgrp2,Grey-fronted Green Pigeon,Gray-fronted Green-Pigeon
pomgrp4,Andaman Green Pigeon,Andaman Green-Pigeon
pomgrp5,灰头绿鸠,Ashy-headed Green-Pigeon
pomgrp1,Philippine Green Pigeon,Philippine Green-Pigeon
pomgrp3,Buru Green Pigeon,Buru Green-Pigeon
thbpig1,厚嘴绿鸠,Thick-billed Green-Pigeon
thbpig3,厚嘴绿鸠 (绿眶),Thick-billed Green-Pigeon (Thick-billed)
thbpig2,厚嘴绿鸠 (hypothapsinus/smicrus),Thick-billed Green-Pigeon (Barusan)
gycpig1,Grey-cheeked Green Pigeon,Gray-cheeked Green-Pigeon
sugpig2,Sumba Green Pigeon,Sumba Green-Pigeon
flgpig1,Flores Green Pigeon,Flores Green-Pigeon
timgrp1,Timor Green Pigeon,Timor Green-Pigeon
lagpig1,Large Green Pigeon,Large Green-Pigeon
yefpig1,黄脚绿鸠,Yellow-footed Green-Pigeon
yefgrp6,黄脚绿鸠 (chlorigaster/phillipsi),Yellow-footed Green-Pigeon (Yellow-bellied)
yefgrp7,黄脚绿鸠 (灰腹),Yellow-footed Green-Pigeon (Gray-bellied)
brgpig1,Bruce's Green Pigeon,Bruce's Green-Pigeon
madgrp2,Comoro Green Pigeon,Comoro Green-Pigeon
madgrp1,Madagascar Green Pigeon,Madagascar Green-Pigeon
pegpig1,Pemba Green Pigeon,Pemba Green-Pigeon
stgpig1,Sao Tome Green Pigeon,Sao Tome Green-Pigeon
yevpig1,白腹针尾绿鸠,Yellow-vented Green-Pigeon
pitpig1,针尾绿鸠,Pin-tailed Green-Pigeon
afrgrp1,African Green Pigeon,African Green-Pigeon
afrgrp2,African Green Pigeon (African),African Green-Pigeon (African)
afrgrp3,African Green Pigeon (Grey-breasted),African Green-Pigeon (Gray-breasted)
gnspig1,Sumatran Green Pigeon,Sumatran Green-Pigeon
wetpig1,楔尾绿鸠,Wedge-tailed Green-Pigeon
whbpig1,红翅绿鸠,White-bellied Green-Pigeon
whgpig1,红顶绿鸠,Whistling Green-Pigeon
whigrp1,红顶绿鸠 (琉球),Whistling Green-Pigeon (Ryukyu)
whigrp2,红顶绿鸠 (台湾),Whistling Green-Pigeon (Taiwan)
treron1,未识别的绿鸠,green-pigeon sp.
sbfdov1,Scarlet-breasted Fruit Dove,Scarlet-breasted Fruit-Dove
wofdov1,Wompoo Fruit Dove,Wompoo Fruit-Dove
fbfdov1,Flame-breasted Fruit Dove,Flame-breasted Fruit-Dove
crbfrd1,Cream-breasted Fruit Dove,Cream-breasted Fruit-Dove
ybfdov2,Yellow-breasted Fruit Dove,Yellow-breasted Fruit-Dove
refdov1,Red-eared Fruit Dove,Red-eared Fruit-Dove
reefrd1,Red-eared Fruit Dove (Red-eared),Red-eared Fruit-Dove (Red-eared)
reefrd2,Red-eared Fruit Dove (Lompobattang),Red-eared Fruit-Dove (Lompobattang)
jafdov1,Jambu Fruit Dove,Jambu Fruit-Dove
bcfdov1,黑颏果鸠,Black-chinned Fruit-Dove
macfrd2,Sula Fruit Dove,Sula Fruit-Dove
macfrd1,Oberholser's Fruit Dove,Maroon-chinned Fruit-Dove
macfrd3,Banggai Fruit Dove,Banggai Fruit-Dove
sebpig1,Seychelles Blue Pigeon,Seychelles Blue-Pigeon
rodblp1,Rodrigues Blue Pigeon,Rodrigues Blue-Pigeon
cobpig1,Comoro Blue Pigeon,Comoro Blue-Pigeon
mabpig1,Madagascar Blue Pigeon,Madagascar Blue-Pigeon
mabpig2,Mauritius Blue Pigeon,Mauritius Blue-Pigeon
goldov1,Golden Dove,Golden Dove
veldov1,Whistling Dove,Whistling Dove
oradov1,Orange Dove,Orange Dove
nefdov1,Negros Fruit Dove,Negros Fruit-Dove
bknfrd1,Black-naped Fruit Dove,Black-naped Fruit-Dove
clfdov1,Cloven-feathered Dove,Cloven-feathered Dove
dwafrd1,Dwarf Fruit Dove,Dwarf Fruit-Dove
phfdov1,Pink-headed Fruit Dove,Pink-headed Fruit-Dove
bbfdov2,Black-banded Fruit Dove,Black-banded Fruit-Dove
bbfdov1,Banded Fruit Dove,Black-backed Fruit-Dove
rnfdov1,Red-naped Fruit Dove,Red-naped Fruit-Dove
sufdov1,Superb Fruit Dove,Superb Fruit-Dove
supfrd1,Superb Fruit Dove (Western),Superb Fruit-Dove (Western)
supfrd2,Superb Fruit Dove (Eastern),Superb Fruit-Dove (Eastern)
whbfrd1,White-bibbed Fruit Dove,White-breasted Fruit-Dove
whbfrd2,White-bibbed Fruit Dove (Moluccan),White-breasted Fruit-Dove (Moluccan)
whbfrd3,White-bibbed Fruit Dove (Mountain),White-breasted Fruit-Dove (Mountain)
whbfrd7,White-bibbed Fruit Dove (White bibbed),White-breasted Fruit-Dove (White-bibbed)
yebfrd1,Geelvink Fruit Dove,Geelvink Fruit-Dove
yebfrd2,Yellow-bibbed Fruit Dove,Yellow-bibbed Fruit-Dove
tafdov1,Tanna Fruit Dove,Tanna Fruit-Dove
obfdov1,Orange-bellied Fruit Dove,Orange-bellied Fruit-Dove
whfdov2,White-headed Fruit Dove,White-headed Fruit-Dove
cbfdov1,Claret-breasted Fruit Dove,Claret-breasted Fruit-Dove
clbfrd1,Claret-breasted Fruit Dove (Moluccan),Claret-breasted Fruit-Dove (Moluccan)
clbfrd7,Claret-breasted Fruit Dove (Northern),Claret-breasted Fruit-Dove (Northern)
clbfrd3,Claret-breasted Fruit Dove (Geelvink),Claret-breasted Fruit-Dove (Geelvink)
clbfrd5,Claret-breasted Fruit Dove (D'Entrecasteaux),Claret-breasted Fruit-Dove (D'Entrecasteaux)
clbfrd6,Claret-breasted Fruit Dove (Solomons),Claret-breasted Fruit-Dove (Solomons)
gyhfrd1,Grey-headed Fruit Dove,Gray-headed Fruit-Dove
cafdov1,Carunculated Fruit Dove,Carunculated Fruit-Dove
psfdov1,Pink-spotted Fruit Dove,Pink-spotted Fruit-Dove
wafdov1,Wallace's Fruit Dove,Wallace's Fruit-Dove
offdov1,Orange-fronted Fruit Dove,Orange-fronted Fruit-Dove
orfdov1,Ornate Fruit Dove,Ornate Fruit-Dove
ornfrd1,Ornate Fruit Dove (Western),Ornate Fruit-Dove (Western)
ornfrd2,Ornate Fruit Dove (Eastern),Ornate Fruit-Dove (Eastern)
kbfdov1,Knob-billed Fruit Dove,Knob-billed Fruit-Dove
befdov1,Beautiful Fruit Dove,Beautiful Fruit-Dove
bcfdov2,Blue-capped Fruit Dove,Blue-capped Fruit-Dove
cofdov1,Coroneted Fruit Dove,Coroneted Fruit-Dove
rcfdov1,Rose-crowned Fruit Dove,Rose-crowned Fruit-Dove
rocfrd6,Rose-crowned Fruit Dove (Grey-crowned),Rose-crowned Fruit-Dove (Gray-crowned)
rocfrd7,Rose-crowned Fruit Dove (Rosy-crowned),Rose-crowned Fruit-Dove (Rosy-crowned)
rmfdov1,Red-moustached Fruit Dove,Red-moustached Fruit-Dove
wcfdov1,White-capped Fruit Dove,White-capped Fruit-Dove
rbfdov1,Red-bellied Fruit Dove,Red-bellied Fruit-Dove
ccfdov1,Crimson-crowned Fruit Dove,Crimson-crowned Fruit-Dove
crcfrd1,Crimson-crowned Fruit Dove (Tongan),Crimson-crowned Fruit-Dove (Tongan)
crcfrd2,Crimson-crowned Fruit Dove (Samoan),Crimson-crowned Fruit-Dove (Samoan)
pafdov1,Palau Fruit Dove,Palau Fruit-Dove
mafdov2,Mariana Fruit Dove,Mariana Fruit-Dove
scfdov1,Silver-capped Fruit Dove,Silver-capped Fruit-Dove
mcfdov1,Many-colored Fruit Dove,Many-colored Fruit-Dove
pucfrd1,Purple-capped Fruit Dove,Purple-capped Fruit-Dove
rafdov1,Rapa Fruit Dove,Rapa Fruit-Dove
hifdov1,Henderson Fruit Dove,Henderson Island Fruit-Dove
atfdov1,Atoll Fruit Dove,Atoll Fruit-Dove
mafdov1,Makatea Fruit Dove,Makatea Fruit-Dove
cifdov1,Lilac-crowned Fruit Dove,Cook Islands Fruit-Dove
gygfrd2,Raiatea Fruit Dove,Raiatea Fruit-Dove
kosfrd1,Kosrae Fruit Dove,Kosrae Fruit-Dove
gygfrd1,Grey-green Fruit Dove,Gray-green Fruit-Dove
manfrd1,Manui Fruit Dove (undescribed form),Manui Fruit-Dove (undescribed form)
fruitd1,未识别的果鸠,fruit-dove sp.
pbipig1,Pink-bellied Imperial Pigeon,Pink-bellied Imperial-Pigeon
wbipig1,White-bellied Imperial Pigeon,White-bellied Imperial-Pigeon
miipig2,Mindoro Imperial Pigeon,Mindoro Imperial-Pigeon
gyhimp1,Grey-headed Imperial Pigeon,Gray-headed Imperial-Pigeon
spipig3,Spotted Imperial Pigeon,Spotted Imperial-Pigeon
gripig1,绿皇鸠,Green Imperial-Pigeon
grnimp1,绿皇鸠 (灰头),Green Imperial-Pigeon (Green)
grnimp3,绿皇鸠 (nuchalis),Green Imperial-Pigeon (Maroon-naped)
grnimp4,绿皇鸠 (paulina),Green Imperial-Pigeon (Rufous-naped)
grnimp5,Enggano Imperial Pigeon,Enggano Imperial-Pigeon
grnimp2,Nicobar Imperial Pigeon,Nicobar Imperial-Pigeon
wheimp2,Spectacled Imperial Pigeon,Spectacled Imperial-Pigeon
wheimp1,Seram Imperial Pigeon,Seram Imperial-Pigeon
elipig1,Elegant Imperial Pigeon,Elegant Imperial-Pigeon
paipig1,Pacific Imperial Pigeon,Pacific Imperial-Pigeon
rkipig1,Red-knobbed Imperial Pigeon,Red-knobbed Imperial-Pigeon
rekimp1,Red-knobbed Imperial Pigeon (Pink-necked),Red-knobbed Imperial-Pigeon (Pink-necked)
rekimp2,Red-knobbed Imperial Pigeon (Grey-necked),Red-knobbed Imperial-Pigeon (Gray-necked)
miipig1,Micronesian Imperial Pigeon,Micronesian Imperial-Pigeon
poipig1,Polynesian Imperial Pigeon,Polynesian Imperial-Pigeon
marimp1,Nuku Hiva Imperial Pigeon,Nuku Hiva Imperial-Pigeon
spipig1,Spice Imperial Pigeon,Spice Imperial-Pigeon
spiimp2,Geelvink Imperial Pigeon,Geelvink Imperial-Pigeon
ptipig1,Purple-tailed Imperial Pigeon,Purple-tailed Imperial-Pigeon
cbipig2,Cinnamon-bellied Imperial Pigeon,Cinnamon-bellied Imperial-Pigeon
cibimp1,Cinnamon-bellied Imperial Pigeon (Grey-naped),Cinnamon-bellied Imperial-Pigeon (Gray-naped)
cibimp2,Cinnamon-bellied Imperial Pigeon (Golden-naped),Cinnamon-bellied Imperial-Pigeon (Golden-naped)
fiipig1,Finsch's Imperial Pigeon,Finsch's Imperial-Pigeon
rufimp1,Rufescent Imperial Pigeon,Rufescent Imperial-Pigeon
rufimp2,Rufescent Imperial Pigeon (Purple-rumped),Rufescent Imperial-Pigeon (Purple-rumped)
rufimp3,Rufescent Imperial Pigeon (Green-rumped),Rufescent Imperial-Pigeon (Green-rumped)
isipig1,Island Imperial Pigeon,Island Imperial-Pigeon
phipig1,Pink-headed Imperial Pigeon,Pink-headed Imperial-Pigeon
ciipig1,Christmas Imperial Pigeon,Christmas Island Imperial-Pigeon
gryimp1,马来皇鸠,Gray Imperial-Pigeon
peipig1,Barking Imperial Pigeon,Barking Imperial-Pigeon
y01277,Metallic Pigeon/Barking Imperial-Pigeon,Metallic Pigeon/Barking Imperial-Pigeon
cbipig1,Chestnut-bellied Imperial Pigeon,Chestnut-bellied Imperial-Pigeon
baipig1,Vanuatu Imperial Pigeon,Baker's Imperial-Pigeon
ncipig1,Goliath Imperial Pigeon,New Caledonian Imperial-Pigeon
piipig2,Pinon's Imperial Pigeon,Pinon's Imperial-Pigeon
pinimp1,Pinon's Imperial Pigeon (Grey-headed),Pinon's Imperial-Pigeon (Gray-headed)
pinimp2,Pinon's Imperial Pigeon (Pink-headed),Pinon's Imperial-Pigeon (Pink-headed)
biipig1,Black Imperial Pigeon,Bismarck Imperial-Pigeon
coipig1,Collared Imperial Pigeon,Collared Imperial-Pigeon
zoeimp1,Zoe's Imperial Pigeon,Zoe's Imperial-Pigeon
mouimp1,Malabar Imperial Pigeon,Malabar Imperial-Pigeon
moipig1,山皇鸠,Mountain Imperial-Pigeon
dbipig1,Dark-backed Imperial Pigeon,Dark-backed Imperial-Pigeon
dabimp1,Dark-backed Imperial Pigeon (Grey-headed),Dark-backed Imperial-Pigeon (Gray-headed)
dabimp2,Dark-backed Imperial Pigeon (Pink-headed),Dark-backed Imperial-Pigeon (Pink-headed)
dabimp3,Dark-backed Imperial Pigeon (Grey-crowned),Dark-backed Imperial-Pigeon (Gray-crowned)
tiipig1,Timor Imperial Pigeon,Timor Imperial-Pigeon
piipig1,斑皇鸠,Pied Imperial-Pigeon
torimp2,Yellowish Imperial Pigeon,Yellowish Imperial-Pigeon
torimp1,Torresian Imperial Pigeon,Torresian Imperial-Pigeon
whiimp1,Silver-tipped Imperial Pigeon,Silver-tipped Imperial-Pigeon
imperi1,未识别的皇鸠,imperial-pigeon sp.
toppig1,Topknot Pigeon,Topknot Pigeon
nezpig2,New Zealand Pigeon,New Zealand Pigeon
noipig1,New Zealand Pigeon (Norfolk I.),New Zealand Pigeon (Norfolk I.)
nezpig1,New Zealand Pigeon (New Zealand),New Zealand Pigeon (New Zealand)
nezpig3,Chatham Islands Pigeon,Chatham Islands Pigeon
sompig2,Sombre Pigeon,Sombre Pigeon
pampig2,Papuan Mountain Pigeon,Papuan Mountain-Pigeon
lotmop1,Buru Mountain Pigeon,Buru Mountain-Pigeon
lotmop2,Seram Mountain Pigeon,Seram Mountain-Pigeon
pampig1,Pale Mountain Pigeon,Pale Mountain-Pigeon
dove1,未识别的鸠鸽类,pigeon/dove sp.
whbmes2,White-breasted Mesite,White-breasted Mesite
bromes1,Brown Mesite,Brown Mesite
submes1,Subdesert Mesite,Subdesert Mesite
tibsan1,西藏毛腿沙鸡,Tibetan Sandgrouse
palsan1,毛腿沙鸡,Pallas's Sandgrouse
pitsan1,Pin-tailed Sandgrouse,Pin-tailed Sandgrouse
pitsan2,Pin-tailed Sandgrouse (Iberian),Pin-tailed Sandgrouse (Iberian)
pitsan3,Pin-tailed Sandgrouse (Pin-tailed),Pin-tailed Sandgrouse (Pin-tailed)
namsan1,Namaqua Sandgrouse,Namaqua Sandgrouse
chbsan,Chestnut-bellied Sandgrouse,Chestnut-bellied Sandgrouse
chbsan1,Chestnut-bellied Sandgrouse (African),Chestnut-bellied Sandgrouse (African)
chbsan2,Chestnut-bellied Sandgrouse (Arabian),Chestnut-bellied Sandgrouse (Arabian)
chbsan3,Chestnut-bellied Sandgrouse (Asian),Chestnut-bellied Sandgrouse (Asian)
sposan1,Spotted Sandgrouse,Spotted Sandgrouse
blbsan1,黑腹沙鸡,Black-bellied Sandgrouse
yetsan1,Yellow-throated Sandgrouse,Yellow-throated Sandgrouse
crosan1,Crowned Sandgrouse,Crowned Sandgrouse
blfsan1,Black-faced Sandgrouse,Black-faced Sandgrouse
madsan1,Madagascar Sandgrouse,Madagascar Sandgrouse
licsan1,Lichtenstein's Sandgrouse,Lichtenstein's Sandgrouse
licsan2,Lichtenstein's Sandgrouse (Lichtenstein's),Lichtenstein's Sandgrouse (Lichtenstein's)
licsan3,Lichtenstein's Sandgrouse (Close-barred),Lichtenstein's Sandgrouse (Close-barred)
dobsan1,Double-banded Sandgrouse,Double-banded Sandgrouse
fobsan1,Four-banded Sandgrouse,Four-banded Sandgrouse
paisan1,Painted Sandgrouse,Painted Sandgrouse
bursan1,Burchell's Sandgrouse,Burchell's Sandgrouse
sandgr1,sandgrouse sp.,sandgrouse sp.
grebus1,大鸨,Great Bustard
arabus1,Arabian Bustard,Arabian Bustard
korbus1,Kori Bustard,Kori Bustard
indbus1,Great Indian Bustard,Great Indian Bustard
ausbus1,Australian Bustard,Australian Bustard
houbus1,African Houbara,African Houbara
houbus2,African Houbara (Canary Is.),African Houbara (Canary Is.)
houbus3,African Houbara (North African),African Houbara (North African)
macbus1,波斑鸨,Asian Houbara
ludbus1,Ludwig's Bustard,Ludwig's Bustard
stabus1,Denham's Bustard,Denham's Bustard
denbus1,Denham's Bustard (Denham's),Denham's Bustard (Denham's)
denbus2,Denham's Bustard (Jackson's),Denham's Bustard (Jackson's)
denbus3,Denham's Bustard (Stanley's),Denham's Bustard (Stanley's)
heubus1,Heuglin's Bustard,Heuglin's Bustard
nubbus1,Nubian Bustard,Nubian Bustard
whbbus2,White-bellied Bustard,White-bellied Bustard
whbbus1,White-bellied Bustard (White-bellied),White-bellied Bustard (White-bellied)
whbbus3,White-bellied Bustard (Barrow's),White-bellied Bustard (Barrow's)
blubus1,Blue Korhaan,Blue Bustard
karbus1,Karoo Korhaan,Karoo Bustard
ruebus1,Rüppell's Korhaan,Rüppell's Bustard
libbus1,Little Brown Bustard,Little Brown Bustard
savbus1,Savile's Bustard,Savile's Bustard
bucbus1,Buff-crested Bustard,Buff-crested Bustard
recbus1,Red-crested Korhaan,Red-crested Bustard
blabus3,Southern Black Korhaan,Black Bustard
whqbus1,Northern Black Korhaan,White-quilled Bustard
bkbbus1,Black-bellied Bustard,Black-bellied Bustard
harbus2,Hartlaub's Bustard,Hartlaub's Bustard
benflo2,南亚鸨,Bengal Florican
lesflo2,Lesser Florican,Lesser Florican
litbus1,小鸨,Little Bustard
bustar1,未识别的鸨类,bustard sp.
grbtur1,Great Blue Turaco,Great Blue Turaco
grygab1,Grey Go-away-bird,Gray Go-away-bird
bfgbir1,Bare-faced Go-away-bird,Bare-faced Go-away-bird
bafgab1,Bare-faced Go-away-bird (Brown-faced),Bare-faced Go-away-bird (Brown-faced)
bafgab2,Bare-faced Go-away-bird (Black-faced),Bare-faced Go-away-bird (Black-faced)
wbgbir1,White-bellied Go-away-bird,White-bellied Go-away-bird
wesple1,Western Plantain-eater,Western Plantain-eater
easple1,Eastern Plantain-eater,Eastern Plantain-eater
ruwtur2,Rwenzori Turaco,Rwenzori Turaco
ruwtur1,Rwenzori Turaco (Rwenzori),Rwenzori Turaco (Rwenzori)
ruwtur3,Rwenzori Turaco (Mt. Kabobo),Rwenzori Turaco (Mt. Kabobo)
ruwtur4,Rwenzori Turaco (Kivu),Rwenzori Turaco (Kivu)
puctur2,Purple-crested Turaco,Purple-crested Turaco
whctur1,White-cheeked Turaco,White-cheeked Turaco
whctur3,White-cheeked Turaco (White-cheeked),White-cheeked Turaco (White-cheeked)
whctur4,White-cheeked Turaco (Donaldson's),White-cheeked Turaco (Donaldson's)
prrtur1,Ruspoli's Turaco,Prince Ruspoli's Turaco
x00800,White-cheeked x Ruspoli's Turaco (hybrid),White-cheeked x Prince Ruspoli's Turaco (hybrid)
viotur1,Violet Turaco,Violet Turaco
rostur1,Ross's Turaco,Ross's Turaco
yebtur1,Yellow-billed Turaco,Yellow-billed Turaco
yebtur2,Yellow-billed Turaco (Yellow-billed),Yellow-billed Turaco (Yellow-billed)
yebtur3,Yellow-billed Turaco (Verreaux's),Yellow-billed Turaco (Verreaux's)
bantur1,Bannerman's Turaco,Bannerman's Turaco
whctur2,White-crested Turaco,White-crested Turaco
blbtur1,Black-billed Turaco,Black-billed Turaco
bkbtur1,Black-billed Turaco (Green-rumped),Black-billed Turaco (Green-rumped)
bkbtur2,Black-billed Turaco (Black-rumped),Black-billed Turaco (Black-rumped)
schtur1,Schalow's Turaco,Schalow's Turaco
rectur1,Red-crested Turaco,Red-crested Turaco
guitur1,Guinea Turaco,Guinea Turaco
guitur2,Guinea Turaco (Buffon's),Guinea Turaco (Buffon's)
guitur3,Guinea Turaco (Guinea),Guinea Turaco (Guinea)
hartur1,Hartlaub's Turaco,Hartlaub's Turaco
fistur1,Fischer's Turaco,Fischer's Turaco
fistur2,Fischer's Turaco (Fischer's),Fischer's Turaco (Fischer's)
fistur3,Fischer's Turaco (Zanzibar),Fischer's Turaco (Zanzibar)
livtur1,Livingstone's Turaco,Livingstone's Turaco
knytur1,Knysna Turaco,Knysna Turaco
knytur2,Knysna Turaco (Northern),Knysna Turaco (Northern)
knytur3,Knysna Turaco (Southern),Knysna Turaco (Southern)
taurac1,Tauraco sp.,Tauraco sp.
turaco1,turaco sp.,turaco sp.
guicuc1,Guira Cuckoo,Guira Cuckoo
greani1,Greater Ani,Greater Ani
smbani,Smooth-billed Ani,Smooth-billed Ani
grbani,Groove-billed Ani,Groove-billed Ani
y00498,Smooth-billed/Groove-billed Ani,Smooth-billed/Groove-billed Ani
strcuc1,Striped Cuckoo,Striped Cuckoo
phecuc1,Pheasant Cuckoo,Pheasant Cuckoo
pavcuc1,Pavonine Cuckoo,Pavonine Cuckoo
legcuc1,Lesser Ground Cuckoo,Lesser Ground-Cuckoo
lesroa1,Lesser Roadrunner,Lesser Roadrunner
greroa,Greater Roadrunner,Greater Roadrunner
y00957,Lesser/Greater Roadrunner,Lesser/Greater Roadrunner
rvgcuc1,Rufous-vented Ground Cuckoo,Rufous-vented Ground-Cuckoo
ruvgrc7,Rufous-vented Ground Cuckoo (Western),Rufous-vented Ground-Cuckoo (Western)
ruvgrc8,Rufous-vented Ground Cuckoo (Amazonian),Rufous-vented Ground-Cuckoo (Amazonian)
ruvgrc6,Rufous-vented Ground Cuckoo (Atlantic),Rufous-vented Ground-Cuckoo (Atlantic)
scgcuc1,Scaled Ground Cuckoo,Scaled Ground-Cuckoo
bagcuc1,Banded Ground Cuckoo,Banded Ground-Cuckoo
rwgcuc1,Rufous-winged Ground Cuckoo,Rufous-winged Ground-Cuckoo
rbgcuc1,Red-billed Ground Cuckoo,Red-billed Ground-Cuckoo
sugcuc1,Sumatran Ground Cuckoo,Sumatran Ground-Cuckoo
bogcuc1,Bornean Ground Cuckoo,Bornean Ground-Cuckoo
cbgcuc1,Coral-billed Ground Cuckoo,Coral-billed Ground-Cuckoo
crecou1,Crested Coua,Crested Coua
crecou2,Crested Coua (Crested),Crested Coua (Crested)
crecou7,Crested Coua (Chestnut-vented),Crested Coua (Chestnut-vented)
vercou1,Verreaux's Coua,Verreaux's Coua
blucou1,Blue Coua,Blue Coua
reccou2,Red-capped Coua,Red-capped Coua
reccou3,Olive-capped Coua,Olive-capped Coua
refcou1,Red-fronted Coua,Red-fronted Coua
coqcou1,Coquerel's Coua,Coquerel's Coua
runcou1,Running Coua,Running Coua
giacou1,Giant Coua,Giant Coua
snecou1,Snail-eating Coua,Snail-eating Coua
rebcou1,Red-breasted Coua,Red-breasted Coua
coua1,coua sp.,coua sp.
buhcou1,Buff-headed Coucal,Buff-headed Coucal
piecou1,White-necked Coucal,Pied Coucal
biacou1,Biak Coucal,Biak Coucal
grbcou1,Ivory-billed Coucal,Greater Black Coucal
rufcou1,Rufous Coucal,Rufous Coucal
grbcou2,Green-billed Coucal,Green-billed Coucal
blfcou1,Black-faced Coucal,Black-faced Coucal
shtcou1,Short-toed Coucal,Short-toed Coucal
blhcou1,Black-hooded Coucal,Black-hooded Coucal
baycou1,Bay Coucal,Bay Coucal
gabcou1,Gabon Coucal,Gabon Coucal
bltcou1,Black-throated Coucal,Black-throated Coucal
sencou1,Senegal Coucal,Senegal Coucal
blhcou2,Blue-headed Coucal,Blue-headed Coucal
cotcou1,Coppery-tailed Coucal,Coppery-tailed Coucal
whbcou2,White-browed Coucal,White-browed Coucal
whbcou3,Burchell's Coucal,Burchell's Coucal
x01122,White-browed x Burchell's Coucal (hybrid),White-browed x Burchell's Coucal (hybrid)
whbcou1,White-browed/Burchell's Coucal,White-browed/Burchell's Coucal
suncou1,Sunda Coucal,Sunda Coucal
andcou1,Andaman Coucal,Andaman Coucal
grecou1,褐翅鸦鹃,Greater Coucal
grecou2,褐翅鸦鹃 (广布),Greater Coucal (Greater)
grecou3,褐翅鸦鹃 (parroti),Greater Coucal (Southern)
golcou1,Goliath Coucal,Goliath Coucal
madcou1,Malagasy Coucal,Malagasy Coucal
blacou1,Black Coucal,Black Coucal
phicou1,Philippine Coucal,Philippine Coucal
lescou1,小鸦鹃,Lesser Coucal
y01087,褐翅鸦鹃/小鸦鹃,Greater/Lesser Coucal
viocou1,Violaceous Coucal,Violaceous Coucal
lebcou1,Black-billed Coucal,Lesser Black Coucal
phecou2,Pheasant/Kai Coucal,Pheasant Coucal
phecou3,Pheasant Coucal (Timor),Pheasant Coucal (Timor)
kaicou1,Kai Coucal,Pheasant Coucal (Kai)
phecou1,Pheasant Coucal,Pheasant Coucal (Pheasant)
coucal1,未识别的鸦鹃,coucal sp.
rafmal1,Raffles's Malkoha,Raffles's Malkoha
yellow5,Blue Malkoha,Blue Malkoha
yellow6,Green Malkoha,Green Malkoha
sirmal1,Sirkeer Malkoha,Sirkeer Malkoha
rebmal2,Red-billed Malkoha,Red-billed Malkoha
chbmal2,Chestnut-breasted Malkoha,Chestnut-breasted Malkoha
chbmal3,Mentawai Malkoha,Mentawai Malkoha
chbmal1,Chestnut-bellied Malkoha,Chestnut-bellied Malkoha
refmal1,Red-faced Malkoha,Red-faced Malkoha
blfmal1,Blue-faced Malkoha,Blue-faced Malkoha
blbmal1,Black-bellied Malkoha,Black-bellied Malkoha
grbmal1,绿嘴地鹃,Green-billed Malkoha
yebmal1,Yellow-billed Malkoha,Yellow-billed Malkoha
recmal1,Rough-crested Malkoha,Red-crested Malkoha
scfmal1,Scale-feathered Malkoha,Scale-feathered Malkoha
malkoh1,malkoha sp.,malkoha sp.
chwcuc1,红翅凤头鹃,Chestnut-winged Cuckoo
grscuc1,Great Spotted Cuckoo,Great Spotted Cuckoo
levcuc1,Levaillant's Cuckoo,Levaillant's Cuckoo
piecuc1,斑翅凤头鹃,Pied Cuckoo
litcuc2,Little Cuckoo,Little Cuckoo
dwacuc1,Dwarf Cuckoo,Dwarf Cuckoo
asccuc1,Ash-colored Cuckoo,Ash-colored Cuckoo
squcuc2,Squirrel Cuckoo (West Mexico),Mexican Squirrel-Cuckoo
squcuc1,Squirrel Cuckoo (Common Squirrel Cuckoo),Common Squirrel-Cuckoo
squcuc3,Squirrel Cuckoo (Middle America),Common Squirrel-Cuckoo (Middle American)
squcuc5,Squirrel Cuckoo (nigricrissa),Common Squirrel-Cuckoo (nigricrissa)
squcuc4,Squirrel Cuckoo (Amazonian),Common Squirrel-Cuckoo (Amazonian)
x01173,Squirrel Cuckoo (Mexican x Common),Mexican x Common Squirrel-Cuckoo (hybrid)
y01346,Squirrel Cuckoo,Mexican/Common Squirrel-Cuckoo
blbcuc1,Black-bellied Cuckoo,Black-bellied Cuckoo
y00857,Squirrel/Black-bellied Cuckoo,Common Squirrel-Cuckoo/Black-bellied Cuckoo
dabcuc1,Dark-billed Cuckoo,Dark-billed Cuckoo
yebcuc,Yellow-billed Cuckoo,Yellow-billed Cuckoo
pebcuc1,Pearly-breasted Cuckoo,Pearly-breasted Cuckoo
y00958,Yellow-billed/Pearly-breasted Cuckoo,Yellow-billed/Pearly-breasted Cuckoo
mancuc,Mangrove Cuckoo,Mangrove Cuckoo
coccuc1,Cocos Cuckoo,Cocos Cuckoo
bkbcuc,Black-billed Cuckoo,Black-billed Cuckoo
y00616,Yellow-billed/Black-billed Cuckoo,Yellow-billed/Black-billed Cuckoo
gyccuc,Grey-capped Cuckoo,Gray-capped Cuckoo
chbcuc4,Chestnut-bellied Cuckoo,Chestnut-bellied Cuckoo
babcuc4,Bay-breasted Cuckoo,Bay-breasted Cuckoo
jamlic1,Jamaican Lizard Cuckoo,Jamaican Lizard-Cuckoo
purlic1,Puerto Rican Lizard Cuckoo,Puerto Rican Lizard-Cuckoo
grelic1,Great Lizard Cuckoo,Great Lizard-Cuckoo
grelic2,Great Lizard Cuckoo (Bahamas),Great Lizard-Cuckoo (Bahamas)
grelic3,Great Lizard Cuckoo (Cuban),Great Lizard-Cuckoo (Cuban)
hislic1,Hispaniolan Lizard Cuckoo,Hispaniolan Lizard-Cuckoo
coccyz1,Coccyzus sp.,Coccyzus sp.
sthcuc1,St. Helena Cuckoo,St. Helena Cuckoo
thbcuc1,Thick-billed Cuckoo,Thick-billed Cuckoo
thbcuc2,Thick-billed Cuckoo (African),Thick-billed Cuckoo (African)
thbcuc3,Thick-billed Cuckoo (Madagascar),Thick-billed Cuckoo (Madagascar)
dwakoe1,Dwarf Koel,Dwarf Koel
asikoe2,噪鹃,Asian Koel
bkbkoe1,Black-billed Koel,Black-billed Koel
asikoe3,Pacific Koel,Pacific Koel
packoe1,Pacific Koel (Oriental),Pacific Koel (Oriental)
packoe2,Pacific Koel (Australian),Pacific Koel (Australian)
y01377,Asian/Pacific Koel,Asian/Pacific Koel
y01378,Black-billed/Pacific Koel,Black-billed/Pacific Koel
eudyna1,Eudynamys sp.,Eudynamys sp.
lotkoe1,Pacific Long-tailed Cuckoo,Long-tailed Koel
chbcuc2,Channel-billed Cuckoo,Channel-billed Cuckoo
asecuc1,翠金鹃,Asian Emerald Cuckoo
viocuc1,紫金鹃,Violet Cuckoo
y00855,翠金鹃/紫金鹃,Asian Emerald/Violet Cuckoo
didcuc1,Diederik Cuckoo,Dideric Cuckoo
klacuc1,Klaas's Cuckoo,Klaas's Cuckoo
y00856,Diederik/Klaas's Cuckoo,Dideric/Klaas's Cuckoo
yetcuc1,Yellow-throated Cuckoo,Yellow-throated Cuckoo
afecuc1,African Emerald Cuckoo,African Emerald Cuckoo
afecuc2,African Emerald Cuckoo (African),African Emerald Cuckoo (African)
afecuc3,African Emerald Cuckoo (Bioko),African Emerald Cuckoo (Bioko)
afecuc4,African Emerald Cuckoo (Insular),African Emerald Cuckoo (Insular)
chryso2,Chrysococcyx sp.,Chrysococcyx sp.
lobcuc1,Long-billed Cuckoo,Long-billed Cuckoo
hobcuc1,霍氏金鹃,Horsfield's Bronze-Cuckoo
blecuc1,Black-eared Cuckoo,Black-eared Cuckoo
rtbcuc1,Rufous-throated Bronze Cuckoo,Rufous-throated Bronze-Cuckoo
shbcuc1,Shining Bronze Cuckoo,Shining Bronze-Cuckoo
shibrc1,Shining Bronze Cuckoo (Solomon Is.),Shining Bronze-Cuckoo (Solomons)
shibrc2,Shining Bronze Cuckoo (New Caledonian),Shining Bronze-Cuckoo (New Caledonian)
shibrc3,Shining Bronze Cuckoo (Shining),Shining Bronze-Cuckoo (Shining)
shibrc4,Shining Bronze Cuckoo (Golden),Shining Bronze-Cuckoo (Golden)
webcuc1,White-eared Bronze Cuckoo,White-eared Bronze-Cuckoo
libcuc1,Little Bronze Cuckoo,Little Bronze-Cuckoo
litbrc1,Little Bronze Cuckoo (Little),Little Bronze-Cuckoo (Little)
litbrc2,Little Bronze Cuckoo (Gould's),Little Bronze-Cuckoo (Gould's)
litbrc3,Little Bronze Cuckoo (Banda),Little Bronze-Cuckoo (Banda)
y00854,Shining/Little Bronze Cuckoo,Shining/Little Bronze-Cuckoo
litbrc5,Pied Bronze Cuckoo,Pied Bronze-Cuckoo
bronze1,bronze cuckoo sp.,bronze-cuckoo sp.
chalci1,Chalcites sp.,Chalcites sp.
chryso1,Chrysococcyx/Chalcites sp.,Chrysococcyx/Chalcites sp.
palcuc1,Pallid Cuckoo,Pallid Cuckoo
whckoe1,White-crowned Cuckoo,White-crowned Cuckoo
chbcuc3,Chestnut-breasted Cuckoo,Chestnut-breasted Cuckoo
fatcuc1,Fan-tailed Cuckoo,Fan-tailed Cuckoo
fatcuc7,Fan-tailed Cuckoo (Sahul),Fan-tailed Cuckoo (Sahul)
fatcuc4,Fan-tailed Cuckoo (New Caledonian),Fan-tailed Cuckoo (New Caledonian)
fatcuc5,Fan-tailed Cuckoo (Vanuatu),Fan-tailed Cuckoo (Vanuatu)
fatcuc6,Fan-tailed Cuckoo (Fiji),Fan-tailed Cuckoo (Fiji)
y01325,Chestnut-breasted/Fan-tailed Cuckoo,Chestnut-breasted/Fan-tailed Cuckoo
babcuc2,栗斑杜鹃,Banded Bay Cuckoo
placuc1,八声杜鹃,Plaintive Cuckoo
placuc3,灰腹杜鹃,Gray-bellied Cuckoo
y00783,八声杜鹃/灰腹杜鹃,Plaintive/Gray-bellied Cuckoo
brucuc2,Sunda Brush Cuckoo,Sunda Brush Cuckoo
brucuc5,Sulawesi Brush Cuckoo,Sulawesi Brush Cuckoo
molcuc1,Moluccan Brush Cuckoo,Moluccan Brush Cuckoo
brucuc3,Sahul Brush Cuckoo,Sahul Brush Cuckoo
y01336,Sunda/Sahul Brush Cuckoo,Sunda/Sahul Brush Cuckoo
y01332,Moluccan/Sahul Brush Cuckoo,Moluccan/Sahul Brush Cuckoo
brucuc15,Brush Cuckoo (Tanimbar),Tanimbar Brush Cuckoo (undescribed form)
brucuc13,Solomons Brush Cuckoo,Solomons Brush Cuckoo
brucuc10,Manus Brush Cuckoo,Manus Brush Cuckoo
cacoma1,Cacomantis sp.,Cacomantis sp.
dltcuc1,Dusky Long-tailed Cuckoo,Dusky Long-tailed Cuckoo
oltcuc1,Olive Long-tailed Cuckoo,Olive Long-tailed Cuckoo
bltcuc1,Barred Long-tailed Cuckoo,Barred Long-tailed Cuckoo
bltcuc2,Barred Long-tailed Cuckoo (Njombo's),Barred Long-tailed Cuckoo (Njombo's)
bltcuc3,Barred Long-tailed Cuckoo (Eastern),Barred Long-tailed Cuckoo (Eastern)
cercoc1,Cercococcyx sp.,Cercococcyx sp.
asidrc2,叉尾乌鹃,Fork-tailed Drongo-Cuckoo
phidrc1,Philippine Drongo-Cuckoo,Philippine Drongo-Cuckoo
asidrc3,乌鹃,Square-tailed Drongo-Cuckoo
y00784,叉尾乌鹃/乌鹃,Fork-tailed/Square-tailed Drongo-Cuckoo
asidrc4,Moluccan Drongo-Cuckoo,Moluccan Drongo-Cuckoo
mohcuc1,Moustached Hawk-Cuckoo,Moustached Hawk-Cuckoo
larhac2,大鹰鹃,Large Hawk-Cuckoo
larhac1,Dark Hawk-Cuckoo,Dark Hawk-Cuckoo
lahcuc1,Large/Dark Hawk-Cuckoo,Large/Dark Hawk-Cuckoo
cohcuc1,普通鹰鹃,Common Hawk-Cuckoo
y01091,大鹰鹃/普通鹰鹃,Large/Common Hawk-Cuckoo
nohcuc1,北棕腹鹰鹃 (北鹰鹃),Northern Hawk-Cuckoo
phhcuc1,Philippine Hawk-Cuckoo,Philippine Hawk-Cuckoo
hodhac1,棕腹鹰鹃 (霍氏鹰鹃),Hodgson's Hawk-Cuckoo
malhac1,Malaysian Hawk-Cuckoo,Malaysian Hawk-Cuckoo
hawkcu1,未识别的鹰鹃,hawk-cuckoo sp.
blacuc1,Black Cuckoo,Black Cuckoo
blkcuc1,Black Cuckoo (Rufous-throated),Black Cuckoo (Rufous-throated)
blkcuc2,Black Cuckoo (Black),Black Cuckoo (Black)
reccuc1,Red-chested Cuckoo,Red-chested Cuckoo
lescuc1,小杜鹃,Lesser Cuckoo
suhcuc1,Sulawesi Cuckoo,Sulawesi Cuckoo
indcuc1,四声杜鹃,Indian Cuckoo
y01093,小杜鹃/四声杜鹃,Lesser/Indian Cuckoo
afrcuc1,African Cuckoo,African Cuckoo
madcuc1,Madagascar Cuckoo,Madagascar Cuckoo
himcuc1,中杜鹃,Himalayan Cuckoo
suncuc2,Sunda Cuckoo,Sunda Cuckoo
comcuc,大杜鹃,Common Cuckoo
y00853,African/Common Cuckoo,African/Common Cuckoo
oricuc2,东方中杜鹃 (北方中杜鹃),Oriental Cuckoo
y01094,小杜鹃/东方中杜鹃,Lesser/Oriental Cuckoo
y00730,中杜鹃/东方中杜鹃,Himalayan/Oriental Cuckoo
y00729,大杜鹃/东方中杜鹃,Common/Oriental Cuckoo
cuculu1,未识别的Cuculus属杜鹃,Cuculus sp.
cuckoo3,未识别的杜鹃类,cuckoo sp. (Cuculidae sp.)
sponig1,Spotted Nightjar,Spotted Nightjar
solnig1,Solomons Nightjar,Solomons Nightjar
necnig2,New Caledonian Nightjar,New Caledonian Nightjar
whtnig3,White-throated Nightjar,White-throated Nightjar
dianig1,Satanic Nightjar,Diabolical Nightjar
papnig1,Papuan Nightjar,Papuan Nightjar
arcnig1,Archbold's Nightjar,Archbold's Nightjar
malnig1,Malaysian Eared Nightjar,Malaysian Eared-Nightjar
grenig1,毛腿耳夜鹰,Great Eared-Nightjar
greean6,毛腿耳夜鹰 (亚洲大陆),Great Eared-Nightjar (Great)
greean3,毛腿耳夜鹰 (jacobsoni),Great Eared-Nightjar (Simeulue)
greean4,毛腿耳夜鹰 (macrotis),Great Eared-Nightjar (Philippine)
greean5,毛腿耳夜鹰 (macropterus),Great Eared-Nightjar (Sulawesi)
colnig1,Collared Nightjar,Collared Nightjar
nacnig1,Nacunda Nighthawk,Nacunda Nighthawk
leanig1,Least Nighthawk,Least Nighthawk
sacnig1,Sand-colored Nighthawk,Sand-colored Nighthawk
lesnig,Lesser Nighthawk,Lesser Nighthawk
comnig,Common Nighthawk,Common Nighthawk
antnig,Antillean Nighthawk,Antillean Nighthawk
y01174,Common/Antillean Nighthawk,Common/Antillean Nighthawk
nighth1,nighthawk sp.,nighthawk sp.
shtnig1,Short-tailed Nighthawk,Short-tailed Nighthawk
shtnig2,Short-tailed Nighthawk (Short-tailed),Short-tailed Nighthawk (Short-tailed)
shtnig3,Short-tailed Nighthawk (nattereri),Short-tailed Nighthawk (nattereri)
rubnig1,Rufous-bellied Nighthawk,Rufous-bellied Nighthawk
batnig1,Band-tailed Nighthawk,Band-tailed Nighthawk
batnig3,Band-tailed Nighthawk (Band-tailed),Band-tailed Nighthawk (Band-tailed)
batnig4,Band-tailed Nighthawk (latifascia),Band-tailed Nighthawk (latifascia)
bahnig1,Plain-tailed Nighthawk,Bahian Nighthawk
blanig1,Blackish Nightjar,Blackish Nightjar
pygnig1,Pygmy Nightjar,Pygmy Nightjar
compau,Pauraque,Common Pauraque
scrnig1,Anthony's Nightjar,Scrub Nightjar
rornig1,Roraiman Nightjar,Roraiman Nightjar
swtnig1,Swallow-tailed Nightjar,Swallow-tailed Nightjar
lytnig1,Lyre-tailed Nightjar,Lyre-tailed Nightjar
bawnig3,Tschudi's Nightjar,Tschudi's Nightjar
samnig1,Todd's Nightjar,Todd's Nightjar
litnig1,Little Nightjar,Little Nightjar
caynig1,Cayenne Nightjar,Cayenne Nightjar
sptnig1,Spot-tailed Nightjar,Spot-tailed Nightjar
bawnig1,Band-winged Nightjar,Band-winged Nightjar
bawnig5,Band-winged Nightjar (Tepui),Band-winged Nightjar (Tepui)
bawnig6,Band-winged Nightjar (Rufous-naped),Band-winged Nightjar (Rufous-naped)
bawnig7,Band-winged Nightjar (atripunctata),Band-winged Nightjar (atripunctata)
bawnig8,Band-winged Nightjar (Austral),Band-winged Nightjar (Austral)
bawnig9,Band-winged Nightjar (longirostris),Band-winged Nightjar (longirostris)
bawnig4,Band-winged Nightjar (Mocha),Band-winged Nightjar (Mocha)
whwnig1,White-winged Nightjar,White-winged Nightjar
siwnig1,Sickle-winged Nightjar,Sickle-winged Nightjar
whtnig1,White-tailed Nightjar,White-tailed Nightjar
latnig1,Ladder-tailed Nightjar,Ladder-tailed Nightjar
sctnig2,Scissor-tailed Nightjar,Scissor-tailed Nightjar
lotnig2,Long-trained Nightjar,Long-trained Nightjar
hydrop1,Hydropsalis sp.,Hydropsalis sp.
jampau,Jamaican Poorwill,Jamaican Pauraque
leapau1,Least Poorwill,Least Pauraque
earpoo1,Eared Poorwill,Eared Poorwill
yucpoo1,Yucatan Poorwill,Yucatan Poorwill
ocepoo1,Ocellated Poorwill,Ocellated Poorwill
chopoo1,Choco Poorwill,Choco Poorwill
compoo,Common Poorwill,Common Poorwill
chwwid,Chuck-will's-widow,Chuck-will's-widow
rufnig1,Rufous Nightjar,Rufous Nightjar
rufnig2,Rufous Nightjar (South American),Rufous Nightjar (South American)
rufnig4,Rufous Nightjar (St. Lucia),Rufous Nightjar (St. Lucia)
rufnig3,Rufous Nightjar (Northern),Rufous Nightjar (Northern)
granig2,Cuban Nightjar,Cuban Nightjar
granig3,Hispaniolan Nightjar,Hispaniolan Nightjar
tacnig1,Tawny-collared Nightjar,Tawny-collared Nightjar
yucnig1,Yucatan Nightjar,Yucatan Nightjar
sitnig1,Silky-tailed Nightjar,Silky-tailed Nightjar
bucnig,Buff-collared Nightjar,Buff-collared Nightjar
easwpw1,Eastern Whip-poor-will,Eastern Whip-poor-will
dusnig1,Dusky Nightjar,Dusky Nightjar
souwpw1,Mexican Whip-poor-will,Mexican Whip-poor-will
whpwil,Eastern/Mexican Whip-poor-will,Eastern/Mexican Whip-poor-will
purnig1,Puerto Rican Nightjar,Puerto Rican Nightjar
antros1,Antrostomus sp.,Antrostomus sp.
bronig1,Brown Nightjar,Brown Nightjar
pewnig1,Pennant-winged Nightjar,Pennant-winged Nightjar
stwnig1,Standard-winged Nightjar,Standard-winged Nightjar
rennig1,Red-necked Nightjar,Red-necked Nightjar
grynig2,印度夜鹰,Jungle Nightjar
grynig1,普通夜鹰,Gray Nightjar
granig,印度夜鹰/普通夜鹰,Jungle/Gray Nightjar
palnig1,Palau Nightjar,Palau Nightjar
eurnig1,欧夜鹰,Eurasian Nightjar
y00677,Red-necked/European Nightjar,Red-necked/Eurasian Nightjar
somnig1,Sombre Nightjar,Sombre Nightjar
rucnig1,Rufous-cheeked Nightjar,Rufous-cheeked Nightjar
egynig1,埃及夜鹰,Egyptian Nightjar
nubnig1,Nubian Nightjar,Nubian Nightjar
nubnig2,Nubian Nightjar (Nubian),Nubian Nightjar (Nubian)
nubnig3,Nubian Nightjar (Torrid),Nubian Nightjar (Torrid)
nubnig4,Nubian Nightjar (Socotra),Nubian Nightjar (Socotra)
syknig1,Sykes's Nightjar,Sykes's Nightjar
golnig1,Golden Nightjar,Golden Nightjar
latnig2,长尾夜鹰,Large-tailed Nightjar
timnig1,Timor Nightjar,Timor Nightjar
andnig1,Andaman Nightjar,Andaman Nightjar
meenig1,Mees's Nightjar,Mees's Nightjar
jernig1,Jerdon's Nightjar,Jerdon's Nightjar
phinig1,Philippine Nightjar,Philippine Nightjar
sulnig1,Sulawesi Nightjar,Sulawesi Nightjar
dosnig1,Donaldson Smith's Nightjar,Donaldson Smith's Nightjar
finnig1,Fiery-necked Nightjar,Fiery-necked Nightjar
bksnig1,Fiery-necked Nightjar (Black-shouldered),Fiery-necked Nightjar (Black-shouldered)
finnig6,Fiery-necked Nightjar (Fiery-necked),Fiery-necked Nightjar (Fiery-necked)
monnig1,Montane Nightjar,Montane Nightjar
abynig1,Montane Nightjar (Abyssinian),Montane Nightjar (Abyssinian)
monnig2,Montane Nightjar (Rwenzori),Montane Nightjar (Rwenzori)
indnig1,Indian Nightjar,Indian Nightjar
madnig1,Madagascar Nightjar,Madagascar Nightjar
swanig1,Swamp Nightjar,Swamp Nightjar
planig1,Plain Nightjar,Plain Nightjar
stsnig1,Star-spotted Nightjar,Star-spotted Nightjar
necnig1,Nechisar Nightjar,Nechisar Nightjar
savnig1,林夜鹰,Savanna Nightjar
savnig12,林夜鹰 (北方),Savanna Nightjar (Northern)
savnig13,林夜鹰 [affinis Group],Savanna Nightjar (Sunda)
kaynig1,Chirruping Nightjar,Chirruping Nightjar
frenig1,Freckled Nightjar,Freckled Nightjar
bonnig1,Bonaparte's Nightjar,Bonaparte's Nightjar
salnig1,Salvadori's Nightjar,Salvadori's Nightjar
itonig1,Prigogine's Nightjar,Itombwe Nightjar
batnig2,Bates's Nightjar,Bates's Nightjar
lotnig1,Long-tailed Nightjar,Long-tailed Nightjar
sltnig1,Slender-tailed Nightjar,Slender-tailed Nightjar
sqtnig1,Square-tailed Nightjar,Square-tailed Nightjar
caprim1,未识别的Caprimulgus属夜鹰,Caprimulgus sp.
nightj1,未识别的夜鹰类,nightjar sp.
rufpot1,Rufous Potoo,Rufous Potoo
grepot1,Great Potoo,Great Potoo
lotpot1,Long-tailed Potoo,Long-tailed Potoo
compot1,Common Potoo,Common Potoo
norpot1,Northern Potoo,Northern Potoo
norpot2,Northern Potoo (Middle American),Northern Potoo (Middle American)
norpot3,Northern Potoo (Caribbean),Northern Potoo (Caribbean)
andpot1,Andean Potoo,Andean Potoo
whwpot1,White-winged Potoo,White-winged Potoo
potoo1,potoo sp.,potoo sp.
oilbir1,Oilbird,Oilbird
tawfro1,Tawny Frogmouth,Tawny Frogmouth
marfro1,Marbled Frogmouth,Marbled Frogmouth
marfro2,Marbled Frogmouth (Marbled),Marbled Frogmouth (Marbled)
marfro3,Marbled Frogmouth (Plumed),Marbled Frogmouth (Plumed)
papfro1,Papuan Frogmouth,Papuan Frogmouth
soifro1,Solomons Frogmouth,Solomons Frogmouth
larfro1,Large Frogmouth,Large Frogmouth
dulfro1,Dulit Frogmouth,Dulit Frogmouth
phifro1,Philippine Frogmouth,Philippine Frogmouth
goufro1,Gould's Frogmouth,Gould's Frogmouth
ceyfro1,Sri Lanka Frogmouth,Sri Lanka Frogmouth
hodfro1,黑顶蟆口鸱,Hodgson's Frogmouth
shtfro3,Sumatran Frogmouth,Sumatran Frogmouth
shtfro2,Bornean Frogmouth,Bornean Frogmouth
javfro3,Javan Frogmouth,Javan Frogmouth
javfro2,Blyth's Frogmouth,Blyth's Frogmouth
blyfro1,Blyth's Frogmouth (Indochinese),Blyth's Frogmouth (Indochinese)
blyfro2,Blyth's Frogmouth (Blyth's),Blyth's Frogmouth (Blyth's)
palfro1,Palawan Frogmouth,Palawan Frogmouth
sunfro1,Sunda Frogmouth,Sunda Frogmouth
batrac1,Batrachostomus sp.,Batrachostomus sp.
frogmo1,frogmouth sp.,frogmouth sp.
nconig1,New Caledonian Owlet-nightjar,New Caledonian Owlet-nightjar
feonig1,Feline Owlet-nightjar,Feline Owlet-nightjar
spaown1,Starry Owlet-nightjar,Starry Owlet-nightjar
waonig1,Wallace's Owlet-nightjar,Wallace's Owlet-nightjar
moonig1,Mountain Owlet-nightjar,Mountain Owlet-nightjar
molown1,Moluccan Owlet-nightjar,Moluccan Owlet-nightjar
auonig1,Australian Owlet-nightjar,Australian Owlet-nightjar
barown2,Vogelkop Owlet-nightjar,Vogelkop Owlet-nightjar
barown1,Barred Owlet-nightjar,Barred Owlet-nightjar
barown3,Barred Owlet-nightjar (Barred),Barred Owlet-nightjar (Barred)
barown4,Barred Owlet-nightjar (Dwarf),Barred Owlet-nightjar (Dwarf)
barown5,Karimui Owlet-nightjar,Karimui Owlet-nightjar
owletn1,owlet-nightjar sp.,owlet-nightjar sp.
blkswi,American Black Swift,Black Swift
blkswi1,American Black Swift (borealis),Black Swift (borealis)
blkswi2,American Black Swift (costaricensis),Black Swift (costaricensis)
blkswi3,American Black Swift (niger),Black Swift (niger)
whcswi2,White-chested Swift,White-chested Swift
rotswi1,Rothschild's Swift,Rothschild's Swift
sooswi1,Sooty Swift,Sooty Swift
whfswi1,White-fronted Swift,White-fronted Swift
whcswi1,White-chinned Swift,White-chinned Swift
spfswi1,Spot-fronted Swift,Spot-fronted Swift
grdswi1,Great Dusky Swift,Great Dusky Swift
cypsel1,Cypseloides sp.,Cypseloides sp.
chcswi1,Chestnut-collared Swift,Chestnut-collared Swift
tepswi1,Tepui Swift,Tepui Swift
whcswi,White-collared Swift,White-collared Swift
whnswi1,White-naped Swift,White-naped Swift
bisswi1,Biscutate Swift,Biscutate Swift
strept2,Streptoprocne sp.,Streptoprocne sp.
phinee1,Philippine Spinetail,Philippine Spinetail
papnee1,Papuan Spinetail,Papuan Spinetail
malspi1,Madagascar Spinetail,Madagascar Spinetail
satspi1,Sao Tome Spinetail,Sao Tome Spinetail
whrnee1,White-rumped Spinetail,White-rumped Spinetail
motspi1,Mottled Spinetail,Mottled Spinetail
blaspi1,Black Spinetail,Black Spinetail
sirnee1,Silver-rumped Spinetail,Silver-rumped Spinetail
sabspi1,Sabine's Spinetail,Sabine's Spinetail
casspi1,Cassin's Spinetail,Cassin's Spinetail
y01370,Sabine's/Cassin's Spinetail,Sabine's/Cassin's Spinetail
balspi1,Böhm's Spinetail,Bat-like Spinetail
grrswi1,Grey-rumped Swift,Gray-rumped Swift
gyrswi3,Grey-rumped Swift (phaeopygos),Gray-rumped Swift (phaeopygos)
gyrswi4,Grey-rumped Swift (occidentalis),Gray-rumped Swift (occidentalis)
gyrswi1,Grey-rumped Swift (Ash-rumped),Gray-rumped Swift (Ash-rumped)
gyrswi2,Grey-rumped Swift (Grey-rumped),Gray-rumped Swift (Gray-rumped)
barswi,Band-rumped Swift,Band-rumped Swift
barswi1,Band-rumped Swift (aetherodroma),Band-rumped Swift (aetherodroma)
barswi2,Band-rumped Swift (spinicaudus),Band-rumped Swift (spinicaudus)
barswi3,Band-rumped Swift (aethalea),Band-rumped Swift (aethalea)
corswi,Costa Rican Swift,Costa Rican Swift
leaswi1,Lesser Antillean Swift,Lesser Antillean Swift
parswi1,Pale-rumped Swift,Pale-rumped Swift
chiswi,Chimney Swift,Chimney Swift
vauswi,Vaux's Swift,Vaux's Swift
vauswi1,Vaux's Swift (Vaux's),Vaux's Swift (Vaux's)
vauswi2,Vaux's Swift (Yucatan),Vaux's Swift (Yucatan)
vauswi3,Vaux's Swift (Richmond's),Vaux's Swift (Richmond's)
vauswi4,Vaux's Swift (aphanes),Vaux's Swift (aphanes)
y00321,Chimney/Vaux's Swift,Chimney/Vaux's Swift
chaswi2,Chapman's Swift,Chapman's Swift
astswi1,Ashy-tailed Swift,Ashy-tailed Swift
sicswi1,Sick's Swift,Sick's Swift
shtswi1,Short-tailed Swift,Short-tailed Swift
shtswi2,Short-tailed Swift (Short-tailed),Short-tailed Swift (Short-tailed)
shtswi3,Short-tailed Swift (Tumbes),Short-tailed Swift (Tumbes)
chaetu,Chaetura sp.,Chaetura sp.
whtnee,白喉针尾雨燕,White-throated Needletail
whtnee1,白喉针尾雨燕 (东北亚),White-throated Needletail (White-lored)
whtnee2,白喉针尾雨燕 (喜山),White-throated Needletail (Himalayan)
sibnee1,灰喉针尾雨燕,Silver-backed Needletail
brbnee1,褐背针尾雨燕,Brown-backed Needletail
purnee1,紫针尾雨燕,Purple Needletail
hirund1,未识别的针尾雨燕,needletail sp.
watswi1,Giant Swiftlet,Waterfall Swift
pygswi2,Pygmy Swiftlet,Pygmy Swiftlet
cavswi3,Bornean Swiftlet,Bornean Swiftlet
chiswi1,Christmas Swiftlet,Christmas Island Swiftlet
cavswi2,Cave Swiftlet,Cave Swiftlet
pltswi1,Plume-toed Swiftlet,Plume-toed Swiftlet
y01379,Bornean/Plume-toed Swiftlet,Bornean/Plume-toed Swiftlet
gyrswi5,灰腰金丝燕,Gray-rumped Swiftlet
ridswi1,Ridgetop Swiftlet,Ridgetop Swiftlet
y01084,Grey-rumped/Ridgetop Swiftlet,Gray-rumped/Ridgetop Swiftlet
tenswi1,Tenggara Swiftlet,Tenggara Swiftlet
draswi1,Drab Swiftlet,Drab Swiftlet
gloswi1,白腹金丝燕,Glossy Swiftlet
y01077,Drab/Glossy Swiftlet,Drab/Glossy Swiftlet
satswi1,Satin Swiftlet,Satin Swiftlet
whbswi1,white-bellied swiftlet sp.,white-bellied swiftlet sp.
seyswi1,Seychelles Swiftlet,Seychelles Swiftlet
masswi1,Mascarene Swiftlet,Mascarene Swiftlet
indswi1,Indian Swiftlet,Indian Swiftlet
molswi5,Moluccan Swiftlet,Moluccan Swiftlet
phiswi1,Philippine Swiftlet,Philippine Swiftlet
mouswi2,Mountain Swiftlet,Mountain Swiftlet
whrswi2,White-rumped Swiftlet,White-rumped Swiftlet
ausswi1,Australian Swiftlet,Australian Swiftlet
himswi2,短嘴金丝燕,Himalayan Swiftlet
himswi1,短嘴金丝燕 (喜山),Himalayan Swiftlet (Himalayan)
indswi2,短嘴金丝燕 (中南半岛),Himalayan Swiftlet (Indochinese)
volswi1,Volcano Swiftlet,Volcano Swiftlet
whiswi1,Whitehead's Swiftlet,Whitehead's Swiftlet
balswi1,Bare-legged Swiftlet,Bare-legged Swiftlet
mayswi1,Mayr's Swiftlet,Mayr's Swiftlet
palswi2,Ameline Swiftlet,Ameline Swiftlet
uniswi1,Uniform Swiftlet,Uniform Swiftlet
monswi2,Mossy-nest Swiftlet,Mossy-nest Swiftlet
palswi1,Palau Swiftlet,Palau Swiftlet
marswi,Mariana Swiftlet,Mariana Swiftlet
caiswi1,Caroline Swiftlet,Caroline Islands Swiftlet
atiswi1,Atiu Swiftlet,Atiu Swiftlet
polswi1,Tahiti Swiftlet,Tahiti Swiftlet
marswi2,Marquesan Swiftlet,Marquesan Swiftlet
blnswi1,大金丝燕,Black-nest Swiftlet
y00731,爪哇金丝燕,White-nest Swiftlet
gerswi1,爪哇金丝燕 (戈氏金丝燕),White-nest Swiftlet (Germain's)
ednswi1,爪哇金丝燕 [fuciphagus Group],White-nest Swiftlet (White-nest)
papswi1,Three-toed Swiftlet,Three-toed Swiftlet
aerodr1,未识别的Aerodramus属金丝燕,dark swiftlet sp.
swiftl1,未识别的金丝燕,swiftlet sp.
scaswi1,Scarce Swift,Scarce Swift
alpswi1,高山雨燕,Alpine Swift
motswi2,Mottled Swift,Mottled Swift
aleswi1,Cape Verde Swift,Cape Verde Swift
comswi,普通雨燕 (普通楼燕),Common Swift
y01231,Cape Verde/Common Swift,Cape Verde/Common Swift
plaswi1,Plain Swift,Plain Swift
nyaswi1,Nyanza Swift,Nyanza Swift
palswi3,Pallid Swift,Pallid Swift
y00732,Common/Pallid Swift,Common/Pallid Swift
y00860,Plain/Pallid Swift,Plain/Pallid Swift
afrswi1,Fernando Po/African Black Swift,African Swift
afrswi2,Fernando Po Swift,African Swift (Bioko)
afrswi3,African Black Swift,African Swift (African)
y00370,Common/Fernando Po/African Black Swift,Common/African Swift
fowswi1,Forbes-Watson's Swift,Forbes-Watson's Swift
braswi1,Bradfield's Swift,Bradfield's Swift
madswi1,Malagasy Black Swift,Malagasy Swift
fotswi,白腰雨燕,Pacific Swift
saaswi1,华西白腰雨燕 (青藏白腰雨燕),Salim Ali's Swift
blyswi1,布氏白腰雨燕,Blyth's Swift
cooswi1,印支白腰雨燕,Cook's Swift
y00959,白腰雨燕/印支白腰雨燕,Pacific/Cook's Swift
fotswi1,白腰雨燕种组,fork-tailed swift sp.
darswi1,暗背雨燕,Dark-rumped Swift
litswi1,Little Swift,Little Swift
litswi2,Little Swift (Little),Little Swift (Little)
litswi3,Little Swift (Bannerman's),Little Swift (Bannerman's)
litswi4,Little Swift (Indian),Little Swift (Indian)
houswi1,小白腰雨燕,House Swift
y00960,Little/House Swift,Little/House Swift
horswi1,Horus Swift,Horus Swift
horswi2,Horus Swift (White-rumped),Horus Swift (White-rumped)
horswi3,Horus Swift (Brown-rumped),Horus Swift (Brown-rumped)
whrswi1,White-rumped Swift,White-rumped Swift
x01060,Little x White-rumped Swift (hybrid),Little x White-rumped Swift (hybrid)
batswi1,Bates's Swift,Bates's Swift
apus2,未识别的Apus属雨燕,Apus sp.
apus1,未识别的Apus/Tachymarptis属雨燕,Apus/Tachymarptis sp.
whtswi,White-throated Swift,White-throated Swift
whtswi1,White-tipped Swift,White-tipped Swift
andswi1,Andean Swift,Andean Swift
y00669,White-tipped/Andean Swift,White-tipped/Andean Swift
lstswi1,Lesser Swallow-tailed Swift,Lesser Swallow-tailed Swift
gstswi1,Great Swallow-tailed Swift,Great Swallow-tailed Swift
aspswi1,棕雨燕,Asian Palm Swift
afpswi1,African Palm Swift,African Palm Swift
malpas1,Malagasy Palm Swift,Malagasy Palm Swift
afrpas2,Malagasy Palm Swift (Comoro),Malagasy Palm Swift (Comoro)
afrpas3,Malagasy Palm Swift (Madagascar),Malagasy Palm Swift (Madagascar)
anpswi,Antillean Palm Swift,Antillean Palm Swift
pygswi1,Pygmy Palm Swift,Pygmy Palm Swift
ftpswi1,Fork-tailed Palm Swift,Fork-tailed Palm Swift
larswi1,未识别的大型雨燕科鸟类,large swift sp.
smaswi1,未识别的小型雨燕科鸟类,small swift sp.
swift1,未识别的雨燕科鸟类,swift sp.
cretre1,凤头雨燕 (凤头树燕),Crested Treeswift
gyrtre1,Grey-rumped Treeswift,Gray-rumped Treeswift
whitre1,Whiskered Treeswift,Whiskered Treeswift
moutre1,Moustached Treeswift,Moustached Treeswift
treesw1,treeswift sp.,treeswift sp.
critop1,Crimson Topaz,Crimson Topaz
fietop1,Fiery Topaz,Fiery Topaz
y00861,Crimson/Fiery Topaz,Crimson/Fiery Topaz
whnjac1,White-necked Jacobin,White-necked Jacobin
blkjac1,Black Jacobin,Black Jacobin
whtsic1,White-tipped Sicklebill,White-tipped Sicklebill
butsic1,Buff-tailed Sicklebill,Buff-tailed Sicklebill
y01339,White-tipped/Buff-tailed Sicklebill,White-tipped/Buff-tailed Sicklebill
sabher1,Saw-billed Hermit,Saw-billed Hermit
hobher2,Hook-billed Hermit,Hook-billed Hermit
broher,Bronzy Hermit,Bronzy Hermit
rubher,Rufous-breasted Hermit,Rufous-breasted Hermit
batbar1,Band-tailed Barbthroat,Band-tailed Barbthroat
patbar1,Pale-tailed Barbthroat,Pale-tailed Barbthroat
soobar1,Sooty Barbthroat,Sooty Barbthroat
soobar3,Sooty Barbthroat (Amapa),Sooty Barbthroat (Amapa)
soobar4,Sooty Barbthroat (French Guiana),Sooty Barbthroat (French Guiana)
brther2,Broad-tipped Hermit,Broad-tipped Hermit
whbher1,White-bearded Hermit,White-bearded Hermit
whwher1,White-whiskered Hermit,White-whiskered Hermit
greher1,Green Hermit,Green Hermit
tabher1,Tawny-bellied Hermit,Tawny-bellied Hermit
koeher1,Koepcke's Hermit,Koepcke's Hermit
nebher1,Needle-billed Hermit,Needle-billed Hermit
stbher1,Straight-billed Hermit,Straight-billed Hermit
stbher2,Straight-billed Hermit (bourcieri),Straight-billed Hermit (bourcieri)
stbher3,Straight-billed Hermit (major),Straight-billed Hermit (major)
lobher,Long-billed Hermit,Long-billed Hermit
lobher1,Long-billed Hermit (Central American),Long-billed Hermit (Central American)
lobher3,Long-billed Hermit (Baron's),Long-billed Hermit (Baron's)
mexher1,Mexican Hermit,Mexican Hermit
lobher4,Mexican Hermit (Jalisco),Mexican Hermit (Jalisco)
lobher2,Mexican Hermit (Mexican),Mexican Hermit (Mexican)
lother1,Long-tailed Hermit,Long-tailed Hermit
y00596,Long-billed/Long-tailed Hermit,Long-billed/Long-tailed Hermit
grbher1,Great-billed Hermit,Great-billed Hermit
grbher6,Great-billed Hermit (Great-billed),Great-billed Hermit (Great-billed)
grbher5,Great-billed Hermit (Amazonian),Great-billed Hermit (Amazonian)
grbher4,Great-billed Hermit (Margaretta's),Great-billed Hermit (Margaretta's)
pabher1,Pale-bellied Hermit,Pale-bellied Hermit
duther1,Dusky-throated Hermit,Dusky-throated Hermit
marher1,Maranhao Hermit (unrecognized species),Maranhao Hermit (unrecognized species)
stther1,Streak-throated Hermit,Streak-throated Hermit
lither2,Little Hermit,Little Hermit
lither3,Tapajos Hermit,Tapajos Hermit
minher1,Minute Hermit,Minute Hermit
cither1,Cinnamon-throated Hermit,Cinnamon-throated Hermit
bkther1,Black-throated Hermit,Black-throated Hermit
stther2,Stripe-throated Hermit,Stripe-throated Hermit
gycher1,Grey-chinned Hermit,Gray-chinned Hermit
gycher3,Grey-chinned Hermit (Porculla),Gray-chinned Hermit (Porculla)
gycher2,Grey-chinned Hermit (Grey-chinned),Gray-chinned Hermit (Gray-chinned)
redher1,Reddish Hermit,Reddish Hermit
whbher3,White-browed Hermit,White-browed Hermit
y00693,Reddish/White-browed Hermit,Reddish/White-browed Hermit
bubher1,Buff-bellied Hermit,Buff-bellied Hermit
socher1,Sooty-capped Hermit,Sooty-capped Hermit
plaher1,Planalto Hermit,Planalto Hermit
scther1,Scale-throated Hermit,Scale-throated Hermit
hermit1,hermit sp.,hermit sp.
grflan1,Green-fronted Lancebill,Green-fronted Lancebill
blflan1,Blue-fronted Lancebill,Blue-fronted Lancebill
webhum3,White-throated Daggerbill,White-throated Daggerbill
webhum1,Geoffroy's Daggerbill,Geoffroy's Daggerbill
webhum2,White-throated/Geoffroy's Daggerbill,White-throated/Geoffroy's Daggerbill
hyavis1,Hyacinth Visorbearer,Hyacinth Visorbearer
hoovis2,Hooded Visorbearer,Hooded Visorbearer
wvvear1,White-vented Violetear,White-vented Violetear
spvear1,Sparkling Violetear,Sparkling Violetear
brvear1,Brown Violetear,Brown Violetear
grnvie1,Mexican Violetear,Mexican Violetear
lesvio1,Lesser Violetear,Lesser Violetear
grnvie2,Lesser Violetear (Costa Rican),Lesser Violetear (Costa Rican)
grnvio1,Lesser Violetear (Andean),Lesser Violetear (Andean)
y00862,Sparkling/Lesser Violetear,Sparkling/Lesser Violetear
violet1,violetear sp.,violetear sp.
horsun2,Horned Sungem,Horned Sungem
tobhum1,Tooth-billed Hummingbird,Tooth-billed Hummingbird
pucfai1,Purple-crowned Fairy,Purple-crowned Fairy
bkefai1,Black-eared Fairy,Black-eared Fairy
whtgol1,White-tailed Goldenthroat,White-tailed Goldenthroat
tepgol1,Tepui Goldenthroat,Tepui Goldenthroat
grtgol1,Green-tailed Goldenthroat,Green-tailed Goldenthroat
fitawl1,Fiery-tailed Awlbill,Fiery-tailed Awlbill
ruthum1,Ruby-topaz Hummingbird,Ruby-topaz Hummingbird
jamman1,Jamaican Mango,Jamaican Mango
bltman1,Black-throated Mango,Black-throated Mango
bktman1,Black-throated Mango (Black-throated),Black-throated Mango (Black-throated)
gnbman2,Black-throated Mango (Ecuadorian),Black-throated Mango (Ecuadorian)
grtman1,Green-throated Mango,Green-throated Mango
gnbman,Green-breasted Mango,Green-breasted Mango
verman1,Veraguan Mango,Veraguan Mango
antman2,Hispaniolan Mango,Hispaniolan Mango
antman3,Puerto Rican Mango,Puerto Rican Mango
greman1,Green Mango,Green Mango
mango1,mango sp.,mango sp.
putcar1,Purple-throated Carib,Purple-throated Carib
grtcar1,Green-throated Carib,Green-throated Carib
y01200,Purple-throated/Green-throated Carib,Purple-throated/Green-throated Carib
ortsun1,Orange-throated Sunangel,Orange-throated Sunangel
amtsun2,Longuemare's Sunangel,Longuemare's Sunangel
amtsun4,Merida Sunangel,Merida Sunangel
amtsun3,Amethyst-throated Sunangel,Amethyst-throated Sunangel
gorsun1,Gorgeted Sunangel,Gorgeted Sunangel
tousun1,Tourmaline Sunangel,Tourmaline Sunangel
litsun1,Flame-throated Sunangel,Little Sunangel
putsun1,Purple-throated Sunangel,Purple-throated Sunangel
putsun4,Purple-throated Sunangel (Purple-throated),Purple-throated Sunangel (Purple-throated)
putsun2,Purple-throated Sunangel (Brilliant),Purple-throated Sunangel (Brilliant)
x01046,Amethyst-throated x Purple-throated Sunangel (hybrid),Amethyst-throated x Purple-throated Sunangel (hybrid)
roysun1,Royal Sunangel,Royal Sunangel
helian1,Heliangelus sp.,Heliangelus sp.
grbfir1,Green-backed Firecrown,Green-backed Firecrown
juffir1,Juan Fernandez Firecrown,Juan Fernandez Firecrown
y00371,Green-backed/Juan Fernandez Firecrown,Green-backed/Juan Fernandez Firecrown
wictho2,Wire-crested Thorntail,Wire-crested Thorntail
bkbtho1,Black-bellied Thorntail,Black-bellied Thorntail
coptho2,Letitia's Thorntail,Coppery Thorntail
gretho1,Green Thorntail,Green Thorntail
ratcoq2,Racket-tipped Thorntail,Racket-tipped Thorntail
tufcoq1,Tufted Coquette,Tufted Coquette
doecoq1,Dot-eared Coquette,Dot-eared Coquette
fricoq1,Frilled Coquette,Frilled Coquette
shccoq,Short-crested Coquette,Short-crested Coquette
ruccoq1,Rufous-crested Coquette,Rufous-crested Coquette
spacoq1,Spangled Coquette,Spangled Coquette
fescoq2,Butterfly Coquette,Butterfly Coquette
fescoq3,Festive Coquette,Festive Coquette
peacoq1,Peacock Coquette,Peacock Coquette
blccoq1,Black-crested Coquette,Black-crested Coquette
whccoq1,White-crested Coquette,White-crested Coquette
y00786,thorntail/coquette sp.,thorntail/coquette sp.
ecupie1,Ecuadorian Piedtail,Ecuadorian Piedtail
perpie1,Peruvian Piedtail,Peruvian Piedtail
spehum1,Speckled Hummingbird,Speckled Hummingbird
spehum2,Speckled Hummingbird (melanogenys Group),Speckled Hummingbird (melanogenys Group)
spehum3,Speckled Hummingbird (maculata),Speckled Hummingbird (maculata)
spehum4,Speckled Hummingbird (inornata),Speckled Hummingbird (inornata)
lotsyl1,Long-tailed Sylph,Long-tailed Sylph
vitsyl1,Violet-tailed Sylph,Violet-tailed Sylph
vensyl1,Venezuelan Sylph,Venezuelan Sylph
retcom1,Red-tailed Comet,Red-tailed Comet
brtcom1,Bronze-tailed Comet,Bronze-tailed Comet
gybcom1,Grey-bellied Comet,Gray-bellied Comet
ecuhil1,Ecuadorian Hillstar,Ecuadorian Hillstar
buthil1,Blue-throated Hillstar,Blue-throated Hillstar
andhil2,Green-headed Hillstar,Green-headed Hillstar
blbhil1,Black-breasted Hillstar,Black-breasted Hillstar
y00372,Green-headed/Black-breasted Hillstar,Green-headed/Black-breasted Hillstar
andhil3,Andean Hillstar,Andean Hillstar
whshil1,White-sided Hillstar,White-sided Hillstar
y01232,Andean/White-sided Hillstar,Andean/White-sided Hillstar
wethil1,Wedge-tailed Hillstar,Wedge-tailed Hillstar
oreotr1,Oreotrochilus sp.,Oreotrochilus sp.
mouavo1,Mountain Avocetbill,Mountain Avocetbill
blttra1,Black-tailed Trainbearer,Black-tailed Trainbearer
grttra1,Green-tailed Trainbearer,Green-tailed Trainbearer
y00684,Black-tailed/Green-tailed Trainbearer,Black-tailed/Green-tailed Trainbearer
blbtho1,Black-backed Thornbill,Black-backed Thornbill
pubtho1,Purple-backed Thornbill,Purple-backed Thornbill
ructho1,Rufous-capped Thornbill,Rufous-capped Thornbill
olitho1,Olivaceous Thornbill,Olivaceous Thornbill
blmtho1,Blue-mantled Thornbill,Blue-mantled Thornbill
brttho1,Bronze-tailed Thornbill,Bronze-tailed Thornbill
rabtho1,Rainbow-bearded Thornbill,Rainbow-bearded Thornbill
bufhel1,Buffy Helmetcrest,Buffy Helmetcrest
bubhel1,Blue-bearded Helmetcrest,Blue-bearded Helmetcrest
whbhel1,White-bearded Helmetcrest,White-bearded Helmetcrest
gnbhel1,Green-bearded Helmetcrest,Green-bearded Helmetcrest
beahel1,helmetcrest sp.,helmetcrest sp.
beamou1,Bearded Mountaineer,Bearded Mountaineer
beamou2,Bearded Mountaineer (Western),Bearded Mountaineer (Western)
beamou3,Bearded Mountaineer (Eastern),Bearded Mountaineer (Eastern)
permet1,Perija Metaltail,Perija Metaltail
tyrmet1,Tyrian Metaltail,Tyrian Metaltail
tyrmet2,Tyrian Metaltail (Santa Marta),Tyrian Metaltail (Santa Marta)
tyrmet3,Tyrian Metaltail (Costa),Tyrian Metaltail (Costa)
tyrmet4,Tyrian Metaltail (Merida),Tyrian Metaltail (Merida)
tyrmet5,Tyrian Metaltail (Tyrian),Tyrian Metaltail (Tyrian)
tyrmet6,Tyrian Metaltail (septentrionalis),Tyrian Metaltail (septentrionalis)
tyrmet7,Tyrian Metaltail (smaragdinicollis),Tyrian Metaltail (smaragdinicollis)
x00944,Long-tailed Sylph x Tyrian Metaltail (hybrid),Long-tailed Sylph x Tyrian Metaltail (hybrid)
virmet1,Viridian Metaltail,Viridian Metaltail
virmet2,Viridian Metaltail (recisa),Viridian Metaltail (recisa)
virmet3,Viridian Metaltail (Viridian),Viridian Metaltail (Viridian)
virmet4,Viridian Metaltail (Ecuadorian),Viridian Metaltail (Ecuadorian)
virmet5,Viridian Metaltail (Black-throated),Viridian Metaltail (Black-throated)
vitmet1,Violet-throated Metaltail,Violet-throated Metaltail
nebmet1,Neblina Metaltail,Neblina Metaltail
copmet1,Coppery Metaltail,Coppery Metaltail
fitmet1,Fiery-throated Metaltail,Fire-throated Metaltail
scamet1,Scaled Metaltail,Scaled Metaltail
blamet1,Black Metaltail,Black Metaltail
metalt1,metaltail sp.,metaltail sp.
grepuf1,Greenish Puffleg,Greenish Puffleg
butpuf1,Buff-thighed Puffleg,Buff-thighed Puffleg
hoapuf1,Hoary Puffleg,Hoary Puffleg
blbpuf3,Black-breasted Puffleg,Black-breasted Puffleg
gorpuf1,Gorgeted Puffleg,Gorgeted Puffleg
glopuf2,Glowing Puffleg,Glowing Puffleg
bltpuf1,Black-thighed Puffleg,Black-thighed Puffleg
tutpuf1,Turquoise-throated Puffleg,Turquoise-throated Puffleg
cobpuf1,Coppery-bellied Puffleg,Coppery-bellied Puffleg
savpuf1,Sapphire-vented Puffleg,Sapphire-vented Puffleg
savpuf2,Sapphire-vented Puffleg (Sapphire-vented),Sapphire-vented Puffleg (Sapphire-vented)
savpuf3,Sapphire-vented Puffleg (Coppery-naped),Sapphire-vented Puffleg (Coppery-naped)
gobpuf1,Golden-breasted Puffleg,Golden-breasted Puffleg
blcpuf1,Blue-capped Puffleg,Blue-capped Puffleg
colpuf2,Colorful Puffleg,Colorful Puffleg
embpuf1,Emerald-bellied Puffleg,Emerald-bellied Puffleg
marspa1,Marvelous Spatuletail,Marvelous Spatuletail
shisun1,Shining Sunbeam,Shining Sunbeam
whtsun1,White-tufted Sunbeam,White-tufted Sunbeam
x00672,Shining x White-tufted Sunbeam (hybrid),Shining x White-tufted Sunbeam (hybrid)
y01208,Shining/White-tufted Sunbeam,Shining/White-tufted Sunbeam
pubsun1,Purple-backed Sunbeam,Purple-backed Sunbeam
blhsun1,Black-hooded Sunbeam,Black-hooded Sunbeam
broinc1,Bronzy Inca,Bronzy Inca
broinc2,Brown Inca,Brown Inca
blainc1,Black Inca,Black Inca
colinc1,Collared Inca,Collared Inca
colinc2,Collared Inca (Collared),Collared Inca (Collared)
colinc5,Collared Inca (Vilcabamba),Collared Inca (Vilcabamba)
colinc4,Green Inca,Green Inca
colinc3,Gould's Inca,Gould's Inca
vitsta1,Violet-throated Starfrontlet,Violet-throated Starfrontlet
vitsta2,Violet-throated Starfrontlet (Huanuco),Violet-throated Starfrontlet (Huanuco)
vitsta3,Violet-throated Starfrontlet (Apurimac),Violet-throated Starfrontlet (Apurimac)
vitsta4,Violet-throated Starfrontlet (Cuzco),Violet-throated Starfrontlet (Cuzco)
vitsta5,Violet-throated Starfrontlet (Bolivian),Violet-throated Starfrontlet (Bolivian)
raista1,Rainbow Starfrontlet,Rainbow Starfrontlet
whtsta1,White-tailed Starfrontlet,White-tailed Starfrontlet
dussta1,Dusky Starfrontlet,Dusky Starfrontlet
buwsta1,Buff-winged Starfrontlet,Buff-winged Starfrontlet
gobsta2,Perija Starfrontlet,Perija Starfrontlet
gobsta1,Golden-bellied Starfrontlet,Golden-bellied Starfrontlet
gobsta4,Golden-tailed Starfrontlet,Merida Starfrontlet
bltsta1,Blue-throated Starfrontlet,Blue-throated Starfrontlet
x01047,Golden-bellied x Blue-throated Starfrontlet (hybrid),Golden-bellied x Blue-throated Starfrontlet (hybrid)
coelig1,Coeligena sp.,Coeligena sp.
mouvel1,Mountain Velvetbreast,Mountain Velvetbreast
swbhum1,Sword-billed Hummingbird,Sword-billed Hummingbird
gresap1,Great Sapphirewing,Great Sapphirewing
butcor1,Buff-tailed Coronet,Buff-tailed Coronet
chbcor1,Chestnut-breasted Coronet,Chestnut-breasted Coronet
vepcor1,Velvet-purple Coronet,Velvet-purple Coronet
x00383,Buff-tailed x Velvet-purple Coronet (hybrid),Buff-tailed x Velvet-purple Coronet (hybrid)
boorat1,White-booted Racket-tail,White-booted Racket-tail
boorat2,Peruvian Racket-tail,Peruvian Racket-tail
rubrat1,Rufous-booted Racket-tail,Rufous-booted Racket-tail
boorat3,Rufous-booted Racket-tail (Anna's),Rufous-booted Racket-tail (Anna's)
boorat4,Rufous-booted Racket-tail (Adda's),Rufous-booted Racket-tail (Adda's)
y01214,Peruvian/Rufous-booted Racket-tail,Peruvian/Rufous-booted Racket-tail
whthil2,Rufous-gaped Hillstar,Rufous-gaped Hillstar
whthil3,Green-backed Hillstar,Green-backed Hillstar
pubwhi1,Purple-bibbed Whitetip,Purple-bibbed Whitetip
ruvwhi1,Rufous-vented Whitetip,Rufous-vented Whitetip
vebbri1,Velvet-browed Brilliant,Velvet-browed Brilliant
pitbri1,Pink-throated Brilliant,Pink-throated Brilliant
ruwbri1,Rufous-webbed Brilliant,Rufous-webbed Brilliant
bltbri1,Black-throated Brilliant,Black-throated Brilliant
bktbri1,Black-throated Brilliant (Black-throated),Black-throated Brilliant (Black-throated)
bktbri2,Black-throated Brilliant (Black-breasted),Black-throated Brilliant (Black-breasted)
goujew1,Gould's Jewelfront,Gould's Jewelfront
fabbri1,Fawn-breasted Brilliant,Fawn-breasted Brilliant
grcbri1,Green-crowned Brilliant,Green-crowned Brilliant
empbri1,Empress Brilliant,Empress Brilliant
x01032,Buff-tailed Coronet x Empress Brilliant (hybrid),Buff-tailed Coronet x Empress Brilliant (hybrid)
vifbri1,Violet-fronted Brilliant,Violet-fronted Brilliant
brarub1,Brazilian Ruby,Brazilian Ruby
giahum1,Giant Hummingbird,Giant Hummingbird
giahum2,Giant Hummingbird (Northern),Giant Hummingbird (Northern)
giahum3,Giant Hummingbird (Southern),Giant Hummingbird (Southern)
vichum2,Violet-chested Hummingbird,Violet-chested Hummingbird
scthum1,Scissor-tailed Hummingbird,Scissor-tailed Hummingbird
maghum1,Rivoli's Hummingbird,Rivoli's Hummingbird
maghum2,Talamanca Hummingbird,Talamanca Hummingbird
lobsta1,Long-billed Starthroat,Long-billed Starthroat
plcsta,Plain-capped Starthroat,Plain-capped Starthroat
y00863,Long-billed/Plain-capped Starthroat,Long-billed/Plain-capped Starthroat
stbsta1,Stripe-breasted Starthroat,Stripe-breasted Starthroat
bltsta2,Blue-tufted Starthroat,Blue-tufted Starthroat
fithum1,Fiery-throated Hummingbird,Fiery-throated Hummingbird
gtmgem1,Green-throated Mountaingem,Green-throated Mountain-gem
gbmgem1,Green-breasted Mountaingem,Green-breasted Mountain-gem
amthum1,Amethyst-throated Mountaingem,Amethyst-throated Mountain-gem
amthum2,Amethyst-throated Mountaingem (Amethyst-throated),Amethyst-throated Mountain-gem (Amethyst-throated)
amthum3,Amethyst-throated Mountaingem (Violet-throated),Amethyst-throated Mountain-gem (Violet-throated)
buthum,Blue-throated Mountaingem,Blue-throated Mountain-gem
wbmgem1,White-bellied Mountaingem,White-bellied Mountain-gem
ptmgem,Purple-throated Mountaingem,Purple-throated Mountain-gem
azumog1,Azuero Mountaingem (undescribed form),Azuero Mountain-gem (undescribed form)
wtmgem1,White-throated/Grey-tailed Mountaingem,White-throated Mountain-gem
whtmog2,Grey-tailed Mountaingem,White-throated Mountain-gem (Gray-tailed)
whtmog1,White-throated Mountaingem,White-throated Mountain-gem (Blue-tailed)
x00945,Purple-throated x White-throated Mountaingem (hybrid),Purple-throated x White-throated Mountain-gem (hybrid)
y00864,Purple-throated/White-throated Mountaingem,Purple-throated/White-throated Mountain-gem
gathum1,Garnet-throated Hummingbird,Garnet-throated Hummingbird
spthum1,Sparkling-tailed Woodstar,Sparkling-tailed Hummingbird
amewoo1,Amethyst Woodstar,Amethyst Woodstar
pershe2,Peruvian Sheartail,Peruvian Sheartail
shtwoo1,Short-tailed Woodstar,Short-tailed Woodstar
pucwoo1,Purple-collared Woodstar,Purple-collared Woodstar
oashum1,Oasis Hummingbird,Oasis Hummingbird
chiwoo1,Chilean Woodstar,Chilean Woodstar
x00736,Peruvian Sheartail x Chilean Woodstar (hybrid),Peruvian Sheartail x Chilean Woodstar (hybrid)
sltwoo1,Slender-tailed Woodstar,Slender-tailed Woodstar
whbwoo6,White-bellied Woodstar,White-bellied Woodstar
litwoo5,Little Woodstar,Little Woodstar
gorwoo2,Gorgeted Woodstar,Gorgeted Woodstar
samwoo2,Santa Marta Woodstar,Santa Marta Woodstar
esmwoo2,Esmeraldas Woodstar,Esmeraldas Woodstar
ruswoo1,Rufous-shafted Woodstar,Rufous-shafted Woodstar
chaeto1,Chaetocercus sp.,Chaetocercus sp.
matwoo1,Magenta-throated Woodstar,Magenta-throated Woodstar
putwoo1,Purple-throated Woodstar,Purple-throated Woodstar
woodst1,woodstar sp.,woodstar sp.
sleshe1,Slender Sheartail,Slender Sheartail
mexshe1,Mexican Sheartail,Mexican Sheartail
luchum,Lucifer Sheartail,Lucifer Hummingbird
beahum1,Beautiful Sheartail,Beautiful Hummingbird
y01030,Lucifer/Beautiful Sheartail,Lucifer/Beautiful Hummingbird
rthhum,Ruby-throated Hummingbird,Ruby-throated Hummingbird
bkchum,Black-chinned Hummingbird,Black-chinned Hummingbird
x01226,Rivoli's x Black-chinned Hummingbird (hybrid),Rivoli's x Black-chinned Hummingbird (hybrid)
x00946,Lucifer x Black-chinned Hummingbird (hybrid),Lucifer x Black-chinned Hummingbird (hybrid)
x00850,Ruby-throated x Black-chinned Hummingbird (hybrid),Ruby-throated x Black-chinned Hummingbird (hybrid)
archil1,Ruby-throated/Black-chinned Hummingbird,Ruby-throated/Black-chinned Hummingbird
bahwoo,Bahama Woodstar,Bahama Woodstar
inawoo2,Inagua Woodstar,Inagua Woodstar
verhum1,Vervain Hummingbird,Vervain Hummingbird
beehum1,Bee Hummingbird,Bee Hummingbird
annhum,Anna's Hummingbird,Anna's Hummingbird
x01227,Rivoli's x Anna's Hummingbird (hybrid),Rivoli's x Anna's Hummingbird (hybrid)
x00690,Lucifer x Anna's Hummingbird (hybrid),Lucifer x Anna's Hummingbird (hybrid)
x00651,Black-chinned x Anna's Hummingbird (hybrid),Black-chinned x Anna's Hummingbird (hybrid)
coshum,Costa's Hummingbird,Costa's Hummingbird
x00737,Lucifer x Costa's Hummingbird (hybrid),Lucifer x Costa's Hummingbird (hybrid)
x00384,Black-chinned x Costa's Hummingbird (hybrid),Black-chinned x Costa's Hummingbird (hybrid)
x00618,Anna's x Costa's Hummingbird (hybrid),Anna's x Costa's Hummingbird (hybrid)
calypt,Anna's/Costa's Hummingbird,Anna's/Costa's Hummingbird
calhum,Calliope Hummingbird,Calliope Hummingbird
x00768,Black-chinned x Calliope Hummingbird (hybrid),Black-chinned x Calliope Hummingbird (hybrid)
x00619,Anna's x Calliope Hummingbird (hybrid),Anna's x Calliope Hummingbird (hybrid)
rufhum,Rufous Hummingbird,Rufous Hummingbird
x01048,Ruby-throated x Rufous Hummingbird (hybrid),Ruby-throated x Rufous Hummingbird (hybrid)
x00738,Black-chinned x Rufous Hummingbird (hybrid),Black-chinned x Rufous Hummingbird (hybrid)
x00626,Anna's x Rufous Hummingbird (hybrid),Anna's x Rufous Hummingbird (hybrid)
x00852,Calliope x Rufous Hummingbird (hybrid),Calliope x Rufous Hummingbird (hybrid)
allhum,Allen's Hummingbird,Allen's Hummingbird
x01154,Black-chinned x Allen's Hummingbird (hybrid),Black-chinned x Allen's Hummingbird (hybrid)
x00691,Anna's x Allen's Hummingbird (hybrid),Anna's x Allen's Hummingbird (hybrid)
x01155,Costa's x Allen's Hummingbird (hybrid),Costa's x Allen's Hummingbird (hybrid)
x00385,Rufous x Allen's Hummingbird (hybrid),Rufous x Allen's Hummingbird (hybrid)
y00001,Rufous/Allen's Hummingbird,Rufous/Allen's Hummingbird
brthum,Broad-tailed Hummingbird,Broad-tailed Hummingbird
x01095,Lucifer x Broad-tailed Hummingbird (hybrid),Lucifer x Broad-tailed Hummingbird (hybrid)
x01049,Ruby-throated x Broad-tailed Hummingbird (hybrid),Ruby-throated x Broad-tailed Hummingbird (hybrid)
x01091,Black-chinned x Broad-tailed Hummingbird (hybrid),Black-chinned x Broad-tailed Hummingbird (hybrid)
x01096,Anna's x Broad-tailed Hummingbird (hybrid),Anna's x Broad-tailed Hummingbird (hybrid)
x00851,Calliope x Broad-tailed Hummingbird (hybrid),Calliope x Broad-tailed Hummingbird (hybrid)
x00386,Rufous x Broad-tailed Hummingbird (hybrid),Rufous x Broad-tailed Hummingbird (hybrid)
bumhum,Bumblebee Hummingbird,Bumblebee Hummingbird
withum1,Wine-throated Hummingbird,Wine-throated Hummingbird
volhum1,Volcano Hummingbird,Volcano Hummingbird
volhum2,Volcano Hummingbird (Purple-throated),Volcano Hummingbird (Purple-throated)
volhum4,Volcano Hummingbird (Heliotrope-throated),Volcano Hummingbird (Heliotrope-throated)
volhum3,Volcano Hummingbird (Rose-throated),Volcano Hummingbird (Rose-throated)
scihum1,Scintillant Hummingbird,Scintillant Hummingbird
glthum1,Glow-throated Hummingbird,Glow-throated Hummingbird
x00739,Anna's Hummingbird x Selasphorus sp. (hybrid),Anna's Hummingbird x Selasphorus sp. (hybrid)
selasp,Selasphorus sp.,Selasphorus sp.
dushum1,Dusky Hummingbird,Dusky Hummingbird
cubeme1,Cuban Emerald,Cuban Emerald
braeme2,Brace's Emerald,Brace's Emerald
braeme3,Elegant Emerald (unrecognized species),Elegant Emerald (unrecognized species)
hiseme1,Hispaniolan Emerald,Hispaniolan Emerald
pureme1,Puerto Rican Emerald,Puerto Rican Emerald
blhhum1,Blue-headed Hummingbird,Blue-headed Hummingbird
brbhum,Broad-billed Hummingbird,Broad-billed Hummingbird
x00676,Black-chinned x Broad-billed Hummingbird (hybrid),Black-chinned x Broad-billed Hummingbird (hybrid)
x00387,Anna's x Broad-billed Hummingbird (hybrid),Anna's x Broad-billed Hummingbird (hybrid)
x01097,Costa's x Broad-billed Hummingbird (hybrid),Costa's x Broad-billed Hummingbird (hybrid)
y01215,Dusky/Broad-billed Hummingbird,Dusky/Broad-billed Hummingbird
brbhum3,Tres Marias Hummingbird,Tres Marias Hummingbird
y01201,Broad-billed/Tres Marias Hummingbird,Broad-billed/Tres Marias Hummingbird
brbhum2,Turquoise-crowned Hummingbird,Turquoise-crowned Hummingbird
x00388,Broad-billed x Turquoise-crowned Hummingbird (hybrid),Broad-billed x Turquoise-crowned Hummingbird (hybrid)
y00373,Dusky/Turquoise-crowned Hummingbird,Dusky/Turquoise-crowned Hummingbird
y00374,Broad-billed/Turquoise-crowned Hummingbird,Broad-billed/Turquoise-crowned Hummingbird
goceme1,Golden-crowned Emerald,Golden-crowned Emerald
cozeme1,Cozumel Emerald,Cozumel Emerald
caneme1,Canivet's Emerald,Canivet's Emerald
caneme2,Canivet's Emerald (Canivet's),Canivet's Emerald (Canivet's)
caneme3,Canivet's Emerald (Salvin's),Canivet's Emerald (Salvin's)
blteme1,Blue-tailed Emerald,Blue-tailed Emerald
chieme1,Chiribiquete Emerald,Chiribiquete Emerald
rebeme1,Red-billed Emerald,Red-billed Emerald
glbeme1,Glittering-bellied Emerald,Glittering-bellied Emerald
shteme1,Short-tailed Emerald,Short-tailed Emerald
nateme2,Narrow-tailed Emerald,Narrow-tailed Emerald
grteme1,Green-tailed Emerald,Green-tailed Emerald
copeme1,Coppery Emerald,Coppery Emerald
gareme1,Garden Emerald,Garden Emerald
weseme1,Western Emerald,Western Emerald
chloro2,Riccordia/Cynanthus/Chlorostilbon sp.,Riccordia/Cynanthus/Chlorostilbon sp.
whehum,White-eared Hummingbird,White-eared Hummingbird
x01101,Rivoli's x White-eared Hummingbird (hybrid),Rivoli's x White-eared Hummingbird (hybrid)
x01228,Broad-tailed x White-eared Hummingbird (hybrid),Broad-tailed x White-eared Hummingbird (hybrid)
x01129,Broad-billed x White-eared Hummingbird (hybrid),Broad-billed x White-eared Hummingbird (hybrid)
xanhum,Xantus's Hummingbird,Xantus's Hummingbird
wetsab1,Wedge-tailed/Curve-winged Sabrewing,Wedge-tailed Sabrewing
wetsab2,Curve-winged Sabrewing (Curve-winged),Wedge-tailed Sabrewing (Curve-winged)
wetsab3,Wedge-tailed Sabrewing,Wedge-tailed Sabrewing (Wedge-tailed)
lotsab1,Curve-winged Sabrewing (Long-tailed),Wedge-tailed Sabrewing (Long-tailed)
rufsab1,Rufous Sabrewing,Rufous Sabrewing
vihhum1,Violet-headed Hummingbird,Violet-headed Hummingbird
emchum1,Emerald-chinned Hummingbird,Emerald-chinned Hummingbird
anchum1,Antillean Crested Hummingbird,Antillean Crested Hummingbird
anchum2,Antillean Crested Hummingbird (Lesser Antilles),Antillean Crested Hummingbird (Lesser Antilles)
anchum3,Antillean Crested Hummingbird (St. Vincent),Antillean Crested Hummingbird (St. Vincent)
anchum4,Antillean Crested Hummingbird (Barbados),Antillean Crested Hummingbird (Barbados)
anchum5,Antillean Crested Hummingbird (Grenadines and Grenada),Antillean Crested Hummingbird (Grenadines and Grenada)
plover3,Green-crowned Plovercrest,Green-crowned Plovercrest
plover4,Purple-crowned Plovercrest,Purple-crowned Plovercrest
samblo1,Santa Marta Blossomcrown,Santa Marta Blossomcrown
tolblo1,Tolima Blossomcrown,Tolima Blossomcrown
gybsab1,Grey-breasted Sabrewing,Gray-breasted Sabrewing
gybsab2,Grey-breasted Sabrewing (largipennis),Gray-breasted Sabrewing (largipennis)
gybsab3,Grey-breasted Sabrewing (obscurus),Gray-breasted Sabrewing (obscurus)
gybsab4,Outcrop Sabrewing,Outcrop Sabrewing
gybsab5,Diamantina Sabrewing,Diamantina Sabrewing
viosab1,Violet Sabrewing,Violet Sabrewing
rubsab1,Rufous-breasted Sabrewing,Rufous-breasted Sabrewing
bubsab1,Buff-breasted Sabrewing,Buff-breasted Sabrewing
napsab1,Napo Sabrewing,Napo Sabrewing
lazsab1,Lazuline Sabrewing,Lazuline Sabrewing
samsab1,Santa Marta Sabrewing,Santa Marta Sabrewing
whtsab1,White-tailed Sabrewing,White-tailed Sabrewing
brtplu1,Bronze-tailed Plumeleteer,Bronze-tailed Plumeleteer
whvplu1,White-vented Plumeleteer,White-vented Plumeleteer
whvplu2,White-vented Plumeleteer (White-vented),White-vented Plumeleteer (White-vented)
whvplu3,White-vented Plumeleteer (Blue-bellied),White-vented Plumeleteer (Blue-bellied)
whvplu4,White-vented Plumeleteer (Ecuadorian),White-vented Plumeleteer (Ecuadorian)
vicwoo2,Violet-capped Woodnymph,Violet-capped Woodnymph
lotwoo2,Long-tailed Woodnymph,Long-tailed Woodnymph
crowoo1,Crowned Woodnymph,Crowned Woodnymph
vicwoo1,Crowned Woodnymph (Northern/Colombian Violet-crowned),Crowned Woodnymph (Northern/Colombian Violet-crowned)
vicwoo3,Crowned Woodnymph (Northern Violet-crowned),Crowned Woodnymph (Northern Violet-crowned)
vicwoo4,Crowned Woodnymph (Colombian Violet-crowned),Crowned Woodnymph (Colombian Violet-crowned)
grcwoo2,Crowned Woodnymph (Green-crowned/Emerald-bellied),Crowned Woodnymph (Green-crowned/Emerald-bellied)
gncwoo1,Crowned Woodnymph (Green-crowned),Crowned Woodnymph (Green-crowned)
gncwoo2,Crowned Woodnymph (Emerald-bellied),Crowned Woodnymph (Emerald-bellied)
fotwoo1,Fork-tailed Woodnymph,Fork-tailed Woodnymph
y01132,Violet-capped/Fork-tailed Woodnymph,Violet-capped/Fork-tailed Woodnymph
snowca1,Snowcap,Snowcap
coheme1,Coppery-headed Emerald,Coppery-headed Emerald
whteme1,White-tailed Emerald,White-tailed Emerald
vichum1,Violet-capped Hummingbird,Violet-capped Hummingbird
ruchum1,Pirre Hummingbird,Pirre Hummingbird
mexwoo1,Mexican Woodnymph,Mexican Woodnymph
whthum1,White-tailed Hummingbird,White-tailed Hummingbird
blchum2,Oaxaca Hummingbird,Blue-capped Hummingbird
stthum1,Stripe-tailed Hummingbird,Stripe-tailed Hummingbird
blbhum1,Black-bellied Hummingbird,Black-bellied Hummingbird
scbhum1,Scaly-breasted Hummingbird,Scaly-breasted Hummingbird
scbhum2,Scaly-breasted Hummingbird (Robert's),Scaly-breasted Hummingbird (Robert's)
scbhum3,Scaly-breasted Hummingbird (Cuvier's),Scaly-breasted Hummingbird (Cuvier's)
bufhum1,Buffy Hummingbird,Buffy Hummingbird
tumhum1,Tumbes Hummingbird,Tumbes Hummingbird
spthum2,Spot-throated Hummingbird,Spot-throated Hummingbird
mashum1,Many-spotted Hummingbird,Many-spotted Hummingbird
swthum1,Swallow-tailed Hummingbird,Swallow-tailed Hummingbird
somhum1,Sombre Hummingbird,Sombre Hummingbird
olshum1,Olive-spotted Hummingbird,Olive-spotted Hummingbird
stream2,Red-billed Streamertail,Red-billed Streamertail
stream3,Black-billed Streamertail,Black-billed Streamertail
stream4,Red-billed x Black-billed Streamertail (hybrid),Red-billed x Black-billed Streamertail (hybrid)
stream1,Red-billed/Black-billed Streamertail,Red-billed/Black-billed Streamertail
vichum,Violet-crowned Hummingbird,Violet-crowned Hummingbird
x00633,Broad-billed x Violet-crowned Hummingbird (hybrid),Broad-billed x Violet-crowned Hummingbird (hybrid)
grfhum1,Green-fronted/Cinnamon-sided Hummingbird,Green-fronted Hummingbird
gnfhum1,Green-fronted Hummingbird (Green-fronted),Green-fronted Hummingbird (Green-fronted)
gnfhum2,Cinnamon-sided Hummingbird,Green-fronted Hummingbird (Cinnamon-sided)
gnfhum3,Cinnamon-sided Hummingbird (villadai),Green-fronted Hummingbird (villadai)
y01216,Violet-crowned/Green-fronted Hummingbird,Violet-crowned/Green-fronted Hummingbird
azchum1,Azure-crowned Hummingbird,Azure-crowned Hummingbird
azchum2,Azure-crowned Hummingbird (Azure-crowned),Azure-crowned Hummingbird (Azure-crowned)
azchum3,Azure-crowned Hummingbird (Mosquitia),Azure-crowned Hummingbird (Mosquitia)
buvhum1,Blue-vented Hummingbird,Blue-vented Hummingbird
berhum,Berylline Hummingbird,Berylline Hummingbird
berhum1,Berylline Hummingbird (Northern),Berylline Hummingbird (Northern)
berhum2,Berylline Hummingbird (Sumichrast's),Berylline Hummingbird (Sumichrast's)
x01172,Broad-billed x Berylline Hummingbird (hybrid),Broad-billed x Berylline Hummingbird (hybrid)
mxbhum1,Rivoli's x Berylline Hummingbird (hybrid),Rivoli's x Berylline Hummingbird (hybrid)
blthum1,Blue-tailed Hummingbird,Blue-tailed Hummingbird
snbhum1,Snowy-bellied Hummingbird,Snowy-bellied Hummingbird
stvhum2,Steely-vented Hummingbird,Steely-vented Hummingbird
guahum1,Guanacaste Hummingbird (unrecognized species),Guanacaste Hummingbird (unrecognized species)
inchum1,Indigo-capped Hummingbird,Indigo-capped Hummingbird
chbhum1,Chestnut-bellied Hummingbird,Chestnut-bellied Hummingbird
grbhum1,Green-bellied Hummingbird,Green-bellied Hummingbird
gnbhum2,Copper-tailed Hummingbird,Copper-tailed Hummingbird
corhum1,Copper-rumped Hummingbird,Copper-rumped Hummingbird
saucer1,Saucerottia sp.,Saucerottia sp.
cinhum1,Cinnamon Hummingbird,Cinnamon Hummingbird
cinhum2,Cinnamon Hummingbird (Tres Marias Is.),Cinnamon Hummingbird (Tres Marias Is.)
cinhum3,Cinnamon Hummingbird (Mainland),Cinnamon Hummingbird (Mainland)
bubhum,Buff-bellied Hummingbird,Buff-bellied Hummingbird
bubhum1,Buff-bellied Hummingbird (Yucatan),Buff-bellied Hummingbird (Yucatan)
bubhum2,Buff-bellied Hummingbird (Northern),Buff-bellied Hummingbird (Northern)
rtlhum,Rufous-tailed Hummingbird,Rufous-tailed Hummingbird
ruthum2,Rufous-tailed Hummingbird (Rufous-tailed),Rufous-tailed Hummingbird (Rufous-tailed)
ruthum3,Rufous-tailed Hummingbird (Escudo),Rufous-tailed Hummingbird (Escudo)
x00947,Cinnamon x Rufous-tailed Hummingbird (hybrid),Cinnamon x Rufous-tailed Hummingbird (hybrid)
y00375,Buff-bellied/Rufous-tailed Hummingbird,Buff-bellied/Rufous-tailed Hummingbird
honeme1,Honduran Emerald,Honduran Emerald
x00916,Azure-crowned Hummingbird x Honduran Emerald (hybrid),Azure-crowned Hummingbird x Honduran Emerald (hybrid)
x01033,Rufous-tailed Hummingbird x Honduran Emerald (hybrid),Rufous-tailed Hummingbird x Honduran Emerald (hybrid)
amahum1,Amazilia Hummingbird,Amazilia Hummingbird
amahum6,Amazilia Hummingbird (Green-tailed),Amazilia Hummingbird (Green-tailed)
amahum7,Amazilia Hummingbird (Azuay),Amazilia Hummingbird (Azuay)
amahum8,Amazilia Hummingbird (Montane),Amazilia Hummingbird (Montane)
amahum9,Amazilia Hummingbird (North Peruvian),Amazilia Hummingbird (North Peruvian)
amahum4,Amazilia Hummingbird (Amazilia),Amazilia Hummingbird (Amazilia)
amahum5,Amazilia Hummingbird (Blue-throated),Amazilia Hummingbird (Blue-throated)
andeme1,Andean Emerald,Andean Emerald
vereme1,Versicolored Emerald,Versicolored Emerald
vereme2,Versicolored Emerald (Versicolored),Versicolored Emerald (Versicolored)
vereme3,Versicolored Emerald (Rondonia),Versicolored Emerald (Rondonia)
shghum1,Shining-green Hummingbird,Shining-green Hummingbird
gotsap1,Golden-tailed Sapphire,Golden-tailed Sapphire
manhum1,Mangrove Hummingbird,Mangrove Hummingbird
sathum1,Sapphire-throated Hummingbird,Sapphire-throated Hummingbird
sabhum1,Sapphire-bellied Hummingbird,Sapphire-bellied Hummingbird
lepido3,Shining-green/Sapphire-throated/Sapphire-bellied Hummingbird,Shining-green/Sapphire-throated/Sapphire-bellied Hummingbird
humsap2,Humboldt's Sapphire,Humboldt's Sapphire
blhsap1,Blue-headed Sapphire,Blue-headed Sapphire
whceme1,White-chested Emerald,White-chested Emerald
plbeme1,Plain-bellied Emerald,Plain-bellied Emerald
whthum2,White-throated Hummingbird,White-throated Hummingbird
glteme1,Glittering-throated Emerald,Glittering-throated Emerald
saseme1,Sapphire-spangled Emerald,Sapphire-spangled Emerald
saseme2,Sapphire-spangled Emerald (Sapphire-spangled),Sapphire-spangled Emerald (Sapphire-spangled)
saseme3,Sapphire-spangled Emerald (Spot-vented),Sapphire-spangled Emerald (Spot-vented)
y00376,Glittering-throated/Sapphire-spangled Emerald,Glittering-throated/Sapphire-spangled Emerald
rutsap1,Rufous-throated Sapphire,Rufous-throated Sapphire
gilhum1,Gilded Sapphire,Gilded Hummingbird
whbhum1,White-bellied Hummingbird,White-bellied Hummingbird
whbhum2,White-bellied Hummingbird (chionogaster),White-bellied Hummingbird (chionogaster)
whbhum3,White-bellied Hummingbird (hypoleuca),White-bellied Hummingbird (hypoleuca)
gawhum1,Green-and-white Hummingbird,Green-and-white Hummingbird
y00377,White-bellied/Green-and-white Hummingbird,White-bellied/Green-and-white Hummingbird
puchum1,Purple-chested Hummingbird,Purple-chested Hummingbird
blchum1,Blue-chested Hummingbird,Blue-chested Hummingbird
chahum1,Charming Hummingbird,Charming Hummingbird
whbeme1,White-bellied Emerald,White-bellied Emerald
bltgol1,Blue-throated Sapphire,Blue-throated Goldentail
whcsap1,White-chinned Sapphire,White-chinned Sapphire
vibhum1,Violet-bellied Hummingbird,Violet-bellied Hummingbird
bucsap1,Blue-chinned Sapphire,Blue-chinned Sapphire
bogsun2,Bogota Sunangel (hybrid),Bogota Sunangel (hybrid)
hummin,hummingbird sp.,hummingbird sp.
madwor1,Madagascar Forest Rail,Madagascar Forest Rail
tsiwor1,Tsingy Forest Rail,Tsingy Forest Rail
whsflu1,White-spotted Flufftail,White-spotted Flufftail
whsflu2,White-spotted Flufftail (Northern),White-spotted Flufftail (Northern)
whsflu3,White-spotted Flufftail (Southern),White-spotted Flufftail (Southern)
busflu1,Buff-spotted Flufftail,Buff-spotted Flufftail
recflu1,Red-chested Flufftail,Red-chested Flufftail
chhflu1,Chestnut-headed Flufftail,Chestnut-headed Flufftail
stbflu1,Streaky-breasted Flufftail,Streaky-breasted Flufftail
strflu1,Striped Flufftail,Striped Flufftail
madflu1,Madagascar Flufftail,Madagascar Flufftail
whwflu1,White-winged Flufftail,White-winged Flufftail
slbflu1,Slender-billed Flufftail,Slender-billed Flufftail
flufft1,flufftail sp.,flufftail sp.
chfrai1,Chestnut Forest Rail,Chestnut Forest Rail
wsfrai1,White-striped Forest Rail,White-striped Forest Rail
forrai1,Forbes's Forest Rail,Forbes's Forest Rail
mayrai1,Mayr's Forest Rail,Mayr's Forest Rail
ridrai1,Ridgway's Rail,Ridgway's Rail
clarai3,Ridgway's Rail (San Francisco Bay),Ridgway's Rail (San Francisco Bay)
clarai4,Ridgway's Rail (Light-footed),Ridgway's Rail (Light-footed)
clarai6,Ridgway's Rail (South Baja),Ridgway's Rail (South Baja)
clarai5,Ridgway's Rail (Yuma),Ridgway's Rail (Yuma)
kinrai2,Aztec Rail,Aztec Rail
manrai1,Mangrove Rail,Mangrove Rail
manrai2,Mangrove Rail (Fonseca),Mangrove Rail (Fonseca)
clarai10,Mangrove Rail (Ecuadorian),Mangrove Rail (Ecuadorian)
clarai8,Mangrove Rail (Atlantic),Mangrove Rail (Atlantic)
kinrai4,King Rail,King Rail
kinrai1,King Rail (Northern),King Rail (Northern)
kinrai3,King Rail (Cuban),King Rail (Cuban)
kinrai,Aztec/King Rail,Aztec/King Rail
clarai11,Clapper Rail,Clapper Rail
clarai1,Clapper Rail (Atlantic Coast),Clapper Rail (Atlantic Coast)
clarai2,Clapper Rail (Gulf Coast),Clapper Rail (Gulf Coast)
clarai7,Clapper Rail (Caribbean),Clapper Rail (Caribbean)
clarai9,Clapper Rail (Yucatan),Clapper Rail (Yucatan)
x00948,King x Clapper Rail (hybrid),King x Clapper Rail (hybrid)
rallus,King/Clapper Rail,King/Clapper Rail
clarai,Ridgway's/Mangrove/Clapper Rail,Ridgway's/Mangrove/Clapper Rail
larrai1,large rail sp.,large rail sp.
plfrai1,Plain-flanked Rail,Plain-flanked Rail
virrai,Virginia Rail,Virginia Rail
virrai1,Ecuadorian Rail,Ecuadorian Rail
y00602,King/Virginia Rail,King/Virginia Rail
bograi1,Bogota Rail,Bogota Rail
ausrai1,Austral Rail,Austral Rail
watrai1,西方秧鸡,Water Rail
bncrai1,普通秧鸡,Brown-cheeked Rail
y00949,西方秧鸡/普通秧鸡,Water/Brown-cheeked Rail
afrrai1,African Rail,African Rail
madrai1,Madagascar Rail,Madagascar Rail
rallus1,Rallus sp.,Rallus sp.
whtrai1,White-throated Rail,White-throated Rail
reurai1,Reunion Rail,Reunion Rail
redrai1,Red Rail,Red Rail
rodrai1,Rodrigues Rail,Rodrigues Rail
corcra,长脚秧鸡,Corn Crake
afrcra1,African Crake,African Crake
rourai1,Rouget's Rail,Rouget's Rail
sthcra1,St. Helena Rail,St. Helena Rail
asccra1,Ascension Crake,Ascension Crake
plarai1,Snoring Rail,Snoring Rail
slbrai1,灰胸秧鸡 (蓝胸秧鸡),Slaty-breasted Rail
luzrai1,Brown-banded Rail,Luzon Rail
lewrai1,Lewin's Rail,Lewin's Rail
auirai1,Auckland Rail,Auckland Islands Rail
bafrai2,Blue-faced Rail,Blue-faced Rail
baerai1,Bare-eyed Rail,Bare-eyed Rail
talrai1,Talaud Rail,Talaud Rail
hawrai1,Hawkins's Rail,Hawkins's Rail
calrai1,Calayan Rail,Calayan Rail
invrai1,Invisible Rail,Invisible Rail
cherai1,Chestnut Rail,Chestnut Rail
weka1,Weka,Weka
necrai1,New Caledonian Rail,New Caledonian Rail
lohrai1,Lord Howe Woodhen,Lord Howe Rail
okirai1,Okinawa Rail,Okinawa Rail
tahrai1,Tahiti Rail,Tahiti Rail
bubrai1,Buff-banded Rail,Buff-banded Rail
chirai1,Chatham Rail,Chatham Islands Rail
dierai1,Dieffenbach's Rail,Dieffenbach's Rail
nebrai1,Pink-legged Rail,New Britain Rail
woorai1,Woodford's Rail,Woodford's Rail
woorai2,Woodford's Rail (Bougainville),Woodford's Rail (Bougainville)
woorai3,Woodford's Rail (Santa Isabel),Woodford's Rail (Santa Isabel)
woorai4,Woodford's Rail (Guadalcanal),Woodford's Rail (Guadalcanal)
bawrai1,Bar-winged Rail,Bar-winged Rail
guarai1,Guam Rail,Guam Rail
wairai1,Wake Island Rail,Wake Island Rail
barrai1,Barred Rail,Barred Rail
rovrai1,Roviana Rail,Roviana Rail
gytrai1,Grey-throated Rail,Gray-throated Rail
sporai,Spotted Rail,Spotted Rail
blarai1,Blackish Rail,Blackish Rail
plurai1,Plumbeous Rail,Plumbeous Rail
astcra1,Ash-throated Crake,Ash-throated Crake
zaprai1,Zapata Rail,Zapata Rail
colcra2,Colombian Crake,Colombian Crake
pabcra,Paint-billed Crake,Paint-billed Crake
unicra1,Uniform Crake,Uniform Crake
giwrai1,Giant Wood Rail,Giant Wood-Rail
brwrai1,Brown Wood Rail,Brown Wood-Rail
liwrai1,Little Wood Rail,Little Wood-Rail
rnwrai1,Rufous-necked Wood Rail,Rufous-necked Wood-Rail
runwor1,Russet-naped Wood Rail,Russet-naped Wood-Rail
gycwor1,Grey-cowled Wood Rail,Gray-cowled Wood-Rail
gycwor2,Grey-cowled Wood Rail (Grey-cowled),Gray-cowled Wood-Rail (Gray-cowled)
gycwor3,Grey-cowled Wood Rail (Grey-backed),Gray-cowled Wood-Rail (Gray-backed)
gnwrai1,Russet-naped/Grey-cowled Wood Rail,Russet-naped/Gray-cowled Wood-Rail
rwwrai1,Red-winged Wood Rail,Red-winged Wood-Rail
sbwrai1,Slaty-breasted Wood Rail,Slaty-breasted Wood-Rail
woodra1,wood rail sp.,wood-rail sp.
btnhen1,Black-tailed Nativehen,Black-tailed Nativehen
hodwat1,Hodgen's Waterhen,Hodgen's Waterhen
tanhen1,Tasmanian Nativehen,Tasmanian Nativehen
spfgal1,Spot-flanked Gallinule,Spot-flanked Gallinule
sora,Sora,Sora
spocra1,斑胸田鸡,Spotted Crake
auscra1,Australian Crake,Australian Crake
lesmoo1,Lesser Moorhen,Lesser Moorhen
sacmoo1,Makira Woodhen,Makira Moorhen
trimoo2,Tristan Moorhen,Tristan Moorhen
trimoo3,Gough Moorhen,Gough Moorhen
commoo3,黑水鸡,Eurasian Moorhen
comgal1,美洲黑水鸡,Common Gallinule
commoo2,美洲黑水鸡 [galeata Group],Common Gallinule (American)
comgal2,美洲黑水鸡 (garmani),Common Gallinule (Altiplano)
commoo1,美洲黑水鸡 (sandvicensis),Common Gallinule (Hawaiian)
commoo,黑水鸡/美洲黑水鸡,Eurasian Moorhen/Common Gallinule
dusmoo1,Dusky Moorhen,Dusky Moorhen
sammoo1,Samoan Woodhen,Samoan Moorhen
refcoo1,Red-fronted Coot,Red-fronted Coot
horcoo1,Horned Coot,Horned Coot
giacoo1,Giant Coot,Giant Coot
regcoo1,Red-gartered Coot,Red-gartered Coot
eurcoo,白骨顶 (骨顶鸡),Eurasian Coot
x00389,黑水鸡x白骨顶 (杂交),Eurasian Moorhen x Eurasian Coot (hybrid)
mascoo1,Mascarene Coot,Mascarene Coot
rekcoo1,Red-knobbed Coot,Red-knobbed Coot
x00911,Eurasian x Red-knobbed Coot (hybrid),Eurasian x Red-knobbed Coot (hybrid)
y00680,Eurasian/Red-knobbed Coot,Eurasian/Red-knobbed Coot
hawcoo,Hawaiian Coot,Hawaiian Coot
hawcoo1,Hawaiian Coot (Red-shielded),Hawaiian Coot (Red-shielded)
hawcoo2,Hawaiian Coot (White-shielded),Hawaiian Coot (White-shielded)
y00475,American Coot,American Coot
amecoo,American Coot (Red-shielded),American Coot (Red-shielded)
carcoo1,American Coot (White-shielded),American Coot (White-shielded)
x00390,Common Gallinule x American Coot (hybrid),Common Gallinule x American Coot (hybrid)
slccoo1,Andean Coot,Slate-colored Coot
slccoo2,Andean Coot (White-billed),Slate-colored Coot (White-billed)
slccoo3,Andean Coot (Yellow-billed),Slate-colored Coot (Yellow-billed)
x00845,Red-gartered x Andean Coot (hybrid),Red-gartered x Slate-colored Coot (hybrid)
whwcoo1,White-winged Coot,White-winged Coot
coot1,coot sp.,coot sp.
allgal1,Allen's Gallinule,Allen's Gallinule
purgal2,Purple Gallinule,Purple Gallinule
azugal1,Azure Gallinule,Azure Gallinule
marswa1,Marquesan Swamphen,Marquesan Swamphen
necgal1,New Caledonian Gallinule,New Caledonian Gallinule
reugal1,Reunion Gallinule,Reunion Gallinule
purswa1,Western Swamphen,Western Swamphen
purswa4,黑背紫水鸡,Black-backed Swamphen
purswa2,African Swamphen,African Swamphen
takahe3,South Island Takahe,South Island Takahe
takahe2,North Island Takahe,North Island Takahe
purswa6,Australasian Swamphen,Australasian Swamphen
purswa5,Philippine Swamphen,Philippine Swamphen
lohswa1,White Swamphen,Lord Howe Swamphen
purswa3,紫水鸡,Gray-headed Swamphen
x00844,黑背紫水鸡x紫水鸡 (杂交),Black-backed x Gray-headed Swamphen (hybrid)
x01061,African x Grey-headed Swamphen (hybrid),African x Gray-headed Swamphen (hybrid)
y00951,黑背紫水鸡/紫水鸡,Black-backed/Gray-headed Swamphen
y01233,African/Grey-headed Swamphen,African/Gray-headed Swamphen
purswa,未识别的紫水鸡类,swamphen sp.
y00614,未识别的水鸡和骨顶类,moorhen/coot/gallinule sp.
nkurai1,Nkulengu Rail,Nkulengu Rail
whbcra1,白眉田鸡,White-browed Crake
ngfrai1,New Guinea Flightless Rail,New Guinea Flightless Rail
waterc1,董鸡,Watercock
isabuh1,Isabelline Bush-hen,Isabelline Bush-hen
plabuh1,Plain Bush-hen,Plain Bush-hen
whbwat1,白胸苦恶鸟,White-breasted Waterhen
talbuh1,Talaud Bush-hen,Talaud Bush-hen
rutbuh1,Pale-vented Bush-hen,Pale-vented Bush-hen
strcra1,Striped Crake,Striped Crake
rencra1,Red-necked Crake,Red-necked Crake
andcra1,Andaman Crake,Andaman Crake
grncra1,Great Nicobar Crake (undescribed form),Great Nicobar Crake (undescribed form)
relcra1,红腿斑秧鸡,Red-legged Crake
sllcra1,白喉斑秧鸡,Slaty-legged Crake
rallin1,Rallina sp.,Rallina sp.
rubcra1,红胸田鸡,Ruddy-breasted Crake
babcra1,斑胁田鸡,Band-bellied Crake
brocra1,红脚田鸡 (红脚苦恶鸟),Brown Crake
blacra1,Black Crake,Black Crake
litcra1,姬田鸡,Little Crake
baicra1,小田鸡,Baillon's Crake
baicra2,小田鸡 (intermedia),Baillon's Crake (Western)
baicra3,小田鸡 (亚洲),Baillon's Crake (Eastern)
baicra4,小田鸡 [palustris Group],Baillon's Crake (Australasian)
y00950,姬田鸡/小田鸡,Little/Baillon's Crake
y01026,斑胸田鸡/姬田鸡/小田鸡,Spotted/Little/Baillon's Crake
sthrai1,St. Helena Crake,St. Helena Crake
layrai,Laysan Rail,Laysan Rail
sakrai1,Sakalava Rail,Sakalava Rail
bltcra1,棕背田鸡,Black-tailed Crake
hawrai,Hawaiian Rail,Hawaiian Rail
milrai1,Tahiti Crake,Miller's Rail
heicra1,Henderson Crake,Henderson Island Crake
spocra2,Spotless Crake,Spotless Crake
koscra1,Kosrae Crake,Kosrae Crake
zaporn1,Zapornia sp.,Zapornia sp.
ocecra1,Ocellated Crake,Ocellated Crake
ruccra1,Russet-crowned Crake,Russet-crowned Crake
blbcra1,Black-banded Crake,Black-banded Crake
rawcra1,Red-and-white Crake,Red-and-white Crake
rufcra1,Rufous-faced Crake,Rufous-faced Crake
chhcra1,Chestnut-headed Crake,Chestnut-headed Crake
swirai1,花田鸡,Swinhoe's Rail
yelrai,Yellow Rail,Yellow Rail
yelrai1,Yellow Rail (Northern),Yellow Rail (Northern)
yelrai2,Yellow Rail (Goldman's),Yellow Rail (Goldman's)
inirai1,Inaccessible Island Rail,Inaccessible Island Rail
sperai1,Speckled Rail,Speckled Rail
yebcra1,Yellow-breasted Crake,Yellow-breasted Crake
rufcra2,Rusty-flanked Crake,Rusty-flanked Crake
ruscra1,Rufous-sided Crake,Rufous-sided Crake
y01025,Red-and-white/Rufous-sided Crake,Red-and-white/Rufous-sided Crake
rudcra1,Ruddy Crake,Ruddy Crake
whtcra1,White-throated Crake,White-throated Crake
whtcra2,White-throated Crake (Rufous-faced),White-throated Crake (Rufous-faced)
whtcra3,White-throated Crake (Grey-faced),White-throated Crake (Gray-faced)
y00844,Ruddy/White-throated Crake,Ruddy/White-throated Crake
grbcra1,Grey-breasted Crake,Gray-breasted Crake
galrai1,Galapagos Crake,Galapagos Rail
blkrai,Black Rail,Black Rail
blkrai1,Black Rail (Northern),Black Rail (Northern)
blkrai2,Black Rail (Southern South America),Black Rail (Southern South America)
blkrai3,Black Rail (Junin),Black Rail (Junin)
dowcra1,Dot-winged Crake,Dot-winged Crake
porzan1,Porzana/Zapornia sp.,Porzana/Zapornia sp.
rail1,未识别的秧鸡和田鸡类,rail/crake sp.
afrfin1,African Finfoot,African Finfoot
masfin3,Masked Finfoot,Masked Finfoot
sungre1,Sungrebe,Sungrebe
limpki,Limpkin,Limpkin
limpki1,Limpkin (Speckled),Limpkin (Speckled)
limpki2,Limpkin (Brown-backed),Limpkin (Brown-backed)
gywtru1,Grey-winged Trumpeter,Gray-winged Trumpeter
gywtru2,Grey-winged Trumpeter (Napo),Gray-winged Trumpeter (Napo)
pawtru3,Grey-winged Trumpeter (Ochre-winged),Gray-winged Trumpeter (Ochre-winged)
gywtru3,Grey-winged Trumpeter (Grey-winged),Gray-winged Trumpeter (Gray-winged)
pawtru2,Pale-winged Trumpeter,Pale-winged Trumpeter
dawtru1,Dark-winged Trumpeter,Dark-winged Trumpeter
dawtru4,Dark-winged Trumpeter (Green-backed),Dark-winged Trumpeter (Green-backed)
dawtru2,Dark-winged Trumpeter (Dusky-backed),Dark-winged Trumpeter (Dusky-backed)
dawtru5,Dark-winged Trumpeter (Xingu),Dark-winged Trumpeter (Xingu)
dawtru3,Dark-winged Trumpeter (Black-backed),Dark-winged Trumpeter (Black-backed)
trumpe1,trumpeter sp.,trumpeter sp.
grccra1,Grey Crowned Crane,Gray Crowned-Crane
blccra1,Black Crowned Crane,Black Crowned-Crane
sibcra1,白鹤,Siberian Crane
sancra,沙丘鹤,Sandhill Crane
sancra1,沙丘鹤 (极北),Sandhill Crane (Lesser)
sancra2,沙丘鹤 (tabida/rowani),Sandhill Crane (Greater)
sancra4,沙丘鹤 (pulla),Sandhill Crane (Mississippi)
sancra5,沙丘鹤 (pratensis),Sandhill Crane (Florida)
sancra6,沙丘鹤 (nesiotes),Sandhill Crane (Cuban)
whncra1,白枕鹤,White-naped Crane
brolga1,Brolga,Brolga
sarcra1,赤颈鹤,Sarus Crane
x00949,Brolga x Sarus Crane (hybrid),Brolga x Sarus Crane (hybrid)
watcra2,Wattled Crane,Wattled Crane
demcra1,蓑羽鹤,Demoiselle Crane
blucra2,Blue Crane,Blue Crane
reccra1,丹顶鹤,Red-crowned Crane
whocra,Whooping Crane,Whooping Crane
x00790,Sandhill x Whooping Crane (hybrid),Sandhill x Whooping Crane (hybrid)
comcra,灰鹤,Common Crane
x00657,沙丘鹤x灰鹤 (杂交),Sandhill x Common Crane (hybrid)
blncra1,黑颈鹤,Black-necked Crane
hoocra1,白头鹤,Hooded Crane
x00884,灰鹤x白头鹤 (杂交),Common x Hooded Crane (hybrid)
crane1,未识别的鹤,crane sp.
magplo1,Magellanic Plover,Magellanic Plover
blfshe1,Black-faced Sheathbill,Black-faced Sheathbill
snoshe2,Snowy Sheathbill,Snowy Sheathbill
dstkne,Double-striped Thick-knee,Double-striped Thick-knee
petkne1,Peruvian Thick-knee,Peruvian Thick-knee
grtkne1,大石鸻,Great Thick-knee
beathk1,澳洲石鸻,Beach Thick-knee
sptkne1,Spotted Thick-knee,Spotted Thick-knee
watkne1,Water Thick-knee,Water Thick-knee
butkne1,Bush Stone-curlew,Bush Thick-knee
eutkne1,石鸻 (欧石鸻),Eurasian Thick-knee
indthk1,印度石鸻,Indian Thick-knee
setkne1,Senegal Thick-knee,Senegal Thick-knee
burhin1,Burhinus sp.,Burhinus sp.
egyplo1,Egyptian Plover,Egyptian Plover
bkwsti,黑翅长脚鹬,Black-winged Stilt
piesti1,澳洲长脚鹬,Pied Stilt
x00830,黑翅长脚鹬x澳洲长脚鹬 (杂交),Black-winged x Pied Stilt (hybrid)
y00932,黑翅长脚鹬/澳洲长脚鹬,Black-winged/Pied Stilt
blasti1,Black Stilt,Black Stilt
x00459,Pied x Black Stilt (hybrid),Pied x Black Stilt (hybrid)
y01133,Pied/Black Stilt,Pied/Black Stilt
bknsti,Black-necked/White-backed Stilt,Black-necked Stilt
bknsti1,Black-necked Stilt (Black-necked),Black-necked Stilt (Black-necked)
hawsti1,Black-necked Stilt (Hawaiian),Black-necked Stilt (Hawaiian)
bknsti2,White-backed Stilt,Black-necked Stilt (White-backed)
bknsti3,Black-necked Stilt x White-backed Stilt (hybrid),Black-necked Stilt (Black-necked x White-backed)
x00846,Black-winged x Black-necked Stilt (hybrid),Black-winged x Black-necked Stilt (hybrid)
bansti1,Banded Stilt,Banded Stilt
pieavo1,反嘴鹬,Pied Avocet
renavo1,Red-necked Avocet,Red-necked Avocet
andavo1,Andean Avocet,Andean Avocet
ameavo,American Avocet,American Avocet
x00732,Black-necked Stilt x American Avocet (hybrid),Black-necked Stilt x American Avocet (hybrid)
y00722,stilt/avocet sp.,stilt/avocet sp.
ibisbi1,鹮嘴鹬,Ibisbill
euroys1,蛎鹬,Eurasian Oystercatcher
euroys2,蛎鹬 (西部),Eurasian Oystercatcher (Western)
euroys3,蛎鹬 (东亚),Eurasian Oystercatcher (Far Eastern)
pieoys1,Pied Oystercatcher,Pied Oystercatcher
soioys1,South Island Oystercatcher,South Island Oystercatcher
chaoys1,Chatham Islands Oystercatcher,Chatham Islands Oystercatcher
varoys1,Variable Oystercatcher,Variable Oystercatcher
x00928,South Island x Variable Oystercatcher (hybrid),South Island x Variable Oystercatcher (hybrid)
soooys1,Sooty Oystercatcher,Sooty Oystercatcher
soooys2,Sooty Oystercatcher (Yellow-spectacled),Sooty Oystercatcher (Yellow-spectacled)
soooys3,Sooty Oystercatcher (Orange-spectacled),Sooty Oystercatcher (Orange-spectacled)
ameoys,American Oystercatcher,American Oystercatcher
afroys1,African Oystercatcher,African Oystercatcher
canoys1,Canary Islands Oystercatcher,Canarian Oystercatcher
blaoys1,Blackish Oystercatcher,Blackish Oystercatcher
magoys1,Magellanic Oystercatcher,Magellanic Oystercatcher
blkoys,Black Oystercatcher,Black Oystercatcher
x00006,American x Black Oystercatcher (hybrid),American x Black Oystercatcher (hybrid)
y01027,American/Black Oystercatcher,American/Black Oystercatcher
oyster1,oystercatcher sp.,oystercatcher sp.
bkbplo,灰斑鸻,Black-bellied Plover
eugplo,欧金鸻,European Golden-Plover
amgplo,美洲金鸻,American Golden-Plover
pagplo,金斑鸻,Pacific Golden-Plover
y00222,美洲金鸻/金斑鸻,American/Pacific Golden-Plover (Lesser Golden-Plover)
golplo,未识别的金斑鸻类,golden-plover sp.
y00494,未识别的灰斑鸻和金斑鸻类,Black-bellied Plover/golden-plover sp.
tatdot1,Tawny-throated Dotterel,Tawny-throated Dotterel
pielap1,Pied Plover,Pied Plover
diaplo1,Diademed Sandpiper-Plover,Diademed Sandpiper-Plover
rucdot1,Rufous-chested Dotterel,Rufous-chested Dotterel
eurdot,小嘴鸻,Eurasian Dotterel
killde,Killdeer,Killdeer
corplo,剑鸻,Common Ringed Plover
semplo,半蹼鸻,Semipalmated Plover
y00845,剑鸻/半蹼鸻,Common Ringed/Semipalmated Plover
pipplo,Piping Plover,Piping Plover
hooplo2,Hooded Plover,Hooded Plover
blfdot1,Black-fronted Dotterel,Black-fronted Dotterel
shoplo1,Shore Plover,Shore Plover
forplo1,Forbes's Plover,Forbes's Plover
thbplo1,Three-banded Plover,Three-banded Plover
thbplo2,Three-banded Plover (African),Three-banded Plover (African)
thbplo3,Three-banded Plover (Madagascar),Three-banded Plover (Madagascar)
lirplo,金眶鸻,Little Ringed Plover
lirplo1,金眶鸻 (古北界),Little Ringed Plover (curonicus)
lirplo2,金眶鸻 (东洋界),Little Ringed Plover (dubius/jerdoni)
y00379,剑鸻/金眶鸻,Common/Little Ringed Plover
lobplo1,长嘴剑鸻,Long-billed Plover
charad2,未识别的Charadrius/Thinornis属鸻类,Charadrius/Thinornis sp.
norlap,凤头麦鸡,Northern Lapwing
lotlap1,Long-toed Lapwing,Long-toed Lapwing
blaplo1,Blacksmith Lapwing,Blacksmith Lapwing
spwlap1,Spur-winged Lapwing,Spur-winged Lapwing
rivlap1,距翅麦鸡,River Lapwing
yewlap2,Yellow-wattled Lapwing,Yellow-wattled Lapwing
blhlap1,Black-headed Lapwing,Black-headed Lapwing
whhlap1,White-crowned Lapwing,White-crowned Lapwing
x00885,Blacksmith x White-crowned Lapwing (hybrid),Blacksmith x White-crowned Lapwing (hybrid)
senlap1,Senegal Lapwing,Senegal Lapwing
blwlap1,Black-winged Lapwing,Black-winged Lapwing
crolap1,Crowned Lapwing,Crowned Lapwing
watlap1,African Wattled Lapwing,Wattled Lapwing
spblap1,Spot-breasted Lapwing,Spot-breasted Lapwing
brclap1,Brown-chested Lapwing,Brown-chested Lapwing
gyhlap1,灰头麦鸡,Gray-headed Lapwing
rewlap1,肉垂麦鸡,Red-wattled Lapwing
rewlap6,肉垂麦鸡 (白颈),Red-wattled Lapwing (White-necked)
rewlap5,肉垂麦鸡 (黑颈),Red-wattled Lapwing (Black-necked)
sunlap1,Javan Lapwing,Javan Lapwing
banlap1,Banded Lapwing,Banded Lapwing
maslap1,Masked Lapwing,Masked Lapwing
maslap2,Masked Lapwing (Masked),Masked Lapwing (Masked)
maslap3,Masked Lapwing (Black-shouldered),Masked Lapwing (Black-shouldered)
soclap1,黄颊麦鸡,Sociable Lapwing
whtlap1,白尾麦鸡,White-tailed Lapwing
soulap1,Southern Lapwing,Southern Lapwing
soulap2,Southern Lapwing (cayennensis),Southern Lapwing (cayennensis)
soulap3,Southern Lapwing (lampronotus),Southern Lapwing (lampronotus)
soulap4,Southern Lapwing (chilensis/fretensis),Southern Lapwing (chilensis/fretensis)
andlap1,Andean Lapwing,Andean Lapwing
lapwin1,未识别的麦鸡,lapwing sp.
rekdot1,Red-kneed Dotterel,Red-kneed Dotterel
inldot2,Inland Dotterel,Inland Dotterel
casplo1,红胸鸻,Caspian Plover
oriplo1,东方鸻,Oriental Plover
lessap2,蒙古沙鸻,Siberian Sand-Plover
lessap1,青藏沙鸻,Tibetan Sand-Plover
lesplo,蒙古沙鸻/青藏沙鸻,Siberian/Tibetan Sand-Plover
grsplo,铁嘴沙鸻,Greater Sand-Plover
y00648,蒙古沙鸻/青藏沙鸻/铁嘴沙鸻,sand-plover sp.
dobplo1,Double-banded Plover,Double-banded Plover
wrybil1,Wrybill,Wrybill
rebdot1,New Zealand Plover,Red-breasted Dotterel
rebdot2,New Zealand Plover (Northern),Red-breasted Dotterel (Northern)
rebdot3,New Zealand Plover (Southern),Red-breasted Dotterel (Southern)
wilplo,Wilson's Plover,Wilson's Plover
colplo1,Collared Plover,Collared Plover
mouplo,Mountain Plover,Mountain Plover
punplo1,Puna Plover,Puna Plover
twbplo1,Two-banded Plover,Two-banded Plover
madplo1,Madagascar Plover,Madagascar Plover
kitplo1,Kittlitz's Plover,Kittlitz's Plover
sthplo1,St. Helena Plover,St. Helena Plover
recplo1,Red-capped Plover,Red-capped Plover
snoplo5,雪鸻,Snowy Plover
snoplo3,雪鸻 (nivosus),Snowy Plover (Northern)
snoplo4,雪鸻 (occidentalis),Snowy Plover (Humboldt)
chbplo1,Chestnut-banded Plover,Chestnut-banded Plover
malplo1,马来鸻,Malaysian Plover
whfplo1,White-fronted Plover,White-fronted Plover
javplo1,Javan Plover,Javan Plover
kenplo1,环颈鸻,Kentish Plover
snoplo1,环颈鸻 (广布),Kentish Plover (Kentish)
snoplo2,环颈鸻 (seebohmi),Kentish Plover (Hanuman)
snoplo,环颈鸻/雪鸻,Snowy/Kentish Plover
whfplo2,白脸鸻,White-faced Plover
y00378,环颈鸻/白脸鸻,Kentish/White-faced Plover
anarhy1,未识别的Anarhynchus属鸻类,Anarhynchus sp.
smaplo1,未识别的小型鸻类,small plover sp.
plover2,未识别的鸻类,plover sp.
plawan1,Plains-wanderer,Plains-wanderer
rubsee2,Rufous-bellied Seedsnipe,Rufous-bellied Seedsnipe
whbsee2,White-bellied Seedsnipe,White-bellied Seedsnipe
gybsee1,Grey-breasted Seedsnipe,Gray-breasted Seedsnipe
leasee1,Least Seedsnipe,Least Seedsnipe
y01380,Grey-breasted/Least Seedsnipe,Gray-breasted/Least Seedsnipe
seedsn1,seedsnipe sp.,seedsnipe sp.
grpsni1,彩鹬,Greater Painted-Snipe
auspas1,Australian Painted-snipe,Australian Painted-Snipe
soapas1,South American Painted-snipe,South American Painted-Snipe
phtjac1,水雉,Pheasant-tailed Jacana
norjac,Northern Jacana,Northern Jacana
watjac1,Wattled Jacana,Wattled Jacana
watjac2,Wattled Jacana (Black-backed),Wattled Jacana (Black-backed)
watjac3,Wattled Jacana (Chestnut-backed),Wattled Jacana (Chestnut-backed)
x00791,Northern x Wattled Jacana (hybrid),Northern x Wattled Jacana (hybrid)
y00846,Northern/Wattled Jacana,Northern/Wattled Jacana
lesjac1,Lesser Jacana,Lesser Jacana
cocjac1,Comb-crested Jacana,Comb-crested Jacana
brwjac1,铜翅水雉,Bronze-winged Jacana
afrjac1,African Jacana,African Jacana
madjac1,Madagascar Jacana,Madagascar Jacana
jacana1,未识别的水雉类,jacana sp.
uplsan,Upland Sandpiper,Upland Sandpiper
brtcur,Bristle-thighed Curlew,Bristle-thighed Curlew
whimbr3,美洲中杓鹬,Hudsonian Whimbrel
whimbr5,中杓鹬,Eurasian Whimbrel
whimbr1,中杓鹬 (欧洲),Eurasian Whimbrel (European)
whimbr4,中杓鹬 (草原),Eurasian Whimbrel (Steppe)
whimbr2,中杓鹬 (东亚),Eurasian Whimbrel (Siberian)
whimbr,美洲中杓鹬/中杓鹬,Hudsonian/Eurasian Whimbrel
litcur,小杓鹬,Little Curlew
eskcur,Eskimo Curlew,Eskimo Curlew
lobcur,Long-billed Curlew,Long-billed Curlew
faecur,大杓鹬,Far Eastern Curlew
slbcur,Slender-billed Curlew,Slender-billed Curlew
eurcur,白腰杓鹬,Eurasian Curlew
y00774,中杓鹬/白腰杓鹬,Eurasian Whimbrel/Eurasian Curlew
y00952,大杓鹬/白腰杓鹬,Far Eastern/Eurasian Curlew
curlew1,未识别的杓鹬,curlew sp.
batgod,斑尾塍鹬,Bar-tailed Godwit
batgod1,斑尾塍鹬 (欧洲),Bar-tailed Godwit (European)
batgod2,斑尾塍鹬 (东亚),Bar-tailed Godwit (Siberian)
bktgod,黑尾塍鹬,Black-tailed Godwit
bktgod1,黑尾塍鹬 (islandica),Black-tailed Godwit (Icelandic)
bktgod2,黑尾塍鹬 (欧洲),Black-tailed Godwit (European)
bktgod3,黑尾塍鹬 (东亚),Black-tailed Godwit (melanuroides)
bktgod4,黑尾塍鹬 (渤海),Black-tailed Godwit (bohaii)
y00380,斑尾塍鹬/黑尾塍鹬,Bar-tailed/Black-tailed Godwit
hudgod,Hudsonian Godwit,Hudsonian Godwit
x01025,Bar-tailed x Hudsonian Godwit (hybrid),Bar-tailed x Hudsonian Godwit (hybrid)
x01026,Black-tailed x Hudsonian Godwit (hybrid),Black-tailed x Hudsonian Godwit (hybrid)
margod,Marbled Godwit,Marbled Godwit
y00381,Hudsonian/Marbled Godwit,Hudsonian/Marbled Godwit
godwit1,未识别的塍鹬,godwit sp.
asidow1,半蹼鹬,Asian Dowitcher
shbdow,短嘴半蹼鹬,Short-billed Dowitcher
shbdow1,短嘴半蹼鹬 (griseus),Short-billed Dowitcher (griseus)
shbdow2,短嘴半蹼鹬 (hendersoni),Short-billed Dowitcher (hendersoni)
shbdow3,短嘴半蹼鹬 (caurinus),Short-billed Dowitcher (caurinus)
lobdow,长嘴半蹼鹬 (长嘴鹬),Long-billed Dowitcher
dowitc,短嘴半蹼鹬/长嘴半蹼鹬,Short-billed/Long-billed Dowitcher
jacsni,姬鹬,Jack Snipe
amewoo,American Woodcock,American Woodcock
eurwoo,丘鹬,Eurasian Woodcock
amawoo1,Amami Woodcock,Amami Woodcock
y01217,Eurasian/Amami Woodcock,Eurasian/Amami Woodcock
bukwoo1,Bukidnon Woodcock,Bukidnon Woodcock
duswoo4,Javan Woodcock,Javan Woodcock
duswoo3,New Guinea Woodcock,New Guinea Woodcock
sulwoo1,Sulawesi Woodcock,Sulawesi Woodcock
molwoo1,Moluccan Woodcock,Moluccan Woodcock
noisni1,North Island Snipe,North Island Snipe
soisni1,South Island Snipe,South Island Snipe
chisni1,Chatham Islands Snipe,Chatham Islands Snipe
snisni1,Snares Snipe,Snares Snipe
subsni1,Subantarctic Snipe,Subantarctic Snipe
impsni1,Imperial Snipe,Imperial Snipe
andsni1,Jameson's Snipe,Jameson's Snipe
fuesni1,Fuegian Snipe,Fuegian Snipe
solsni1,孤沙锥,Solitary Snipe
woosni1,林沙锥,Wood Snipe
gresni1,Great Snipe,Great Snipe
swisni1,大沙锥,Swinhoe's Snipe
pitsni,针尾沙锥,Pin-tailed Snipe
y00723,大沙锥/针尾沙锥,Swinhoe's/Pin-tailed Snipe
latsni1,拉氏沙锥 (澳南沙锥),Latham's Snipe
afrsni1,African Snipe,African Snipe
comsni,扇尾沙锥,Common Snipe
x00792,Great x Common Snipe (hybrid),Great x Common Snipe (hybrid)
y00847,扇尾沙锥/针尾沙锥,Pin-tailed/Common Snipe
wilsni1,美洲沙锥,Wilson's Snipe
y00477,扇尾沙锥/美洲沙锥,Common/Wilson's Snipe
giasni1,Giant Snipe,Giant Snipe
nobsni1,Noble Snipe,Noble Snipe
punsni1,Puna Snipe,Puna Snipe
madsni1,Madagascar Snipe,Madagascar Snipe
soasni2,Pantanal Snipe,Pantanal Snipe
y01125,Wilson's/Pantanal Snipe,Wilson's/Pantanal Snipe
soasni3,Magellanic Snipe,Magellanic Snipe
soasni1,Pantanal/Magellanic Snipe,Pantanal/Magellanic Snipe
snipe2,未识别的沙锥,snipe sp.
wilpha,Wilson's Phalarope,Wilson's Phalarope
redpha1,灰瓣蹼鹬,Red Phalarope
renpha,红颈瓣蹼鹬,Red-necked Phalarope
y00635,灰瓣蹼鹬/红颈瓣蹼鹬,Red/Red-necked Phalarope
phalar,未识别的瓣蹼鹬,phalarope sp.
tersan,翘嘴鹬,Terek Sandpiper
comsan,矶鹬,Common Sandpiper
sposan,Spotted Sandpiper,Spotted Sandpiper
y00668,Common/Spotted Sandpiper,Common/Spotted Sandpiper
grnsan,白腰草鹬,Green Sandpiper
solsan,Solitary Sandpiper,Solitary Sandpiper
solsan1,Solitary Sandpiper (solitaria),Solitary Sandpiper (solitaria)
solsan2,Solitary Sandpiper (cinnamomea),Solitary Sandpiper (cinnamomea)
y01311,Spotted/Solitary Sandpiper,Spotted/Solitary Sandpiper
gyttat1,灰尾漂鹬,Gray-tailed Tattler
wantat1,漂鹬,Wandering Tattler
y00495,灰尾漂鹬/漂鹬,Gray-tailed/Wandering Tattler
marsan,泽鹬,Marsh Sandpiper
woosan,林鹬,Wood Sandpiper
comred1,红脚鹬,Common Redshank
lesyel,小黄脚鹬,Lesser Yellowlegs
norgre1,小青脚鹬,Nordmann's Greenshank
willet1,Willet,Willet
willet2,Willet (Eastern),Willet (Eastern)
willet3,Willet (Western),Willet (Western)
spored,鹤鹬,Spotted Redshank
y00383,红脚鹬/鹤鹬,Common/Spotted Redshank
comgre,青脚鹬,Common Greenshank
y00954,小青脚鹬/青脚鹬,Nordmann's/Common Greenshank
greyel,Greater Yellowlegs,Greater Yellowlegs
y00476,Lesser/Greater Yellowlegs,Lesser/Greater Yellowlegs
tringa1,未识别的Tringa属鹬,Tringa sp.
kirsan1,Kiritimati Sandpiper,Kiritimati Sandpiper
whwsan1,Tahiti Sandpiper,White-winged Sandpiper
moosan1,Moorea Sandpiper,Moorea Sandpiper
tuasan1,Tuamotu Sandpiper,Tuamotu Sandpiper
rudtur,翻石鹬,Ruddy Turnstone
blktur,Black Turnstone,Black Turnstone
grekno,大滨鹬,Great Knot
redkno,红腹滨鹬,Red Knot
y00382,大滨鹬/红腹滨鹬,Great/Red Knot
surfbi,Surfbird,Surfbird
x00733,Great Knot x Surfbird (hybrid),Great Knot x Surfbird (hybrid)
x00675,Red Knot x Surfbird (hybrid),Red Knot x Surfbird (hybrid)
ruff,流苏鹬,Ruff
brbsan,阔嘴鹬,Broad-billed Sandpiper
shtsan,尖尾滨鹬,Sharp-tailed Sandpiper
cursan,弯嘴滨鹬,Curlew Sandpiper
stisan,高跷鹬,Stilt Sandpiper
temsti,青脚滨鹬,Temminck's Stint
lotsti,长趾滨鹬,Long-toed Stint
rensti,红颈滨鹬,Red-necked Stint
spbsan1,勺嘴鹬,Spoon-billed Sandpiper
bubsan,黄胸滨鹬 (饰胸鹬),Buff-breasted Sandpiper
sander,三趾滨鹬,Sanderling
dunlin,黑腹滨鹬,Dunlin
dunlin1,黑腹滨鹬 (太平洋),Dunlin (pacifica/arcticola)
dunlin2,黑腹滨鹬 (hudsonia),Dunlin (hudsonia)
dunlin3,黑腹滨鹬 (arctica),Dunlin (arctica)
dunlin4,黑腹滨鹬 (schinzii),Dunlin (schinzii)
dunlin5,黑腹滨鹬 (欧洲至北亚),Dunlin (alpina/centralis)
dunlin6,黑腹滨鹬 (东北亚),Dunlin (sakhalina Group)
y01074,弯嘴滨鹬/黑腹滨鹬,Curlew Sandpiper/Dunlin
pursan,Purple Sandpiper,Purple Sandpiper
x00433,Dunlin x Purple Sandpiper (hybrid),Dunlin x Purple Sandpiper (hybrid)
rocsan,岩滨鹬,Rock Sandpiper
rocsan2,岩滨鹬 (ptilocnemis),Rock Sandpiper (Pribilof Is.)
rocsan5,岩滨鹬 (quarta/tschuktschorum/couesi),Rock Sandpiper (quarta/tschuktschorum/couesi)
rocsan4,岩滨鹬 (堪察加),Rock Sandpiper (Kuril Is.)
rocsan1,岩滨鹬 (白令海峡),Rock Sandpiper (Bering Strait)
rocsan3,岩滨鹬 (couesi),Rock Sandpiper (Aleutian)
x01213,黑腹滨鹬x岩滨鹬 (杂交),Dunlin x Rock Sandpiper (hybrid)
y00953,Purple/Rock Sandpiper,Purple/Rock Sandpiper
baisan,黑腰滨鹬,Baird's Sandpiper
x01123,黄胸滨鹬x黑腰滨鹬 (杂交),Buff-breasted x Baird's Sandpiper (hybrid)
litsti,小滨鹬,Little Stint
y00497,红颈滨鹬/小滨鹬,Red-necked/Little Stint
whrsan,白腰滨鹬,White-rumped Sandpiper
x01062,翻石鹬x白腰滨鹬 (杂交),Ruddy Turnstone x White-rumped Sandpiper (hybrid)
x01229,红腹滨鹬x白腰滨鹬 (杂交),Red Knot x White-rumped Sandpiper (hybrid)
x00431,黄胸滨鹬x白腰滨鹬 (杂交),Buff-breasted x White-rumped Sandpiper (hybrid)
x00430,黑腹滨鹬x白腰滨鹬 (杂交),Dunlin x White-rumped Sandpiper (hybrid)
leasan,姬滨鹬,Least Sandpiper
pecsan,斑胸滨鹬,Pectoral Sandpiper
x00432,弯嘴滨鹬x斑胸滨鹬 (杂交),Curlew x Pectoral Sandpiper (hybrid)
x01094,白腰滨鹬x斑胸滨鹬 (杂交),White-rumped x Pectoral Sandpiper (hybrid)
y00705,尖尾滨鹬/斑胸滨鹬,Sharp-tailed/Pectoral Sandpiper
wessan,西方滨鹬,Western Sandpiper
semsan,Semipalmated Sandpiper,Semipalmated Sandpiper
x01042,White-rumped x Semipalmated Sandpiper (hybrid),White-rumped x Semipalmated Sandpiper (hybrid)
y00496,Western/Semipalmated Sandpiper,Western/Semipalmated Sandpiper
calidr,未识别的小型滨鹬,peep sp.
calidr1,未识别的Calidris属鹬,Calidris sp.
scolop1,未识别的鹬类,Scolopacidae sp.
larsho1,未识别的大型鹬类,large shorebird sp.
yelbut1,黄脚三趾鹑,Yellow-legged Buttonquail
rebbut2,Red-backed Buttonquail,Red-backed Buttonquail
barbut1,棕三趾鹑,Barred Buttonquail
spobut2,Spotted Buttonquail,Spotted Buttonquail
smabut2,林三趾鹑,Small Buttonquail
litbut1,Little Buttonquail,Little Buttonquail
recbut1,Red-chested Buttonquail,Red-chested Buttonquail
luzbut1,Luzon Buttonquail,Luzon Buttonquail
sumbut1,Sumba Buttonquail,Sumba Buttonquail
hotbut3,Black-rumped Buttonquail,Black-rumped Buttonquail
hotbut1,Fynbos Buttonquail,Fynbos Buttonquail
chbbut2,Chestnut-backed Buttonquail,Chestnut-backed Buttonquail
bubbut1,Buff-breasted Buttonquail,Buff-breasted Buttonquail
paibut,Painted Buttonquail,Painted Buttonquail
paibut1,New Caledonian Buttonquail,New Caledonian Buttonquail
blbbut2,Black-breasted Buttonquail,Black-breasted Buttonquail
madbut1,Madagascar Buttonquail,Madagascar Buttonquail
button1,未识别的三趾鹑,buttonquail sp.
quailp1,Quail-plover,Quail-plover
craplo1,Crab-plover,Crab-Plover
dobcou2,Double-banded Courser,Double-banded Courser
brwcou1,Bronze-winged Courser,Bronze-winged Courser
jercou1,Jerdon's Courser,Jerdon's Courser
thbcou1,Three-banded Courser,Three-banded Courser
temcou1,Temminck's Courser,Temminck's Courser
indcou1,Indian Courser,Indian Courser
crccou1,Cream-colored Courser,Cream-colored Courser
somcou1,Somali Courser,Somali Courser
burcou2,Burchell's Courser,Burchell's Courser
y01381,Temminck's/Burchell's Courser,Temminck's/Burchell's Courser
course1,courser sp.,courser sp.
rocpra1,Rock Pratincole,Rock Pratincole
rocpra2,Rock Pratincole (Rufous-naped),Rock Pratincole (Rufous-naped)
rocpra3,Rock Pratincole (White-naped),Rock Pratincole (White-naped)
auspra1,Australian Pratincole,Australian Pratincole
grypra1,Grey Pratincole,Gray Pratincole
smapra1,灰燕鸻,Small Pratincole
madpra1,Madagascar Pratincole,Madagascar Pratincole
colpra,领燕鸻,Collared Pratincole
blwpra1,黑翅燕鸻,Black-winged Pratincole
y00776,领燕鸻/黑翅燕鸻,Collared/Black-winged Pratincole
oripra,普通燕鸻,Oriental Pratincole
y00775,领燕鸻/普通燕鸻,Collared/Oriental Pratincole
pratin1,未识别的燕鸻,pratincole sp.
shoreb1,未识别的鸻鹬类,shorebird sp.
lotjae,长尾贼鸥,Long-tailed Jaeger
parjae,短尾贼鸥,Parasitic Jaeger
y00481,长尾贼鸥/短尾贼鸥,Long-tailed/Parasitic Jaeger
pomjae,中贼鸥,Pomarine Jaeger
y00480,长尾贼鸥/中贼鸥,Long-tailed/Pomarine Jaeger
y00479,短尾贼鸥/中贼鸥,Parasitic/Pomarine Jaeger
gresku1,Great Skua,Great Skua
chisku1,Chilean Skua,Chilean Skua
brnsku3,Brown Skua,Brown Skua
brnsku1,Brown Skua (Subantarctic),Brown Skua (Subantarctic)
sousku1,Brown Skua (Falkland),Brown Skua (Falkland)
brnsku2,Brown Skua (Tristan),Brown Skua (Tristan)
sopsku1,南极贼鸥,South Polar Skua
jaeger,jaeger sp.,jaeger sp.
skua,skua sp.,skua sp.
y00615,未识别的贼鸥,jaeger/skua sp.
rhiauk,角嘴海雀,Rhinoceros Auklet
tufpuf,Tufted Puffin,Tufted Puffin
atlpuf,Atlantic Puffin,Atlantic Puffin
horpuf,Horned Puffin,Horned Puffin
puffin1,puffin sp.,puffin sp.
casauk,Cassin's Auklet,Cassin's Auklet
leaauk,Least Auklet,Least Auklet
whiauk,Whiskered Auklet,Whiskered Auklet
creauk,Crested Auklet,Crested Auklet
parauk,Parakeet Auklet,Parakeet Auklet
auklet,auklet sp.,auklet sp.
lobmur,长嘴斑海雀,Long-billed Murrelet
kitmur,Kittlitz's Murrelet,Kittlitz's Murrelet
marmur,Marbled Murrelet,Marbled Murrelet
blkgui,Black Guillemot,Black Guillemot
blkgui2,Black Guillemot (mandtii),Black Guillemot (mandtii)
blkgui1,Black Guillemot (grylle Group),Black Guillemot (grylle Group)
spegui1,Spectacled Guillemot,Spectacled Guillemot
piggui,Pigeon Guillemot,Pigeon Guillemot
piggui2,Pigeon Guillemot (snowi),Pigeon Guillemot (snowi)
piggui1,Pigeon Guillemot (columba Group),Pigeon Guillemot (columba Group)
y00223,Black/Pigeon Guillemot,Black/Pigeon Guillemot
razorb,Razorbill,Razorbill
greauk,Great Auk,Great Auk
doveki,Little Auk,Dovekie
thbmur,Thick-billed Murre,Thick-billed Murre
commur,崖海鸦,Common Murre
x00793,Thick-billed x Common Murre (hybrid),Thick-billed x Common Murre (hybrid)
murre,Thick-billed/Common Murre,Thick-billed/Common Murre
laralc1,large alcid sp.,large alcid sp.
ancmur,扁嘴海雀,Ancient Murrelet
japmur1,冠海雀,Japanese Murrelet
xanmur2,Scripps's Murrelet,Scripps's Murrelet
xanmur1,Guadalupe Murrelet,Guadalupe Murrelet
xanmur,Scripps's/Guadalupe Murrelet (Xantus's Murrelet),Scripps's/Guadalupe Murrelet (Xantus's Murrelet)
cramur,Craveri's Murrelet,Craveri's Murrelet
y00777,Scripps's/Craveri's Murrelet,Scripps's/Craveri's Murrelet
y00482,Scripps's/Guadalupe/Craveri's Murrelet,Scripps's/Guadalupe/Craveri's Murrelet
murrel,murrelet sp.,murrelet sp.
alcid,未识别的海雀科鸟类,alcid sp.
swtgul1,Swallow-tailed Gull,Swallow-tailed Gull
litgul,小鸥,Little Gull
rosgul,楔尾鸥,Ross's Gull
bklkit,三趾鸥,Black-legged Kittiwake
bklkit1,三趾鸥 (大西洋),Black-legged Kittiwake (Atlantic)
bklkit2,三趾鸥 (太平洋),Black-legged Kittiwake (Pacific)
relkit,Red-legged Kittiwake,Red-legged Kittiwake
y00697,Black-legged/Red-legged Kittiwake,Black-legged/Red-legged Kittiwake
ivogul,Ivory Gull,Ivory Gull
sabgul,叉尾鸥,Sabine's Gull
saugul2,黑嘴鸥,Saunders's Gull
slbgul1,细嘴鸥,Slender-billed Gull
bongul,Bonaparte's Gull,Bonaparte's Gull
silgul2,澳洲红嘴鸥,Silver Gull
silgul1,澳洲红嘴鸥 (澳洲),Silver Gull (Silver)
rebgul1,澳洲红嘴鸥 (新西兰),Silver Gull (Red-billed)
blbgul1,Black-billed Gull,Black-billed Gull
y00384,Silver/Black-billed Gull,Silver/Black-billed Gull
andgul1,Andean Gull,Andean Gull
brhgul2,Brown-hooded Gull,Brown-hooded Gull
bnhgul3,Brown-hooded Gull (White-winged),Brown-hooded Gull (White-winged)
bnhgul2,Brown-hooded Gull (Dark-winged),Brown-hooded Gull (Dark-winged)
bkhgul,红嘴鸥,Black-headed Gull
x00391,细嘴鸥x红嘴鸥 (杂交),Slender-billed x Black-headed Gull (hybrid)
y00778,细嘴鸥/红嘴鸥,Slender-billed/Black-headed Gull
bnhgul1,棕头鸥,Brown-headed Gull
x00734,细嘴鸥x棕头鸥 (杂交),Slender-billed x Brown-headed Gull (hybrid)
y00955,红嘴鸥/棕头鸥,Black-headed/Brown-headed Gull
grhgul,Grey-headed Gull,Gray-hooded Gull
y00385,Brown-hooded/Grey-headed Gull,Brown-hooded/Gray-hooded Gull
hargul1,Hartlaub's Gull,Hartlaub's Gull
x00886,Grey-hooded x Hartlaub's Gull (hybrid),Gray-hooded x Hartlaub's Gull (hybrid)
y01366,Grey-hooded/Hartlaub's Gull,Gray-hooded/Hartlaub's Gull
chroic1,Chroicocephalus sp.,Chroicocephalus sp.
grygul,Grey Gull,Gray Gull
dolgul2,Dolphin Gull,Dolphin Gull
laugul,笑鸥,Laughing Gull
x00392,Grey-hooded x Laughing Gull (hybrid),Gray-hooded x Laughing Gull (hybrid)
fragul,弗氏鸥,Franklin's Gull
x00794,Bonaparte's x Franklin's Gull (hybrid),Bonaparte's x Franklin's Gull (hybrid)
y00685,笑鸥/弗氏鸥,Laughing/Franklin's Gull
lavgul1,Lava Gull,Lava Gull
gbhgul2,渔鸥,Pallas's Gull
relgul2,遗鸥,Relict Gull
audgul1,Audouin's Gull,Audouin's Gull
medgul1,Mediterranean Gull,Mediterranean Gull
x00695,Black-headed x Mediterranean Gull (hybrid),Black-headed x Mediterranean Gull (hybrid)
y00779,Black-headed/Mediterranean Gull,Black-headed/Mediterranean Gull
soogul2,Sooty Gull,Sooty Gull
whegul2,White-eyed Gull,White-eyed Gull
pacgul1,Pacific Gull,Pacific Gull
belgul,Belcher's Gull,Belcher's Gull
bktgul,黑尾鸥,Black-tailed Gull
olrgul1,Olrog's Gull,Olrog's Gull
heegul,Heermann's Gull,Heermann's Gull
mewgul,普通海鸥,Common Gull
comgul1,普通海鸥 (欧洲),Common Gull (European)
mewgul3,普通海鸥 (亚洲北部),Common Gull (Russian)
kamgul1,普通海鸥 (堪察加),Common Gull (Kamchatka)
x00393,红嘴鸥x普通海鸥 (杂交),Black-headed x Common Gull (hybrid)
x00847,Mediterranean x Common Gull (hybrid),Mediterranean x Common Gull (hybrid)
mewgul2,美洲海鸥,Short-billed Gull
y00441,普通海鸥/美洲海鸥,Common/Short-billed Gull
ribgul,环嘴鸥,Ring-billed Gull
x00641,红嘴鸥x环嘴鸥 (杂交),Black-headed x Ring-billed Gull (hybrid)
x00616,笑鸥x环嘴鸥 (杂交),Laughing x Ring-billed Gull (hybrid)
x00795,弗氏鸥x环嘴鸥 (杂交),Franklin's x Ring-billed Gull (hybrid)
x00394,普通海鸥x环嘴鸥 (杂交),Common x Ring-billed Gull (hybrid)
x01230,美洲海鸥x环嘴鸥 (杂交),Short-billed x Ring-billed Gull (hybrid)
yefgul,Yellow-footed Gull,Yellow-footed Gull
wesgul,Western Gull,Western Gull
y00683,Yellow-footed/Western Gull,Yellow-footed/Western Gull
casgul2,里海银鸥 (黄脚银鸥),Caspian Gull
kelgul,Kelp Gull,Kelp Gull
kelgul3,Kelp Gull (dominicanus),Kelp Gull (dominicanus)
kelgul2,Kelp Gull (austrinus),Kelp Gull (austrinus)
kelgul4,Kelp Gull (judithae),Kelp Gull (judithae)
kelgul1,Kelp Gull (vetula),Kelp Gull (vetula)
kelgul5,Kelp Gull (melisandae),Kelp Gull (melisandae)
amhgul1,美洲银鸥,American Herring Gull
x00796,环嘴鸥x美洲银鸥 (杂交),Ring-billed x American Herring Gull (hybrid)
veggul1,织女银鸥,Vega Gull
y01294,美洲银鸥/织女银鸥,American Herring/Vega Gull
casgul4,蒙古银鸥,Mongolian Gull
y01295,织女银鸥/蒙古银鸥 (西伯利亚银鸥),Vega/Mongolian Gull
euhgul1,银鸥,European Herring Gull
x00915,里海银鸥x银鸥 (杂交),Caspian x European Herring Gull (hybrid)
kxhgul1,Kelp x American Herring Gull (hybrid),Kelp x American Herring Gull (hybrid)
y01261,里海银鸥/银鸥,Caspian/European Herring Gull
y01345,美洲银鸥/银鸥,American/European Herring Gull
yelgul1,黄腿银鸥,Yellow-legged Gull
yelgul2,黄腿银鸥 (atlantis),Yellow-legged Gull (atlantis)
yelgul3,黄腿银鸥 (michahellis),Yellow-legged Gull (michahellis)
x00395,里海银鸥x黄腿银鸥 (杂交),Caspian x Yellow-legged Gull (hybrid)
x01182,银鸥x黄腿银鸥 (杂交),European Herring x Yellow-legged Gull (hybrid)
y00724,里海银鸥/黄腿银鸥,Caspian/Yellow-legged Gull
y00848,银鸥/黄腿银鸥,European Herring/Yellow-legged Gull
y00386,里海银鸥/银鸥/黄腿银鸥,Caspian/European Herring/Yellow-legged Gull
armgul1,亚美尼亚鸥,Armenian Gull
y00725,里海银鸥/黄腿银鸥/亚美尼亚鸥,Caspian/Yellow-legged/Armenian Gull
gbbgul,大黑背鸥,Great Black-backed Gull
x00047,美洲银鸥x大黑背鸥 (杂交),American Herring x Great Black-backed Gull (hybrid)
x01130,银鸥x大黑背鸥 (杂交),European Herring x Great Black-backed Gull (hybrid)
x00397,黄腿银鸥x大黑背鸥 (杂交),Yellow-legged x Great Black-backed Gull (hybrid)
glagul,北极鸥,Glaucous Gull
x01131,美洲银鸥x北极鸥 (杂交),American Herring x Glaucous Gull (hybrid)
x01132,织女银鸥x北极鸥 (杂交),Vega x Glaucous Gull (hybrid)
x01133,银鸥x北极鸥 (杂交),European Herring x Glaucous Gull (hybrid)
nelgul,银鸥种组x北极鸥 (杂交),American Herring/Vega/European Herring x Glaucous Gull (hybrid)
x00632,大黑背鸥x北极鸥 (杂交),Great Black-backed x Glaucous Gull (hybrid)
lbbgul,小黑背鸥,Lesser Black-backed Gull
lbbgul1,小黑背鸥 (fuscus),Lesser Black-backed Gull (fuscus)
lbbgul2,小黑背鸥 (intermedius),Lesser Black-backed Gull (intermedius)
lbbgul3,小黑背鸥 (graellsii),Lesser Black-backed Gull (graellsii)
lbbgul4,小黑背鸥 (乌灰银鸥),Lesser Black-backed Gull (Heuglin's)
casgul3,小黑背鸥 (草原),Lesser Black-backed Gull (Steppe)
lbbgul5,小黑背鸥 (泰梅尔),Lesser Black-backed Gull (taimyrensis)
lbbgul6,小黑背鸥 (intermedius/graellsii),Lesser Black-backed Gull (intermedius/graellsii)
x01231,普通海鸥x小黑背鸥 (杂交),Common x Lesser Black-backed Gull (hybrid)
x01008,环嘴鸥x小黑背鸥 (杂交),Ring-billed x Lesser Black-backed Gull (hybrid)
x01134,美洲银鸥x小黑背鸥 (杂交),American Herring x Lesser Black-backed Gull (hybrid)
x00057,银鸥x小黑背鸥 (杂交),European Herring x Lesser Black-backed Gull (hybrid)
x00396,黄腿银鸥x小黑背鸥 (杂交),Yellow-legged x Lesser Black-backed Gull (hybrid)
y00726,银鸥种组/小黑背鸥,Herring complex/Lesser Black-backed Gull
y00849,黄腿银鸥/小黑背鸥,Yellow-legged/Lesser Black-backed Gull
calgul,California Gull,California Gull
calgul1,California Gull (californicus),California Gull (californicus)
calgul2,California Gull (albertaensis),California Gull (albertaensis)
x01183,Ring-billed x California Gull (hybrid),Ring-billed x California Gull (hybrid)
x00797,American Herring x California Gull (hybrid),American Herring x California Gull (hybrid)
glwgul,灰翅鸥,Glaucous-winged Gull
x00051,Western x Glaucous-winged Gull (hybrid),Western x Glaucous-winged Gull (hybrid)
x00050,美洲银鸥x灰翅鸥 (杂交),American Herring x Glaucous-winged Gull (hybrid)
x00048,北极鸥x灰翅鸥 (杂交),Glaucous x Glaucous-winged Gull (hybrid)
y00956,美洲银鸥/灰翅鸥,American Herring/Glaucous-winged Gull
y00656,Western/Glaucous-winged Gull,Western/Glaucous-winged Gull
slbgul,灰背鸥,Slaty-backed Gull
x00434,织女银鸥x灰背鸥 (杂交),Vega x Slaty-backed Gull (hybrid)
x00436,灰翅鸥x灰背鸥 (杂交),Glaucous-winged x Slaty-backed Gull (hybrid)
x00437,北极鸥x灰背鸥 (杂交),Glaucous x Slaty-backed Gull (hybrid)
y00478,冰岛鸥,Iceland Gull
thagul,冰岛鸥 (thayeri),Iceland Gull (Thayer's)
kumgul1,冰岛鸥 (kumlieni),Iceland Gull (kumlieni)
icegul2,冰岛鸥 (thayeri/kumlieni),Iceland Gull (thayeri/kumlieni)
icegul1,冰岛鸥 (glaucoides),Iceland Gull (glaucoides)
icegul,冰岛鸥 (kumlieni/glaucoides),Iceland Gull (kumlieni/glaucoides)
x00435,冰岛鸥 (thayeri x glaucoides/kumlieni，杂交),Iceland Gull (Thayer's x Iceland)
x00617,美洲银鸥x冰岛鸥 (杂交),American Herring x Iceland Gull (hybrid)
x01232,小黑背鸥x冰岛鸥 (杂交),Lesser Black-backed x Iceland Gull (hybrid)
y00682,美洲银鸥/冰岛鸥,American Herring/Iceland Gull
y01296,银鸥/冰岛鸥,European Herring/Iceland Gull
whwgul1,未识别的Larus属白翅鸥类,white-winged gull sp.
larus1,未识别的Larus属大型鸥类,Larus sp.
larus,未识别的鸥类,gull sp.
afrski1,African Skimmer,African Skimmer
indski1,剪嘴鸥,Indian Skimmer
blkski,Black Skimmer,Black Skimmer
blkski1,Black Skimmer (niger),Black Skimmer (niger)
blkski2,Black Skimmer (cinerascens),Black Skimmer (cinerascens)
blkski3,Black Skimmer (intercedens),Black Skimmer (intercedens)
whiter3,White Tern (Atlantic),Atlantic White-Tern
whiter4,白燕鸥,Blue-billed White-Tern
whiter5,White Tern (Little),Little White-Tern
x01184,White Tern (Blue-billed x Little),Blue-billed x Little White-Tern (hybrid)
y01348,White Tern (Blue-billed/Little),Blue-billed/Little White-Tern
whiter,White Tern,white-tern sp.
brnnod,白顶玄燕鸥,Brown Noddy
lesnod1,Lesser Noddy,Lesser Noddy
blknod,玄燕鸥,Black Noddy
blknod3,玄燕鸥 (americanus),Black Noddy (americanus)
blknod1,玄燕鸥 (melanogenys),Black Noddy (melanogenys)
blknod2,玄燕鸥 (广布),Black Noddy (minutus Group)
noddy,白顶玄燕鸥/玄燕鸥,Brown/Black Noddy
y00780,Lesser/Black Noddy,Lesser/Black Noddy
grynod1,Grey Noddy,Gray Noddy
bugnod,Blue Noddy,Blue-gray Noddy
y01328,Grey/Blue-grey Noddy,Gray/Blue-gray Noddy
aleter1,白腰燕鸥,Aleutian Tern
sooter1,乌燕鸥,Sooty Tern
briter1,褐翅燕鸥,Bridled Tern
y00318,乌燕鸥/褐翅燕鸥,Sooty/Bridled Tern
gybter1,Spectacled Tern,Gray-backed Tern
y01324,Bridled/Grey-backed Tern,Bridled/Gray-backed Tern
onycho1,Onychoprion sp.,Onychoprion sp.
litter1,白额燕鸥,Little Tern
sauter2,Saunders's Tern,Saunders's Tern
y00662,Little/Saunders's Tern,Little/Saunders's Tern
damter2,Damara Tern,Damara Tern
y01374,Little/Damara Tern,Little/Damara Tern
faiter2,Fairy Tern,Australian Fairy Tern
x00798,Little x Fairy Tern (hybrid),Little x Australian Fairy Tern (hybrid)
y00850,Little/Fairy Tern,Little/Australian Fairy Tern
leater1,小白额燕鸥,Least Tern
y00661,白额燕鸥/小白额燕鸥,Little/Least Tern
yebter2,Yellow-billed Tern,Yellow-billed Tern
perter2,Peruvian Tern,Peruvian Tern
sternu1,Sternula sp.,Sternula sp.
labter1,Large-billed Tern,Large-billed Tern
gubter2,鸥嘴噪鸥,Gull-billed Tern
gubter3,Australian Tern,Australian Tern
gubter1,Gull-billed/Australian Tern,Gull-billed/Australian Tern
caster1,红嘴巨燕鸥,Caspian Tern
incter1,Inca Tern,Inca Tern
whiter2,须浮鸥,Whiskered Tern
blfter1,Black-fronted Tern,Black-fronted Tern
blkter,黑浮鸥,Black Tern
blkter1,黑浮鸥 (欧亚),Black Tern (Eurasian)
blkter2,黑浮鸥 (美洲),Black Tern (American)
whwter,白翅浮鸥,White-winged Tern
chlido1,未识别的浮鸥,Chlidonias sp.
rivter1,黄嘴河燕鸥,River Tern
forter,Forster's Tern,Forster's Tern
truter,Snowy-crowned Tern,Snowy-crowned Tern
arcter,北极燕鸥,Arctic Tern
x01165,Forster's x Arctic Tern (hybrid),Forster's x Arctic Tern (hybrid)
soater1,South American Tern,South American Tern
antter1,Antarctic Tern,Antarctic Tern
antter2,Antarctic Tern (Antarctic),Antarctic Tern (Antarctic)
antter3,Antarctic Tern (South Georgia),Antarctic Tern (South Georgia)
y01134,Arctic/Antarctic Tern,Arctic/Antarctic Tern
kerter1,Kerguelen Tern,Kerguelen Tern
comter,普通燕鸥,Common Tern
comter1,普通燕鸥 (红嘴),Common Tern (hirundo/tibetana)
comter2,普通燕鸥 (黑嘴),Common Tern (longipennis)
comter3,普通燕鸥 (红嘴x黑嘴，杂交),Common Tern (hirundo/tibetana x longipennis)
x00910,普通燕鸥x北极燕鸥 (杂交),Common x Arctic Tern (hybrid)
y00727,Forster's/Common Tern,Forster's/Common Tern
y00317,普通燕鸥/北极燕鸥,Common/Arctic Tern
whcter1,White-cheeked Tern,White-cheeked Tern
blnter1,黑枕燕鸥,Black-naped Tern
roster,粉红燕鸥,Roseate Tern
x00735,普通燕鸥x粉红燕鸥 (杂交),Common x Roseate Tern (hybrid)
whfter1,White-fronted Tern,White-fronted Tern
blbter1,黑腹燕鸥,Black-bellied Tern
y01065,黄嘴河燕鸥/黑腹燕鸥,River/Black-bellied Tern
sterna,未识别的Sterna属燕鸥,Sterna sp.
santer1,白嘴端凤头燕鸥,Sandwich Tern
santer4,白嘴端凤头燕鸥 (欧亚),Sandwich Tern (Eurasian)
santer2,白嘴端凤头燕鸥 (acuflavidus),Sandwich Tern (Cabot's)
santer3,白嘴端凤头燕鸥 (eurygnathus),Sandwich Tern (Cayenne)
santer5,白嘴端凤头燕鸥 (acuflavidus x eurygnathus),Sandwich Tern (Cabot's x Cayenne)
eleter1,Elegant Tern,Elegant Tern
x00438,Cabot's x Elegant Tern (hybrid),Sandwich x Elegant Tern (hybrid)
y01310,Cabot's/Elegant Tern,Sandwich/Elegant Tern
lecter2,小凤头燕鸥,Lesser Crested Tern
x01233,白嘴端凤头燕鸥x小凤头燕鸥 (杂交),Sandwich x Lesser Crested Tern (hybrid)
royter2,West African Crested Tern,West African Crested Tern
royter1,Royal Tern,Royal Tern
y00316,Elegant/Royal Tern,Elegant/Royal Tern
y00387,Royal/West African Crested Tern,West African Crested/Royal Tern
grcter1,大凤头燕鸥,Great Crested Tern
x01040,小凤头燕鸥x大凤头燕鸥 (杂交),Lesser x Great Crested Tern (hybrid)
y01330,小凤头燕鸥/大凤头燕鸥,Lesser/Great Crested Tern
chcter2,中华凤头燕鸥 (黑嘴端凤头燕鸥),Chinese Crested Tern
x00848,大凤头燕鸥x中华凤头燕鸥 (杂交),Great x Chinese Crested Tern (hybrid)
thalas1,未识别的凤头燕鸥,Thalasseus sp.
larter1,large tern sp.,large tern sp.
tern1,未识别的燕鸥类,tern sp.
y00728,未识别的鸥和燕鸥类,gull/tern sp.
chifla1,Chilean Flamingo,Chilean Flamingo
grefla2,美洲红鹳,American Flamingo
x01038,Chilean x American Flamingo (hybrid),Chilean x American Flamingo (hybrid)
grefla3,大红鹳,Greater Flamingo
x01039,Chilean x Greater Flamingo (hybrid),Chilean x Greater Flamingo (hybrid)
x01185,American x Greater Flamingo (hybrid),American x Greater Flamingo (hybrid)
grefla,美洲红鹳/大红鹳,American/Greater Flamingo
lesfla1,Lesser Flamingo,Lesser Flamingo
y00369,Greater/Lesser Flamingo,Greater/Lesser Flamingo
andfla2,Andean Flamingo,Andean Flamingo
jamfla1,James's Flamingo,James's Flamingo
flamin1,未识别的红鹳,flamingo sp.
whtgre3,White-tufted Grebe,White-tufted Grebe
titgre1,Titicaca Grebe,Titicaca Grebe
alagre1,Alaotra Grebe,Alaotra Grebe
litgre1,小䴙䴘,Little Grebe
litgre3,小䴙䴘 (广布),Little Grebe (Little)
litgre4,小䴙䴘 [tricolor Group],Little Grebe (Tricolored)
ausgre1,Australasian Grebe,Australasian Grebe
y01382,Little/Australasian Grebe,Little/Australasian Grebe
madgre1,Madagascar Grebe,Madagascar Grebe
leagre,Least Grebe,Least Grebe
pibgre,Pied-billed Grebe,Pied-billed Grebe
atigre1,Atitlan Grebe,Atitlan Grebe
hohgre1,Hoary-headed Grebe,Hoary-headed Grebe
y01019,Australasian/Hoary-headed Grebe,Australasian/Hoary-headed Grebe
nezgre1,New Zealand Grebe,New Zealand Grebe
gregre1,Great Grebe,Great Grebe
horgre,角䴙䴘,Horned Grebe
rengre,赤颈䴙䴘,Red-necked Grebe
grcgre1,凤头䴙䴘,Great Crested Grebe
eargre,黑颈䴙䴘,Eared Grebe
y00229,角䴙䴘/黑颈䴙䴘,Horned/Eared Grebe
colgre1,Colombian Grebe,Colombian Grebe
silgre1,Silvery Grebe,Silvery Grebe
silgre3,Silvery Grebe (Andean),Silvery Grebe (Andean)
silgre2,Silvery Grebe (Patagonian),Silvery Grebe (Patagonian)
jungre1,Junin Grebe,Junin Grebe
hoogre1,Hooded Grebe,Hooded Grebe
podice1,未识别的Podiceps属䴙䴘,Podiceps sp.
wesgre,Western Grebe,Western Grebe
clagre,Clark's Grebe,Clark's Grebe
x00427,Western x Clark's Grebe (hybrid),Western x Clark's Grebe (hybrid)
y00012,Western/Clark's Grebe,Western/Clark's Grebe
grebe1,未识别的䴙䴘类,grebe sp.
hoatzi1,Hoatzin,Hoatzin
kagu1,Kagu,Kagu
sunbit1,Sunbittern,Sunbittern
sunbit5,Sunbittern (Northern),Sunbittern (Northern)
sunbit4,Sunbittern (Amazonian),Sunbittern (Amazonian)
whttro,白尾鹲,White-tailed Tropicbird
whttro7,白尾鹲 (印度洋),White-tailed Tropicbird (Indian Ocean)
whttro4,白尾鹲 (圣诞岛),White-tailed Tropicbird (Golden)
whttro6,白尾鹲 (欧罗巴岛),White-tailed Tropicbird (Europa I.)
whttro2,白尾鹲 (catesbyi),White-tailed Tropicbird (Atlantic)
whttro3,白尾鹲 (太平洋),White-tailed Tropicbird (Pacific)
whttro5,白尾鹲 (ascensionis),White-tailed Tropicbird (Ascension)
rebtro,红嘴鹲,Red-billed Tropicbird
rettro,红尾鹲,Red-tailed Tropicbird
y00473,红嘴鹲/红尾鹲,Red-billed/Red-tailed Tropicbird
tropic1,未识别的鹲,tropicbird sp.
retloo,红喉潜鸟,Red-throated Loon
arcloo,黑喉潜鸟,Arctic Loon
pacloo,太平洋潜鸟,Pacific Loon
y00219,黑喉潜鸟/太平洋潜鸟,Arctic/Pacific Loon
comloo,普通潜鸟,Common Loon
yebloo,黄嘴潜鸟,Yellow-billed Loon
x01146,普通潜鸟x黄嘴潜鸟 (杂交),Common x Yellow-billed Loon (hybrid)
y00220,普通潜鸟/黄嘴潜鸟,Common/Yellow-billed Loon
loon,未识别的潜鸟,loon sp.
kinpen1,King Penguin,King Penguin
emppen1,Emperor Penguin,Emperor Penguin
adepen1,Adelie Penguin,Adelie Penguin
genpen1,Gentoo Penguin,Gentoo Penguin
chipen2,Chinstrap Penguin,Chinstrap Penguin
yeepen1,Yellow-eyed Penguin,Yellow-eyed Penguin
litpen1,Little Penguin,Little Penguin
jacpen1,African Penguin,African Penguin
humpen1,Humboldt Penguin,Humboldt Penguin
galpen1,Galapagos Penguin,Galapagos Penguin
magpen1,Magellanic Penguin,Magellanic Penguin
x01082,Humboldt x Magellanic Penguin (hybrid),Humboldt x Magellanic Penguin (hybrid)
fiopen1,Fiordland Penguin,Fiordland Penguin
bicpen1,Erect-crested Penguin,Erect-crested Penguin
macpen1,Macaroni Penguin,Macaroni Penguin
roypen1,Royal Penguin,Royal Penguin
rocpen2,Southern Rockhopper Penguin (Western),Western Rockhopper Penguin
rocpen3,Southern Rockhopper Penguin (Eastern),Eastern Rockhopper Penguin
x00921,Macaroni x Southern Rockhopper Penguin (hybrid),Macaroni x Western Rockhopper Penguin (hybrid)
rocpen4,Northern Rockhopper Penguin,Moseley's Rockhopper Penguin
snapen1,Snares Penguin,Snares Penguin
crepen1,crested penguin sp.,crested penguin sp.
pengui1,penguin sp.,penguin sp.
royalb3,Northern Royal Albatross,Northern Royal Albatross
royalb2,Southern Royal Albatross,Southern Royal Albatross
royalb1,Northern/Southern Royal Albatross,Northern/Southern Royal Albatross
wanalb1,Snowy Albatross,Snowy Albatross
wanalb3,Tristan Albatross,Tristan Albatross
y01234,Snowy/Tristan Albatross,Snowy/Tristan Albatross
antalb1,Antipodean Albatross,Antipodean Albatross
wanalb2,Antipodean Albatross (New Zealand),Antipodean Albatross (New Zealand)
wanalb4,Antipodean Albatross (Gibson's),Antipodean Albatross (Gibson's)
wanalb,Snowy/Tristan/Antipodean Albatross,Snowy/Tristan/Antipodean Albatross
wanalb5,Amsterdam Albatross,Amsterdam Albatross
y01260,Snowy/Amsterdam Albatross,Snowy/Amsterdam Albatross
laralb1,large albatross sp.,large albatross sp.
wavalb,Waved Albatross,Waved Albatross
layalb,黑背信天翁,Laysan Albatross
bkfalb,黑脚信天翁,Black-footed Albatross
x00017,黑背信天翁x黑脚信天翁 (杂交),Laysan x Black-footed Albatross (hybrid)
shtalb,短尾信天翁,Short-tailed Albatross
sooalb1,Sooty Albatross,Sooty Albatross
limalb1,Light-mantled Albatross,Light-mantled Albatross
yenalb2,Atlantic Yellow-nosed Albatross,Atlantic Yellow-nosed Albatross
yenalb3,Indian Yellow-nosed Albatross,Indian Yellow-nosed Albatross
yenalb,Atlantic/Indian Yellow-nosed Albatross,Atlantic/Indian Yellow-nosed Albatross
gyhalb,Grey-headed Albatross,Gray-headed Albatross
bulalb2,Buller's Albatross,Buller's Albatross
whcalb1,Shy Albatross,White-capped Albatross
whcalb2,Shy Albatross (cauta),White-capped Albatross (cauta)
whcalb3,Shy Albatross (steadi),White-capped Albatross (steadi)
salalb1,Salvin's Albatross,Salvin's Albatross
shyalb2,Chatham Albatross,Chatham Albatross
shyalb,Shy/Salvin's/Chatham Albatross,White-capped/Salvin's/Chatham Albatross
bkbalb,Black-browed/Campbell Albatross,Black-browed Albatross
bkbalb1,Black-browed Albatross,Black-browed Albatross (Black-browed)
bkbalb2,Campbell Albatross,Black-browed Albatross (Campbell)
x01063,Grey-headed x Black-browed Albatross (hybrid),Gray-headed x Black-browed Albatross (hybrid)
smaalb1,small albatross sp.,small albatross sp.
albatr1,未识别的信天翁,albatross sp.
wispet,黄蹼洋海燕,Wilson's Storm-Petrel
wilstp2,黄蹼洋海燕 (黑翅),Wilson's Storm-Petrel (Wilson's)
wilstp1,黄蹼洋海燕 (chilensis),Wilson's Storm-Petrel (Fuegian)
pumstp1,Pincoya Storm Petrel,Pincoya Storm-Petrel
andstp1,Andean Storm Petrel (unrecognized species),Andean Storm-Petrel (unrecognized species)
wvspet1,Elliot's Storm Petrel,Elliot's Storm-Petrel
ellstp1,Elliot's Storm Petrel (Galapagos),Elliot's Storm-Petrel (Galapagos)
ellstp2,Elliot's Storm Petrel (Humboldt),Elliot's Storm-Petrel (Humboldt)
oceani1,Oceanites sp.,Oceanites sp.
gybstp1,Grey-backed Storm Petrel,Gray-backed Storm-Petrel
wfspet,White-faced Storm Petrel,White-faced Storm-Petrel
wbspet1,White-bellied Storm Petrel,White-bellied Storm-Petrel
whbstp1,White-bellied Storm Petrel (White-bellied),White-bellied Storm-Petrel (White-bellied)
whbstp2,White-bellied Storm Petrel (Rapa Island),White-bellied Storm-Petrel (Rapa I.)
nezstp1,New Zealand Storm Petrel,New Zealand Storm-Petrel
necstp1,New Caledonian Storm Petrel,New Caledonian Storm-Petrel
bbspet1,Black-bellied Storm Petrel,Black-bellied Storm-Petrel
bkbstp1,Black-bellied Storm Petrel (Subantarctic),Black-bellied Storm-Petrel (Subantarctic)
bkbstp2,Black-bellied Storm Petrel (Gough),Black-bellied Storm-Petrel (Gough)
y00388,White-bellied/Black-bellied Storm Petrel,White-bellied/Black-bellied Storm-Petrel
pospet1,Polynesian Storm Petrel,Polynesian Storm-Petrel
bripet,European Storm Petrel,European Storm-Petrel
eurstp1,European Storm Petrel (British),European Storm-Petrel (British)
eurstp2,European Storm Petrel (Mediterranean),European Storm-Petrel (Mediterranean)
ftspet,Fork-tailed Storm Petrel,Fork-tailed Storm-Petrel
rispet1,Ringed Storm Petrel,Ringed Storm-Petrel
lcspet,白腰叉尾海燕,Leach's Storm-Petrel
leastp3,白腰叉尾海燕 (北太平洋及大西洋),Leach's Storm-Petrel (Leach's)
leastp4,白腰叉尾海燕 (chapmani),Leach's Storm-Petrel (Chapman's)
leastp5,Townsend's Storm Petrel,Townsend's Storm-Petrel
y00937,Leach's/Townsend's Storm Petrel,Leach's/Townsend's Storm-Petrel
leastp1,Leach's/Townsend's Storm Petrel (dark-rumped),Leach's/Townsend's Storm-Petrel (dark-rumped)
y00938,Leach's/Townsend's Storm Petrel (white-rumped),Leach's/Townsend's Storm-Petrel (white-rumped)
leastp2,Ainley's Storm Petrel,Ainley's Storm-Petrel
y00939,Leach's/Townsend's/Ainley's Storm Petrel,Leach's/Townsend's/Ainley's Storm-Petrel
swspet,黑叉尾海燕,Swinhoe's Storm-Petrel
asspet,Ashy Storm Petrel,Ashy Storm-Petrel
barpet,Band-rumped Storm Petrel,Band-rumped Storm-Petrel
barstp4,Band-rumped Storm Petrel (Madeiran),Band-rumped Storm-Petrel (Madeiran)
barstp3,Band-rumped Storm Petrel (Grant's),Band-rumped Storm-Petrel (Grant's)
barstp5,Band-rumped Storm Petrel (Darwin's),Band-rumped Storm-Petrel (Darwin's)
monstp1,Monteiro's Storm Petrel,Monteiro's Storm-Petrel
cavstp1,Cape Verde Storm Petrel,Cape Verde Storm-Petrel
oceano2,Hydrobates sp. (Band-rumped complex),Hydrobates sp. (Band-rumped complex)
wrspet,Wedge-rumped Storm Petrel,Wedge-rumped Storm-Petrel
bkspet,Black Storm Petrel,Black Storm-Petrel
guspet,Guadalupe Storm Petrel,Guadalupe Storm-Petrel
maspet,Markham's Storm Petrel,Markham's Storm-Petrel
y00715,Black/Markham's Storm Petrel,Black/Markham's Storm-Petrel
maspet2,日本叉尾海燕,Matsudaira's Storm-Petrel
y01337,黑叉尾海燕/日本叉尾海燕,Swinhoe's/Matsudaira's Storm-Petrel
trspet,褐翅叉尾海燕,Tristram's Storm-Petrel
lsspet,Least Storm Petrel,Least Storm-Petrel
oceano1,未识别的Hydrobates属海燕,Hydrobates sp.
stormp1,未识别的黑腰海燕,storm-petrel sp. (dark-rumped)
stormp2,未识别的白腰海燕,storm-petrel sp. (white-rumped)
stopet,未识别的海燕类,storm-petrel sp.
angpet1,Southern Giant Petrel,Southern Giant-Petrel
norgip1,Northern Giant Petrel,Northern Giant-Petrel
y00228,Southern/Northern Giant Petrel,Southern/Northern Giant-Petrel
norful,暴雪鹱,Northern Fulmar
norful4,暴雪鹱 (大西洋),Northern Fulmar (Atlantic)
norful3,暴雪鹱 (太平洋),Northern Fulmar (Pacific)
souful1,Southern Fulmar,Southern Fulmar
antpet1,Antarctic Petrel,Antarctic Petrel
cappet,Pintado Petrel,Pintado Petrel
cappet1,Pintado Petrel (Antarctic),Pintado Petrel (Antarctic)
cappet2,Pintado Petrel (Snares),Pintado Petrel (Snares)
snopet1,Snow Petrel,Snow Petrel
kerpet2,Kerguelen Petrel,Kerguelen Petrel
lshpet1,St. Helena Petrel,Large St. Helena Petrel
grwpet3,Great-winged Petrel,Great-winged Petrel
grwpet2,Grey-faced Petrel,Gray-faced Petrel
grwpet1,Great-winged/Grey-faced Petrel,Great-winged/Gray-faced Petrel
kerpet,克岛圆尾鹱,Kermadec Petrel
magpet1,Magenta Petrel,Magenta Petrel
tripet1,Trindade Petrel,Trindade Petrel
herpet2,信使圆尾鹱,Herald Petrel
herpet,Trindade/Herald Petrel,Trindade/Herald Petrel
murpet,Murphy's Petrel,Murphy's Petrel
solpet1,棕头圆尾鹱,Providence Petrel
henpet1,Henderson Petrel,Henderson Petrel
madpet,Zino's Petrel,Zino's Petrel
feapet3,Fea's Petrel,Cape Verde Petrel
feapet2,Desertas Petrel,Desertas Petrel
feapet1,Fea's/Desertas Petrel,Cape Verde/Desertas Petrel
y00609,Zino's/Fea's/Desertas Petrel,Zino's/Cape Verde/Desertas Petrel
soppet1,Soft-plumaged Petrel,Soft-plumaged Petrel
barpet1,Barau's Petrel,Barau's Petrel
whhpet1,White-headed Petrel,White-headed Petrel
motpet,Mottled Petrel,Mottled Petrel
berpet,Bermuda Petrel,Bermuda Petrel
bkcpet,Black-capped Petrel,Black-capped Petrel
bkcpet4,Black-capped Petrel (White-faced),Black-capped Petrel (White-faced)
bkcpet3,Black-capped Petrel (Dark-faced),Black-capped Petrel (Dark-faced)
y00713,Bermuda/Black-capped Petrel,Bermuda/Black-capped Petrel
bkcpet2,Jamaican Petrel,Jamaican Petrel
jufpet,白颈圆尾鹱,Juan Fernandez Petrel
atlpet1,Atlantic Petrel,Atlantic Petrel
galpet,Galapagos Petrel,Galapagos Petrel
hawpet1,Hawaiian Petrel,Hawaiian Petrel
y00472,Galapagos/Hawaiian Petrel (Dark-rumped Petrel),Galapagos/Hawaiian Petrel (Dark-rumped Petrel)
whnpet,White-necked Petrel,White-necked Petrel
y01135,Juan Fernandez/White-necked Petrel,Juan Fernandez/White-necked Petrel
bonpet,白额圆尾鹱,Bonin Petrel
bkwpet,Black-winged Petrel,Black-winged Petrel
chapet1,Chatham Islands Petrel,Chatham Islands Petrel
coopet,Cook's Petrel,Cook's Petrel
maspet3,Masatierra Petrel,Masatierra Petrel
goupet1,Gould's Petrel,Gould's Petrel
goupet2,Gould's Petrel (Gould's),Gould's Petrel (Gould's)
goupet3,Gould's Petrel (New Caledonian),Gould's Petrel (New Caledonian)
colpet1,Collared Petrel,Collared Petrel
goupet4,Collared Petrel (Collared),Collared Petrel (Collared)
goupet5,Collared Petrel (Magnificent),Collared Petrel (Magnificent)
stepet,Stejneger's Petrel,Stejneger's Petrel
pycpet1,Pycroft's Petrel,Pycroft's Petrel
coopet1,Cookilaria petrel sp.,Cookilaria petrel sp.
phopet1,Phoenix Petrel,Phoenix Petrel
venpet1,Vanuatu Petrel,Vanuatu Petrel
pterod,Pterodroma sp.,Pterodroma sp.
blupet1,Blue Petrel,Blue Petrel
faipri1,Fairy Prion,Fairy Prion
brbpri1,Broad-billed Prion,Broad-billed Prion
salpri2,Salvin's Prion,Salvin's Prion
salpri3,MacGillivray's Prion,MacGillivray's Prion
salpri1,Salvin's/MacGillivray's Prion,Salvin's/MacGillivray's Prion
y01297,Broad-billed/MacGillivray's Prion,Broad-billed/MacGillivray's Prion
y01298,Broad-billed/Salvin's/MacGillivray's Prion,Broad-billed/Salvin's/MacGillivray's Prion
dovpri1,Antarctic Prion,Antarctic Prion
slbpri1,Slender-billed Prion,Slender-billed Prion
fulpri1,Fulmar Prion,Fulmar Prion
prion1,prion sp.,prion sp.
y01299,Blue Petrel/prion sp.,Blue Petrel/prion sp.
bulpet,褐燕鹱,Bulwer's Petrel
joupet,Jouanin's Petrel,Jouanin's Petrel
sshpet1,Olson's Petrel,Small St. Helena Petrel
bulwer1,Bulweria sp.,Bulweria sp.
fijpet1,Fiji Petrel,Fiji Petrel
maspet1,Mascarene Petrel,Mascarene Petrel
tahpet1,钩嘴圆尾鹱,Tahiti Petrel
becpet1,Beck's Petrel,Beck's Petrel
lavpet1,Lava Petrel (undescribed form),Lava Petrel (undescribed form)
pseudo2,Pseudobulweria sp.,Pseudobulweria sp.
y01224,Bulweria/Pseudobulweria sp.,Bulweria/Pseudobulweria sp.
grapet,Grey Petrel,Gray Petrel
whcpet1,White-chinned Petrel,White-chinned Petrel
spepet1,Spectacled Petrel,Spectacled Petrel
parpet1,Black Petrel,Parkinson's Petrel
wespet1,Westland Petrel,Westland Petrel
procel1,Procellaria sp.,Procellaria sp.
strshe,白额鹱,Streaked Shearwater
corshe1,Cory's Shearwater,Cory's Shearwater
scoshe1,Scopoli's Shearwater,Scopoli's Shearwater
corshe,Cory's/Scopoli's Shearwater,Cory's/Scopoli's Shearwater
cavshe1,Cape Verde Shearwater,Cape Verde Shearwater
y00676,Cory's/Scopoli's/Cape Verde Shearwater,Cory's/Scopoli's/Cape Verde Shearwater
pifshe,Pink-footed Shearwater,Pink-footed Shearwater
flfshe,淡足鹱,Flesh-footed Shearwater
greshe,Great Shearwater,Great Shearwater
y00606,Cory's/Scopoli's/Great Shearwater,Cory's/Scopoli's/Great Shearwater
wetshe,楔尾鹱,Wedge-tailed Shearwater
bulshe,Buller's Shearwater,Buller's Shearwater
sooshe,灰鹱,Sooty Shearwater
shtshe,短尾鹱,Short-tailed Shearwater
y00020,灰鹱/短尾鹱,Sooty/Short-tailed Shearwater
chrshe,黑鹱,Christmas Shearwater
audshe3,Galapagos Shearwater,Galapagos Shearwater
galshe1,Galapagos Shearwater (Dark-winged),Galapagos Shearwater (Dark-winged)
galshe2,Galapagos Shearwater (Light-winged),Galapagos Shearwater (Light-winged)
manshe,Manx Shearwater,Manx Shearwater
levshe1,Yelkouan Shearwater,Yelkouan Shearwater
balshe1,Balearic Shearwater,Balearic Shearwater
medshe1,Yelkouan/Balearic Shearwater,Yelkouan/Balearic Shearwater
hutshe1,Hutton's Shearwater,Hutton's Shearwater
troshe4,班氏鹱,Bannerman's Shearwater
towshe1,Townsend's Shearwater,Townsend's Shearwater
towshe2,Newell's Shearwater,Newell's Shearwater
towshe,Townsend's/Newell's Shearwater,Townsend's/Newell's Shearwater
towshe3,Rapa Shearwater,Rapa Shearwater
y00931,Newell's/Rapa Shearwater,Newell's/Rapa Shearwater
bryshe1,Bryan's Shearwater,Bryan's Shearwater
bkvshe,Black-vented Shearwater,Black-vented Shearwater
flushe1,Fluttering Shearwater,Fluttering Shearwater
y00832,Hutton's/Fluttering Shearwater,Hutton's/Fluttering Shearwater
litshe8,Little Shearwater,Little Shearwater
litshe3,Little Shearwater (Tasman),Little Shearwater (Tasman)
litshe6,Little Shearwater (Hauraki),Little Shearwater (Hauraki)
litshe5,Little Shearwater (Kermadec),Little Shearwater (Kermadec)
litshe7,Little Shearwater (West Australian),Little Shearwater (West Australian)
litshe4,Subantarctic Shearwater,Subantarctic Shearwater
litshe,Little/Subantarctic Shearwater,Little/Subantarctic Shearwater
litshe1,Barolo Shearwater,Barolo Shearwater
litshe2,Boyd's Shearwater,Boyd's Shearwater
y00714,Barolo/Boyd's Shearwater (Macaronesian Shearwater),Barolo/Boyd's Shearwater (Macaronesian Shearwater)
audshe,Sargasso Shearwater,Sargasso Shearwater
troshe5,热带鹱,Tropical Shearwater
troshe2,热带鹱 (bailloni),Tropical Shearwater (Mascarene)
troshe3,热带鹱 [dichrous Group],Tropical Shearwater (Indopacific)
troshe1,班氏鹱/热带鹱,Bannerman's/Tropical Shearwater
pershe1,Persian Shearwater,Persian Shearwater
heishe1,所罗门鹱,Heinroth's Shearwater
bawshe1,small shearwater sp.,small shearwater sp.
shearw,shearwater sp.,shearwater sp.
pedpet1,Peruvian Diving Petrel,Peruvian Diving-Petrel
codpet1,Common Diving Petrel,Common Diving-Petrel
sgdpet1,South Georgia Diving Petrel,South Georgia Diving-Petrel
y01363,Common/South Georgia Diving Petrel,Common/South Georgia Diving-Petrel
madpet1,Magellanic Diving Petrel,Magellanic Diving-Petrel
diving1,diving petrel sp.,diving-petrel sp.
procel2,未识别的鹱类,procellariid sp.
asiope1,钳嘴鹳,Asian Openbill
afrope1,African Openbill,African Openbill
blasto1,黑鹳,Black Stork
abdsto1,Abdim's Stork,Abdim's Stork
wonsto2,African Woolly-necked Stork,African Woolly-necked Stork
wonsto1,白颈鹳,Asian Woolly-necked Stork
stosto1,Storm's Stork,Storm's Stork
magsto1,Maguari Stork,Maguari Stork
whisto1,白鹳,White Stork
x01098,黑鹳x白鹳 (杂交),Black x White Stork (hybrid)
oristo1,东方白鹳,Oriental Stork
ciconi1,未识别的Ciconia属鹳,Ciconia sp.
blnsto1,黑颈鹳,Black-necked Stork
sabsto1,Saddle-billed Stork,Saddle-billed Stork
jabiru,Jabiru,Jabiru
lesadj1,秃鹳,Lesser Adjutant
marsto1,Marabou Stork,Marabou Stork
greadj1,Greater Adjutant,Greater Adjutant
y00716,Lesser/Greater Adjutant,Lesser/Greater Adjutant
woosto,Wood Stork,Wood Stork
milsto1,Milky Stork,Milky Stork
yebsto1,Yellow-billed Stork,Yellow-billed Stork
paisto1,彩鹳,Painted Stork
x00729,Milky x Painted Stork (hybrid),Milky x Painted Stork (hybrid)
y01136,Milky/Painted Stork,Milky/Painted Stork
stork1,未识别的鹳类,stork sp.
asifri1,Ascension Frigatebird,Ascension Frigatebird
magfri,Magnificent Frigatebird,Magnificent Frigatebird
magfri1,Magnificent Frigatebird (Magnificent),Magnificent Frigatebird (Magnificent)
magfri2,Magnificent Frigatebird (Galapagos),Magnificent Frigatebird (Galapagos)
lesfri,白斑军舰鸟,Lesser Frigatebird
lesfri1,白斑军舰鸟 (印度洋至太平洋),Lesser Frigatebird (Lesser)
lesfri2,白斑军舰鸟 (大西洋),Lesser Frigatebird (Trindade)
grefri,黑腹军舰鸟,Great Frigatebird
chifri1,白腹军舰鸟,Christmas Island Frigatebird
frigat,未识别的军舰鸟,frigatebird sp.
abbboo2,Abbott's Booby,Abbott's Booby
norgan,Northern Gannet,Northern Gannet
capgan1,Cape Gannet,Cape Gannet
ausgan1,Australasian Gannet,Australasian Gannet
x01234,Cape x Australasian Gannet (hybrid),Cape x Australasian Gannet (hybrid)
y01383,Cape/Australasian Gannet,Cape/Australasian Gannet
refboo,红脚鲣鸟,Red-footed Booby
refboo1,红脚鲣鸟 (大西洋),Red-footed Booby (Atlantic)
refboo2,红脚鲣鸟 (印度洋至中太平洋),Red-footed Booby (Indopacific)
refboo3,红脚鲣鸟 (东太平洋),Red-footed Booby (Eastern Pacific)
brnboo,褐鲣鸟,Brown Booby
brnboo2,褐鲣鸟 (大西洋),Brown Booby (Atlantic)
brnboo3,褐鲣鸟 (印度洋至太平洋中部),Brown Booby (Forster's)
cocboo1,Cocos Booby,Cocos Booby
brnboo1,Cocos Booby (Brewster's),Cocos Booby (Brewster's)
brnboo4,Cocos Booby (Colombian),Cocos Booby (Colombian)
y01312,Brown/Cocos Booby,Brown/Cocos Booby
masboo,蓝脸鲣鸟,Masked Booby
x00782,褐鲣鸟x蓝脸鲣鸟 (杂交),Brown x Masked Booby (hybrid)
nazboo1,橙嘴鲣鸟,Nazca Booby
x01064,蓝脸鲣鸟x橙嘴鲣鸟 (杂交),Masked x Nazca Booby (hybrid)
y00474,蓝脸鲣鸟/橙嘴鲣鸟,Masked/Nazca Booby
bfoboo,Blue-footed Booby,Blue-footed Booby
x00950,Cocos x Blue-footed Booby (hybrid),Cocos x Blue-footed Booby (hybrid)
perboo1,Peruvian Booby,Peruvian Booby
x01065,Blue-footed x Peruvian Booby (hybrid),Blue-footed x Peruvian Booby (hybrid)
booby1,未识别的鲣鸟,booby sp.
sulid,sulid sp.,sulid sp.
anhing,Anhinga,Anhinga
darter3,African Darter,African Darter
darter2,黑腹蛇鹈,Oriental Darter
darter4,Australasian Darter,Australasian Darter
lipcor1,Little Pied Cormorant,Little Pied Cormorant
lotcor1,Reed Cormorant,Reed Cormorant
crocor1,Crowned Cormorant,Crowned Cormorant
y01300,Reed/Crowned Cormorant,Reed/Crowned Cormorant
litcor1,黑颈鸬鹚,Little Cormorant
pygcor2,侏鸬鹚,Pygmy Cormorant
relcor1,Red-legged Cormorant,Red-legged Cormorant
bracor,Brandt's Cormorant,Brandt's Cormorant
refcor,红脸鸬鹚,Red-faced Cormorant
pelcor,海鸬鹚,Pelagic Cormorant
palcor1,Spectacled Cormorant,Pallas's Cormorant
bancor1,Bank Cormorant,Bank Cormorant
capcor1,Cape Cormorant,Cape Cormorant
grecor,普通鸬鹚,Great Cormorant
grecor6,普通鸬鹚 (carbo/sinensis),Great Cormorant (Dark-breasted)
grecor1,普通鸬鹚 (carbo),Great Cormorant (North Atlantic)
grecor2,普通鸬鹚 (novaehollandiae),Great Cormorant (Australasian)
grecor3,普通鸬鹚 (欧亚),Great Cormorant (Eurasian)
grecor5,普通鸬鹚 (maroccanus),Great Cormorant (Moroccan)
grecor4,普通鸬鹚 (lucidus),Great Cormorant (White-breasted)
japcor1,暗绿背鸬鹚,Japanese Cormorant
y01020,普通鸬鹚/暗绿背鸬鹚,Great/Japanese Cormorant
soccor1,Socotra Cormorant,Socotra Cormorant
sposha1,Spotted Shag,Spotted Shag
piisha1,Pitt Shag,Pitt Island Shag
indcor1,印度鸬鹚,Indian Cormorant
y00770,黑颈鸬鹚/印度鸬鹚,Little/Indian Cormorant
libcor1,Little Black Cormorant,Little Black Cormorant
piecor1,Australian Pied Cormorant,Pied Cormorant
blfcor1,Black-faced Cormorant,Black-faced Cormorant
eursha1,European Shag,European Shag
eursha2,European Shag (Atlantic),European Shag (Atlantic)
eursha3,European Shag (Mediterranean),European Shag (Mediterranean)
eursha4,European Shag (Moroccan),European Shag (Moroccan)
y00769,Great Cormorant/European Shag,Great Cormorant/European Shag
flicor1,Flightless Cormorant,Flightless Cormorant
doccor,Double-crested Cormorant,Double-crested Cormorant
y00694,Great/Double-crested Cormorant,Great/Double-crested Cormorant
neocor,Neotropic Cormorant,Neotropic Cormorant
x00783,Double-crested x Neotropic Cormorant (hybrid),Double-crested x Neotropic Cormorant (hybrid)
y00833,Double-crested/Neotropic Cormorant,Double-crested/Neotropic Cormorant
magcor1,Rock Shag,Magellanic Cormorant
guacor1,Guanay Cormorant,Guanay Cormorant
boisha1,Bounty Shag,Bounty Islands Shag
rofsha1,New Zealand King Shag,New Zealand King Shag
brosha1,Otago/Foveaux Shag,Stewart Island Shag
stisha1,Otago Shag,Stewart Island Shag (Otago)
stisha2,Foveaux Shag,Stewart Island Shag (Foveaux)
chisha1,Chatham Shag,Chatham Islands Shag
auisha1,Auckland Shag,Auckland Islands Shag
caisha2,Campbell Shag,Campbell Islands Shag
impcor6,imperial cormorant sp.,Imperial Cormorant
sogsha1,South Georgia Shag,Imperial Cormorant (South Georgia)
impcor1,Imperial Shag,Imperial Cormorant (Imperial)
impcor2,Imperial Shag (Blue-eyed),Imperial Cormorant (Blue-eyed)
impcor3,Imperial Shag (King),Imperial Cormorant (King)
antsha1,Antarctic Shag,Imperial Cormorant (Antarctic)
crosha1,Crozet Shag,Imperial Cormorant (Crozet)
kersha1,Kerguelen Shag,Imperial Cormorant (Kerguelen)
heisha1,Heard Island Shag,Imperial Cormorant (Heard Island)
macsha1,Macquarie Shag,Imperial Cormorant (Macquarie)
x01186,Guanay x Imperial Shag (hybrid),Guanay x Imperial Cormorant (hybrid)
y01349,Guanay/Imperial Shag,Guanay/Imperial Cormorant
cormor1,未识别的鸬鹚,cormorant sp.
whiibi,American White Ibis,White Ibis
scaibi,美洲红鹮,Scarlet Ibis
x00428,White x Scarlet Ibis (hybrid),White x Scarlet Ibis (hybrid)
gloibi,彩鹮,Glossy Ibis
whfibi,白脸彩鹮,White-faced Ibis
gxwibi1,彩鹮x白脸彩鹮 (杂交),Glossy x White-faced Ibis (hybrid)
plegad,彩鹮/白脸彩鹮,Glossy/White-faced Ibis
punibi1,Puna Ibis,Puna Ibis
y00836,White-faced/Puna Ibis,White-faced/Puna Ibis
madibi1,Madagascar Ibis,Madagascar Ibis
shtibi1,Sharp-tailed Ibis,Sharp-tailed Ibis
greibi1,Green Ibis,Green Ibis
bafibi1,Bare-faced Ibis,Bare-faced Ibis
y01263,White-faced/Bare-faced Ibis,White-faced/Bare-faced Ibis
pluibi1,Plumbeous Ibis,Plumbeous Ibis
bunibi1,Buff-necked Ibis,Buff-necked Ibis
bkfibi1,Black-faced Ibis,Black-faced Ibis
bkfibi2,Andean Ibis,Andean Ibis
blfibi1,Black-faced/Andean Ibis,Black-faced/Andean Ibis
theris1,Theristicus sp.,Theristicus sp.
sacibi2,埃及圣鹮,African Sacred Ibis
sacibi3,马岛圣鹮,Malagasy Sacred Ibis
sacibi1,埃及圣鹮/马岛圣鹮,African/Malagasy Sacred Ibis
reusol1,Reunion Ibis,Reunion Ibis
blhibi1,黑头白鹮,Black-headed Ibis
ausibi1,Australian White Ibis,Australian Ibis
stnibi1,Straw-necked Ibis,Straw-necked Ibis
x01157,Australian White x Straw-necked Ibis (hybrid),Australian x Straw-necked Ibis (hybrid)
renibi1,Red-naped Ibis,Red-naped Ibis
whsibi1,白肩黑鹮,White-shouldered Ibis
giaibi1,Giant Ibis,Giant Ibis
waldra1,Northern Bald Ibis,Northern Bald Ibis
balibi1,Southern Bald Ibis,Southern Bald Ibis
creibi1,朱鹮,Crested Ibis
oliibi2,Olive Ibis,Olive Ibis
oliibi3,Sao Tome Ibis,Sao Tome Ibis
spbibi1,Spot-breasted Ibis,Spot-breasted Ibis
hadibi1,Hadada Ibis,Hadada Ibis
hadibi2,Hadada Ibis (Western),Hadada Ibis (Western)
hadibi6,Hadada Ibis (Eastern),Hadada Ibis (Eastern)
hadibi4,Hadada Ibis (Southern),Hadada Ibis (Southern)
watibi1,Wattled Ibis,Wattled Ibis
ibis1,未识别的鹮,ibis sp.
eurspo1,白琵鹭,Eurasian Spoonbill
royspo1,Royal Spoonbill,Royal Spoonbill
afrspo1,African Spoonbill,African Spoonbill
blfspo1,黑脸琵鹭,Black-faced Spoonbill
x00883,白琵鹭x黑脸琵鹭 (杂交),Eurasian x Black-faced Spoonbill (hybrid)
yebspo1,Yellow-billed Spoonbill,Yellow-billed Spoonbill
rosspo1,Roseate Spoonbill,Roseate Spoonbill
spoonb1,未识别的琵鹭,spoonbill sp.
whcbit1,White-crested Tiger Heron,White-crested Tiger-Heron
ruther1,Rufescent Tiger Heron,Rufescent Tiger-Heron
btther1,Bare-throated Tiger Heron,Bare-throated Tiger-Heron
father1,Fasciated Tiger Heron,Fasciated Tiger-Heron
tigerh1,tiger heron sp.,tiger-heron sp.
bobher1,Boat-billed Heron,Boat-billed Heron
bobher3,Boat-billed Heron (Northern),Boat-billed Heron (Northern)
bobher4,Boat-billed Heron (Southern),Boat-billed Heron (Southern)
agaher1,Agami Heron,Agami Heron
zigher1,Zigzag Heron,Zigzag Heron
grebit1,大麻鳽,Eurasian Bittern
ausbit1,Australasian Bittern,Australasian Bittern
amebit,American Bittern,American Bittern
pinbit1,Pinnated Bittern,Pinnated Bittern
stbbit1,Stripe-backed Bittern,Stripe-backed Bittern
leabit,Least Bittern,Least Bittern
leabit7,Least Bittern (Northern),Least Bittern (Northern)
leabit8,Least Bittern (Southern),Least Bittern (Southern)
blabit1,黑鳽,Black Bittern
cinbit1,栗苇鳽,Cinnamon Bittern
schbit1,紫背苇鳽,Schrenck's Bittern
y01116,栗苇鳽/紫背苇鳽,Cinnamon/Schrenck's Bittern
dwabit1,Dwarf Bittern,Dwarf Bittern
litbit1,小苇鳽,Little Bittern
litbit2,小苇鳽 (欧亚),Little Bittern (Little)
litbit3,小苇鳽 (payesii),Little Bittern (African)
litbit4,小苇鳽 (podiceps),Little Bittern (Madagascar)
yelbit,黄苇鳽,Yellow Bittern
y00389,栗苇鳽/黄苇鳽,Cinnamon/Yellow Bittern
bkbbit1,Black-backed Bittern,Black-backed Bittern
nezbit1,New Zealand Bittern,New Zealand Bittern
smabit1,未识别的Botaurus属小型鳽类,small bittern sp.
ycnher,Yellow-crowned Night Heron,Yellow-crowned Night Heron
yecnih1,Yellow-crowned Night Heron (Yellow-crowned),Yellow-crowned Night Heron (Yellow-crowned)
yecnih2,Yellow-crowned Night Heron (Galapagos),Yellow-crowned Night Heron (Galapagos)
bernih1,Bermuda Night Heron,Bermuda Night Heron
bcnher,夜鹭,Black-crowned Night Heron
bkcnih1,夜鹭 (欧亚),Black-crowned Night Heron (Eurasian)
bkcnih2,夜鹭 (美洲),Black-crowned Night Heron (American)
bkcnih4,夜鹭 (暗色),Black-crowned Night Heron (Dusky)
bkcnih3,夜鹭 (福克兰),Black-crowned Night Heron (Falklands)
x00704,Yellow-crowned x Black-crowned Night Heron (hybrid),Yellow-crowned x Black-crowned Night Heron (hybrid)
y00610,Yellow-crowned/Black-crowned Night Heron,Yellow-crowned/Black-crowned Night Heron
reunih1,Reunion Night Heron,Reunion Night Heron
maunih1,Mauritius Night Heron,Mauritius Night Heron
rodnih1,Rodrigues Night Heron,Rodrigues Night Heron
runher1,棕夜鹭,Nankeen Night Heron
x01041,夜鹭x棕夜鹭 (杂交),Black-crowned x Nankeen Night Heron (hybrid)
y00940,夜鹭/棕夜鹭,Black-crowned/Nankeen Night Heron
asnher1,Ascension Night Heron,Ascension Night Heron
manher1,黑冠鳽,Malayan Night Heron
janher1,栗鳽,Japanese Night Heron
y00941,栗鳽/黑冠鳽,Malayan/Japanese Night Heron
capher1,Capped Heron,Capped Heron
whiher1,Whistling Heron,Whistling Heron
libher,Little Blue Heron,Little Blue Heron
triher,Tricolored Heron,Tricolored Heron
x00696,Little Blue x Tricolored Heron (hybrid),Little Blue x Tricolored Heron (hybrid)
redegr,Reddish Egret,Reddish Egret
x00785,Tricolored Heron x Reddish Egret (hybrid),Tricolored Heron x Reddish Egret (hybrid)
slaegr1,Slaty Egret,Slaty Egret
blaher1,Black Heron,Black Heron
y01358,Slaty Egret/Black Heron,Slaty Egret/Black Heron
pacreh1,岩鹭,Pacific Reef-Heron
chiegr,黄嘴白鹭,Chinese Egret
snoegr,Snowy Egret,Snowy Egret
x00615,Little Blue Heron x Snowy Egret (hybrid),Little Blue Heron x Snowy Egret (hybrid)
x00730,Tricolored Heron x Snowy Egret (hybrid),Tricolored Heron x Snowy Egret (hybrid)
litegr,白鹭,Little Egret
litegr1,白鹭 (广布),Little Egret (Western)
litegr3,白鹭 (immaculata),Little Egret (Australasian)
litegr2,白鹭 (dimorpha),Little Egret (Dimorphic)
x00697,Snowy x Little Egret (hybrid),Snowy x Little Egret (hybrid)
werher,Western Reef Heron,Western Reef-Heron
wesreh1,Western Reef Heron (Western),Western Reef-Heron (Western)
wesreh2,Western Reef Heron (Eastern),Western Reef-Heron (Eastern)
x00656,Little Egret x Western Reef Heron (hybrid),Little Egret x Western Reef-Heron (hybrid)
y00835,Little Egret/Western Reef Heron,Little Egret/Western Reef-Heron
pieher2,斑鹭,Pied Heron
whfher1,白脸鹭,White-faced Heron
egrett1,Egretta sp.,Egretta sp.
wbnher1,White-backed Night Heron,White-backed Night Heron
wenher1,海南鳽,White-eared Night Heron
strher2,Striated Heron (South American),Striated Heron
strher3,Lava Heron,Lava Heron
x01187,Striated x Lava Heron (hybrid),Striated x Lava Heron (hybrid)
y01350,Striated/Lava Heron,Striated/Lava Heron
strher1,绿鹭,Little Heron
lither1,绿鹭 [atricapilla Group],Little Heron (African)
lither4,绿鹭 (crawfordi/degens),Little Heron (Seychelles)
strher6,绿鹭 (brevipes),Little Heron (Red Sea)
lither5,绿鹭 (东洋界),Little Heron (Asian)
lither6,绿鹭 [stagnatilis Group],Little Heron (Australasian)
strher27,绿鹭 (patruelis),Little Heron (Tahiti)
grnher,北美绿鹭,Green Heron
grnher1,北美绿鹭 (virescens/bahamensis),Green Heron (virescens/bahamensis)
grnher2,北美绿鹭 (anthonyi),Green Heron (anthonyi)
grnher3,北美绿鹭 (frazari),Green Heron (frazari)
x00765,Striated x Green Heron (hybrid),Striated x Green Heron (hybrid)
y00771,Striated/Green Heron,Striated/Green Heron
forbit1,Forest Bittern,Forest Bittern
rubher2,Rufous-bellied Heron,Rufous-bellied Heron
squher1,Squacco Heron,Squacco Heron
mapher1,Malagasy Pond Heron,Malagasy Pond-Heron
inpher1,印度池鹭,Indian Pond-Heron
chpher1,池鹭,Chinese Pond-Heron
x01124,印度池鹭x池鹭 (杂交),Indian x Chinese Pond-Heron (hybrid)
japher1,爪哇池鹭,Javan Pond-Heron
x01125,池鹭x爪哇池鹭 (杂交),Chinese x Javan Pond-Heron (hybrid)
pondhe1,未识别的池鹭,pond-heron sp.
categr1,西牛背鹭,Western Cattle-Egret
x01188,白鹭x西牛背鹭 (杂交),Little Egret x Western Cattle-Egret (hybrid)
categr2,牛背鹭,Eastern Cattle-Egret
categr,西牛背鹭/牛背鹭,Western/Eastern Cattle-Egret
pacher1,White-necked Heron,Pacific Heron
greegr,大白鹭,Great Egret
greegr1,大白鹭 (古北界),Great Egret (alba)
greegr4,大白鹭 (非洲),Great Egret (African)
greegr2,大白鹭 (美洲),Great Egret (American)
greegr3,大白鹭 (东洋界至澳洲界),Great Egret (modesta)
integr3,Yellow-billed Egret,Yellow-billed Egret
y01235,Great/Yellow-billed Egret,Great/Yellow-billed Egret
y01236,Western Cattle Egret/Yellow-billed Egret,Western Cattle-Egret/Yellow-billed Egret
integr1,中白鹭,Medium Egret
y01237,牛背鹭/中白鹭,Eastern Cattle-Egret/Medium Egret
y01238,大白鹭/中白鹭,Great/Medium Egret
y01239,Yellow-billed/Medium Egret,Yellow-billed/Medium Egret
integr2,Plumed Egret,Plumed Egret
y01240,Eastern Cattle Egret/Plumed Egret,Eastern Cattle-Egret/Plumed Egret
y01241,Great/Plumed Egret,Great/Plumed Egret
y01242,Medium/Plumed Egret,Medium/Plumed Egret
graher1,苍鹭,Gray Heron
gryher1,苍鹭 (广布),Gray Heron (Gray)
gryher3,苍鹭 (firasa),Gray Heron (Madagascar)
gryher2,苍鹭 (monicae),Gray Heron (Mauritanian)
x01189,白鹭x苍鹭 (杂交),Little Egret x Gray Heron (hybrid)
x00398,大白鹭x苍鹭 (杂交),Great Egret x Gray Heron (hybrid)
grbher3,Great Blue Heron,Great Blue Heron
grbher,Great Blue Heron (Great Blue),Great Blue Heron (Great Blue)
grwher,Great Blue Heron (Great White),Great Blue Heron (Great White)
wurher,Great Blue Heron (Wurdemann's),Great Blue Heron (Wurdemann's)
x00677,Great Egret x Great Blue Heron (hybrid),Great Egret x Great Blue Heron (hybrid)
cocher1,Cocoi Heron,Cocoi Heron
x01051,Great Egret x Cocoi Heron (hybrid),Great Egret x Cocoi Heron (hybrid)
x00784,Great Blue x Cocoi Heron (hybrid),Great Blue x Cocoi Heron (hybrid)
y00834,Great Blue/Cocoi Heron,Great Blue/Cocoi Heron
purher1,草鹭,Purple Heron
purher2,草鹭 (bournei),Purple Heron (Bourne's)
purher3,草鹭 (广布),Purple Heron (Purple)
x01050,苍鹭x草鹭 (杂交),Gray x Purple Heron (hybrid)
y01021,苍鹭/草鹭,Gray/Purple Heron
humher1,Humblot's Heron,Humblot's Heron
whbher2,白腹鹭,White-bellied Heron
grbher2,大嘴鹭,Great-billed Heron
blhher1,Black-headed Heron,Black-headed Heron
golher1,Goliath Heron,Goliath Heron
ardea1,未识别的Ardea属鹭类,Ardea sp.
heron1,未识别的鹭科鸟类,heron sp.
whiegr1,未识别的白色鹭类,white egret sp.
hamerk1,Hamerkop,Hamerkop
shoebi1,Shoebill,Shoebill
amwpel,American White Pelican,American White Pelican
brnpel,Brown Pelican,Brown Pelican
brnpel2,Brown Pelican (Atlantic),Brown Pelican (Atlantic)
brnpel3,Brown Pelican (California),Brown Pelican (California)
brnpel1,Brown Pelican (Southern),Brown Pelican (Southern)
brnpel4,Brown Pelican (Galapagos),Brown Pelican (Galapagos)
perpel1,Peruvian Pelican,Peruvian Pelican
grwpel1,白鹈鹕,Great White Pelican
auspel1,Australian Pelican,Australian Pelican
pibpel1,Pink-backed Pelican,Pink-backed Pelican
spbpel1,斑嘴鹈鹕,Spot-billed Pelican
dalpel1,卷羽鹈鹕,Dalmatian Pelican
x00842,白鹈鹕x卷羽鹈鹕 (杂交),Great White x Dalmatian Pelican (hybrid)
pelica1,未识别的鹈鹕,pelican sp.
calcon,California Condor,California Condor
kinvul1,King Vulture,King Vulture
andcon1,Andean Condor,Andean Condor
blkvul,Black Vulture,Black Vulture
turvul,Turkey Vulture,Turkey Vulture
turvul2,Turkey Vulture (Northern),Turkey Vulture (Northern)
turvul6,Turkey Vulture (Choco),Turkey Vulture (Choco)
turvul1,Turkey Vulture (Tropical),Turkey Vulture (Tropical)
turvul3,Turkey Vulture (South Temperate),Turkey Vulture (South Temperate)
lyhvul1,Lesser Yellow-headed Vulture,Lesser Yellow-headed Vulture
gyhvul1,Greater Yellow-headed Vulture,Greater Yellow-headed Vulture
cathar1,Cathartes sp.,Cathartes sp.
vultur1,new world vulture sp.,new world vulture sp.
secret2,Secretarybird,Secretarybird
osprey,鹗,Osprey
osprey3,鹗 (欧亚),Osprey (Eurasian)
osprey1,鹗 (carolinensis),Osprey (American)
osprey2,鹗 (ridgwayi),Osprey (Caribbean)
osprey4,鹗 (cristatus),Osprey (Australasian)
peakit1,Pearl Kite,Pearl Kite
sctkit1,Scissor-tailed Kite,Scissor-tailed Kite
whtkit,White-tailed Kite,White-tailed Kite
bkskit1,黑翅鸢,Black-winged Kite
bkskit2,黑翅鸢 (非洲),Black-winged Kite (African)
bkskit3,黑翅鸢 (亚洲),Black-winged Kite (Asian)
auskit1,Black-shouldered Kite,Black-shouldered Kite
lewkit1,Letter-winged Kite,Letter-winged Kite
afhhaw1,African Harrier-Hawk,African Harrier-Hawk
mahhaw1,Madagascar Harrier-Hawk,Madagascar Harrier-Hawk
panvul1,Palm-nut Vulture,Palm-nut Vulture
lammer1,胡兀鹫,Bearded Vulture
lammer2,胡兀鹫 (欧亚),Bearded Vulture (Eurasian)
lammer3,胡兀鹫 (非洲),Bearded Vulture (African)
egyvul1,白兀鹫,Egyptian Vulture
maseag1,Madagascar Serpent Eagle,Madagascar Serpent-Eagle
hobkit,Hook-billed Kite,Hook-billed Kite
hobkit1,Hook-billed Kite (Hook-billed),Hook-billed Kite (Hook-billed)
hobkit3,Hook-billed Kite (Grenada),Hook-billed Kite (Grenada)
hobkit2,Cuban Kite,Cuban Kite
grhkit1,Grey-headed Kite,Gray-headed Kite
whckit1,White-collared Kite,White-collared Kite
afrcuh1,African Cuckoo-Hawk,African Cuckoo-Hawk
madcuh1,Madagascar Cuckoo-Hawk,Madagascar Cuckoo-Hawk
jerbaz1,褐冠鹃隼,Jerdon's Baza
pacbaz1,Pacific Baza,Pacific Baza
blabaz1,黑冠鹃隼,Black Baza
euhbuz1,鹃头蜂鹰,European Honey-buzzard
orihob2,凤头蜂鹰,Oriental Honey-buzzard
orihob3,凤头蜂鹰 (东北亚),Oriental Honey-buzzard (Northern)
orihob4,凤头蜂鹰 (东洋界),Oriental Honey-buzzard (Indomalayan)
orihob10,凤头蜂鹰 [ptilorhynchus Group],Oriental Honey-buzzard (Sunda)
x00786,鹃头蜂鹰x凤头蜂鹰 (杂交),European x Oriental Honey-buzzard (hybrid)
y00658,鹃头蜂鹰/凤头蜂鹰,European/Oriental Honey-buzzard
barhob1,Barred Honey Buzzard,Sulawesi Honey-buzzard
barhob2,Philippine Honey Buzzard,Philippine Honey-buzzard
swtkit,Swallow-tailed Kite,Swallow-tailed Kite
bkbkit1,Black-breasted Buzzard,Black-breasted Kite
sqtkit1,Square-tailed Kite,Square-tailed Kite
lthbuz1,Long-tailed Honey Buzzard,Long-tailed Honey-buzzard
blhbuz1,Black Honey Buzzard,Black Honey-buzzard
rehvul1,黑兀鹫,Red-headed Vulture
whhvul1,White-headed Vulture,White-headed Vulture
cinvul1,秃鹫,Cinereous Vulture
lafvul1,Lappet-faced Vulture,Lappet-faced Vulture
hoovul1,Hooded Vulture,Hooded Vulture
himgri1,高山兀鹫,Himalayan Griffon
whrvul1,白背兀鹫,White-rumped Vulture
whbvul1,White-backed Vulture,White-backed Vulture
indvul1,印度兀鹫,Indian Vulture
slbvul1,细嘴兀鹫,Slender-billed Vulture
capgri1,Cape Vulture,Cape Griffon
y00942,White-backed/Cape Vulture,White-backed Vulture/Cape Griffon
ruegri1,Rüppell's Vulture,Rüppell's Griffon
y00634,White-backed/Rüppell's Vulture,White-backed Vulture/Rüppell's Griffon
eurgri1,兀鹫,Eurasian Griffon
y00837,Rüppell's/Griffon Vulture,Rüppell's/Eurasian Griffon
y00838,高山兀鹫/兀鹫,Himalayan/Eurasian Griffon
gyps1,未识别的Gyps属兀鹫,Gyps sp.
olwvul1,未识别的旧大陆鹫类,old world vulture sp.
nicsee1,Great Nicobar Serpent Eagle,Nicobar Serpent-Eagle
suseag1,Sulawesi Serpent Eagle,Sulawesi Serpent-Eagle
moseag1,Mountain Serpent Eagle,Mountain Serpent-Eagle
crseag1,蛇雕,Crested Serpent-Eagle
cresee1,蛇雕 (广布),Crested Serpent-Eagle (Crested)
cresee9,蛇雕 (davisoni),Crested Serpent-Eagle (Andaman)
cresee5,蛇雕 (minimus),Crested Serpent-Eagle (Central Nicobar)
cresee7,蛇雕 (琉球),Crested Serpent-Eagle (Ryukyu)
cresee6,蛇雕 (natunensis),Crested Serpent-Eagle (Natuna)
cresee2,蛇雕 (abbotti),Crested Serpent-Eagle (Simeulue)
cresee3,蛇雕 (asturinus),Crested Serpent-Eagle (Nias)
cresee8,蛇雕 (sipora),Crested Serpent-Eagle (Mentawai)
cresee4,蛇雕 (baweanus),Crested Serpent-Eagle (Bawean)
phseag1,Philippine Serpent Eagle,Philippine Serpent-Eagle
anseag1,Andaman Serpent Eagle,Andaman Serpent-Eagle
grpeag1,Philippine Eagle,Philippine Eagle
batele1,Bateleur,Bateleur
baseag1,Western Banded Snake Eagle,Western Banded Snake-Eagle
faseag1,Southern Banded Snake Eagle,Southern Banded Snake-Eagle
coseag1,Congo Serpent Eagle,Congo Snake-Eagle
beasne1,Beaudouin's Snake Eagle,Beaudouin's Snake-Eagle
bkbsne1,Black-chested Snake Eagle,Black-chested Snake-Eagle
shteag1,短趾雕,Short-toed Snake-Eagle
brseag1,Brown Snake Eagle,Brown Snake-Eagle
snakee1,snake eagle sp.,snake-eagle sp.
crheag1,Crowned Eagle,Crowned Eagle
walhae1,Wallace's Hawk-Eagle,Wallace's Hawk-Eagle
mouhae2,Legge's Hawk-Eagle,Legge's Hawk-Eagle
mouhae1,鹰雕,Mountain Hawk-Eagle
mouhae5,鹰雕 (华南至东南亚),Mountain Hawk-Eagle (nipalensis)
mouhae4,鹰雕 (日本),Mountain Hawk-Eagle (orientalis)
blyhae1,Blyth's Hawk-Eagle,Blyth's Hawk-Eagle
javhae1,Javan Hawk-Eagle,Javan Hawk-Eagle
sulhae1,Sulawesi Hawk-Eagle,Sulawesi Hawk-Eagle
pinhae1,Pinsker's Hawk-Eagle,Pinsker's Hawk-Eagle
phihae1,Philippine Hawk-Eagle,Philippine Hawk-Eagle
y00839,凤头鹰雕,Changeable Hawk-Eagle
crehae1,凤头鹰雕 (cirrhatus/ceylanensis),Changeable Hawk-Eagle (Crested)
chahae1,凤头鹰雕 (短冠),Changeable Hawk-Eagle (Changeable)
flohae1,Flores Hawk-Eagle,Flores Hawk-Eagle
nisaet1,Nisaetus sp.,Nisaetus sp.
blheag1,Black Hawk-Eagle,Black Hawk-Eagle
bawhae1,Black-and-white Hawk-Eagle,Black-and-white Hawk-Eagle
orheag1,Ornate Hawk-Eagle,Ornate Hawk-Eagle
baceag2,Black-and-chestnut Eagle,Black-and-chestnut Eagle
spizae1,Spizaetus sp.,Spizaetus sp.
rubeag2,棕腹隼雕,Rufous-bellied Eagle
mareag1,Martial Eagle,Martial Eagle
loceag1,Long-crested Eagle,Long-crested Eagle
blaeag1,林雕,Black Eagle
inseag1,Indian Spotted Eagle,Indian Spotted Eagle
leseag1,Lesser Spotted Eagle,Lesser Spotted Eagle
grseag1,乌雕,Greater Spotted Eagle
x00843,Lesser x Greater Spotted Eagle (hybrid),Lesser x Greater Spotted Eagle (hybrid)
y00718,Lesser/Greater Spotted Eagle,Lesser/Greater Spotted Eagle
y00719,Indian/Greater Spotted Eagle,Indian/Greater Spotted Eagle
waheag3,Wahlberg's Eagle,Wahlberg's Eagle
ayheag1,Ayres's Hawk-Eagle,Ayres's Hawk-Eagle
liteag3,Pygmy Eagle,Pygmy Eagle
booeag1,靴隼雕,Booted Eagle
liteag1,Little Eagle,Little Eagle
steeag1,草原雕,Steppe Eagle
impeag1,白肩雕,Imperial Eagle
spaeag1,Spanish Imperial Eagle,Spanish Eagle
taweag1,Tawny Eagle,Tawny Eagle
y01022,Steppe/Tawny Eagle,Steppe/Tawny Eagle
cashae1,Cassin's Hawk-Eagle,Cassin's Hawk-Eagle
gureag1,Gurney's Eagle,Gurney's Eagle
weteag1,Wedge-tailed Eagle,Wedge-tailed Eagle
goleag,金雕,Golden Eagle
vereag1,Verreaux's Eagle,Verreaux's Eagle
boneag2,白腹隼雕,Bonelli's Eagle
afrhae1,African Hawk-Eagle,African Hawk-Eagle
aquila1,未识别的Aquila属雕,Aquila sp.
y01070,Clanga/Aquila sp.,Clanga/Aquila sp.
negeag1,Papuan Eagle,New Guinea Eagle
bathaw1,Bat Hawk,Bat Hawk
creeag1,Crested Eagle,Crested Eagle
hareag1,Harpy Eagle,Harpy Eagle
cregos1,凤头鹰,Crested Goshawk
sulgos1,Sulawesi Goshawk,Sulawesi Goshawk
gabgos2,Gabar Goshawk,Gabar Goshawk
lothaw1,Long-tailed Hawk,Long-tailed Hawk
dacgos1,Dark Chanting Goshawk,Dark Chanting-Goshawk
eacgos1,Eastern Chanting Goshawk,Eastern Chanting-Goshawk
y01289,Dark/Eastern Chanting Goshawk,Dark/Eastern Chanting-Goshawk
pacgos1,Pale Chanting Goshawk,Pale Chanting-Goshawk
y01290,Dark/Pale Chanting Goshawk,Dark/Pale Chanting-Goshawk
lizbuz1,Lizard Buzzard,Lizard Buzzard
afrgos1,African Goshawk,African Goshawk
recgos2,African Goshawk (Banded),African Goshawk (Banded)
recgos3,African Goshawk (Red-chested),African Goshawk (Red-chested)
recgos4,African Goshawk (Bioko),African Goshawk (Bioko)
afrgos2,African Goshawk (Ethiopian),African Goshawk (Ethiopian)
afrgos3,African Goshawk (Eastern),African Goshawk (Eastern)
afrgos4,African Goshawk (Pemba),African Goshawk (Pemba)
afrgos5,African Goshawk (Southern),African Goshawk (Southern)
chfspa1,Chestnut-flanked Sparrowhawk,Chestnut-flanked Sparrowhawk
retspa1,Red-thighed Sparrowhawk,Red-thighed Sparrowhawk
litspa1,Little Sparrowhawk,Little Sparrowhawk
besra1,松雀鹰,Besra
y01073,凤头鹰/松雀鹰,Crested Goshawk/Besra
smaspa1,Dwarf Sparrowhawk,Small Sparrowhawk
runspa1,Rufous-necked Sparrowhawk,Rufous-necked Sparrowhawk
colspa1,Collared Sparrowhawk,Collared Sparrowhawk
nebspa1,New Britain Sparrowhawk,New Britain Sparrowhawk
vibspa1,Vinous-breasted Sparrowhawk,Vinous-breasted Sparrowhawk
japspa1,日本松雀鹰,Japanese Sparrowhawk
y00943,松雀鹰/日本松雀鹰,Besra/Japanese Sparrowhawk
shikra1,褐耳鹰,Shikra
shikra2,褐耳鹰 (非洲),Shikra (African)
shikra3,褐耳鹰 (亚洲),Shikra (Asian)
nicspa1,Nicobar Sparrowhawk,Nicobar Sparrowhawk
levspa1,Levant Sparrowhawk,Levant Sparrowhawk
grfhaw1,赤腹鹰,Chinese Sparrowhawk
imispa1,Imitator Goshawk,Imitator Sparrowhawk
fragos2,Frances's Sparrowhawk,Frances's Sparrowhawk
sptgos1,Spot-tailed Sparrowhawk,Spot-tailed Goshawk
gyhgos1,Grey-headed Goshawk,Gray-headed Goshawk
nebgos1,New Britain Goshawk,New Britain Goshawk
grygos1,Grey Goshawk,Gray Goshawk
vargos1,Variable Goshawk,Variable Goshawk
vargos2,Variable Goshawk (Lesser Sundas),Variable Goshawk (Lesser Sundas)
vargos3,Variable Goshawk (Variable),Variable Goshawk (Variable)
blmgos1,Black-mantled Goshawk,Black-mantled Goshawk
piegos1,Pied Goshawk,Pied Goshawk
fijgos1,Fiji Goshawk,Fiji Goshawk
molgos1,Moluccan Goshawk,Moluccan Goshawk
slmgos1,Slaty-mantled Goshawk,Slaty-mantled Goshawk
necgos1,White-bellied Goshawk,New Caledonian Goshawk
brogos1,Brown Goshawk,Brown Goshawk
y00841,Collared Sparrowhawk/Brown Goshawk,Collared Sparrowhawk/Brown Goshawk
y01023,Variable/Brown Goshawk,Variable/Brown Goshawk
chsgos1,Chestnut-shouldered Goshawk,Chestnut-shouldered Goshawk
redgos1,Red Goshawk,Red Goshawk
gybhaw1,Grey-bellied Hawk,Gray-bellied Hawk
ovaspa2,Ovambo Sparrowhawk,Ovambo Sparrowhawk
madspa1,Madagascar Sparrowhawk,Madagascar Sparrowhawk
eurspa1,雀鹰,Eurasian Sparrowhawk
y00842,Levant/Eurasian Sparrowhawk,Levant/Eurasian Sparrowhawk
rucspa2,Rufous-breasted Sparrowhawk,Rufous-breasted Sparrowhawk
rucspa3,Rufous-breasted Sparrowhawk (Ethiopian),Rufous-breasted Sparrowhawk (Ethiopian)
rucspa4,Rufous-breasted Sparrowhawk (Rufous-breasted),Rufous-breasted Sparrowhawk (Rufous-breasted)
shshaw,Sharp-shinned/White-breasted/Plain-breasted/Rufous-thighed Hawk,Sharp-shinned Hawk
shshaw2,Sharp-shinned Hawk (Northern),Sharp-shinned Hawk (Northern)
shshaw1,Sharp-shinned Hawk (Caribbean),Sharp-shinned Hawk (Caribbean)
shshaw6,Sharp-shinned Hawk (Madrean),Sharp-shinned Hawk (Madrean)
shshaw3,White-breasted Hawk,Sharp-shinned Hawk (White-breasted)
shshaw4,Plain-breasted Hawk,Sharp-shinned Hawk (Plain-breasted)
shshaw5,Rufous-thighed Hawk,Sharp-shinned Hawk (Rufous-thighed)
bichaw1,Bicolored Hawk,Bicolored Hawk
bichaw2,Bicolored Hawk (Bicolored),Bicolored Hawk (Bicolored)
bichaw3,Bicolored Hawk (Spotted),Bicolored Hawk (Spotted)
bichaw4,Chilean Hawk,Chilean Hawk
y01209,Bicolored/Chilean Hawk,Bicolored/Chilean Hawk
coohaw,Cooper's Hawk,Cooper's Hawk
y00612,Sharp-shinned/Cooper's Hawk,Sharp-shinned/Cooper's Hawk
gunhaw1,Gundlach's Hawk,Gundlach's Hawk
norgos1,苍鹰,Eurasian Goshawk
y00392,雀鹰/苍鹰,Eurasian Sparrowhawk/Eurasian Goshawk
norgos,American Goshawk,American Goshawk
x00988,Cooper's Hawk x American Goshawk (hybrid),Cooper's Hawk x American Goshawk (hybrid)
y00666,Cooper's Hawk/American Goshawk,Cooper's Hawk/American Goshawk
y01256,Eurasian/American Goshawk,Eurasian/American Goshawk
meygos1,Meyer's Goshawk,Meyer's Goshawk
blagos1,Black Sparrowhawk,Black Goshawk
hengos1,Henst's Goshawk,Henst's Goshawk
accipi,未识别的Accipitrine亚科鹰类,Accipitrine hawk sp. (former Accipiter sp.)
dorgos1,Doria's Hawk,Doria's Hawk
wemhar1,白头鹞,Western Marsh Harrier
afmhar1,African Marsh Harrier,African Marsh Harrier
y01359,Western/African Marsh Harrier,Western/African Marsh Harrier
easmah1,白腹鹞,Eastern Marsh Harrier
y00391,白头鹞/白腹鹞,Western/Eastern Marsh Harrier
easmah2,Papuan Harrier,Papuan Harrier
eamhar1,Eastern Marsh/Papuan Harrier,Eastern Marsh/Papuan Harrier
swahar1,Swamp Harrier,Swamp Harrier
reuhar2,Reunion Harrier,Reunion Harrier
reuhar3,Malagasy Harrier,Malagasy Harrier
lowhar1,Long-winged Harrier,Long-winged Harrier
spohar1,Spotted Harrier,Spotted Harrier
y01243,Swamp/Spotted Harrier,Swamp/Spotted Harrier
blahar1,Black Harrier,Black Harrier
cinhar1,Cinereous Harrier,Cinereous Harrier
norhar1,白尾鹞,Hen Harrier
norhar2,Northern Harrier,Northern Harrier
norhar,Hen/Northern Harrier,Hen/Northern Harrier
palhar1,草原鹞,Pallid Harrier
x00399,白尾鹞x草原鹞 (杂交),Hen x Pallid Harrier (hybrid)
piehar1,鹊鹞,Pied Harrier
monhar1,乌灰鹞,Montagu's Harrier
x01099,草原鹞x乌灰鹞 (杂交),Pallid x Montagu's Harrier (hybrid)
y00840,白尾鹞/乌灰鹞,Hen/Montagu's Harrier
y00720,草原鹞/乌灰鹞,Pallid/Montagu's Harrier
harrie1,未识别的鹞,harrier sp.
tinhaw1,Tiny Hawk,Tiny Hawk
semhaw2,Semicollared Hawk,Semicollared Hawk
dotkit1,Double-toothed Kite,Double-toothed Kite
rutkit1,Rufous-thighed Kite,Rufous-thighed Kite
redkit1,Red Kite,Red Kite
redkit2,Red Kite (Red),Red Kite (Red)
redkit3,Red Kite (Cape Verde),Red Kite (Cape Verde)
blakit1,黑鸢,Black Kite
blkkit1,黑鸢 (欧洲至中亚),Black Kite (Black)
blkkit2,黑鸢 (东亚，黑耳鸢),Black Kite (Black-eared)
blkkit3,黑鸢 (黄嘴),Black Kite (Yellow-billed)
y00611,Red/Black Kite,Red/Black Kite
brakit1,栗鸢,Brahminy Kite
y00393,黑鸢/栗鸢,Black/Brahminy Kite
whikit1,Whistling Kite,Whistling Kite
whteag,白尾海雕,White-tailed Eagle
baleag,Bald Eagle,Bald Eagle
pafeag1,玉带海雕,Pallas's Fish-Eagle
stseag,虎头海雕,Steller's Sea-Eagle
x00989,Bald Eagle x Steller's Sea Eagle (hybrid),Bald Eagle x Steller's Sea-Eagle (hybrid)
y00944,Golden/Bald Eagle,Golden/Bald Eagle
affeag1,African Fish Eagle,African Fish-Eagle
mafeag1,Madagascar Fish Eagle,Madagascar Fish-Eagle
wbseag1,白腹海雕,White-bellied Sea-Eagle
solsee1,Sanford's Sea Eagle,Sanford's Sea-Eagle
lefeag1,渔雕,Lesser Fish-Eagle
gyhfie1,灰头渔雕,Gray-headed Fish-Eagle
y00721,渔雕/灰头渔雕,Lesser/Gray-headed Fish-Eagle
haliae1,未识别的Haliaeetus/Icthyophaga属海雕,Haliaeetus/Icthyophaga sp.
ruwbuz1,棕翅鵟鹰,Rufous-winged Buzzard
grabuz1,Grasshopper Buzzard,Grasshopper Buzzard
whebuz1,白眼鵟鹰,White-eyed Buzzard
gyfbuz1,灰脸鵟鹰,Gray-faced Buzzard
miskit,Mississippi Kite,Mississippi Kite
plukit1,Plumbeous Kite,Plumbeous Kite
y00772,Mississippi/Plumbeous Kite,Mississippi/Plumbeous Kite
crahaw,Crane Hawk,Crane Hawk
crahaw1,Crane Hawk (Blackish),Crane Hawk (Blackish)
crahaw2,Crane Hawk (Grey),Crane Hawk (Gray)
crahaw3,Crane Hawk (Banded),Crane Hawk (Banded)
blchaw1,Black-collared Hawk,Black-collared Hawk
snakit,Snail Kite,Snail Kite
slbkit1,Slender-billed Kite,Slender-billed Kite
barhaw1,Barred Hawk,Barred Hawk
pluhaw,Plumbeous Hawk,Plumbeous Hawk
slchaw2,Slate-colored Hawk,Slate-colored Hawk
comblh1,Common Black Hawk,Common Black Hawk
cobhaw,Common Black Hawk (Common),Common Black Hawk (Common)
mabhaw1,Common Black Hawk (Mangrove),Common Black Hawk (Mangrove)
cubblh1,Cuban Black Hawk,Cuban Black Hawk
ruchaw1,Rufous Crab Hawk,Rufous Crab Hawk
savhaw1,Savanna Hawk,Savanna Hawk
whnhaw2,White-necked Hawk,White-necked Hawk
grbhaw1,Great Black Hawk,Great Black Hawk
grbhaw2,Great Black Hawk (Northern),Great Black Hawk (Northern)
grbhaw3,Great Black Hawk (Southern),Great Black Hawk (Southern)
y00945,Common/Great Black Hawk,Common/Great Black Hawk
soleag1,Solitary Eagle,Solitary Eagle
croeag1,Chaco Eagle,Chaco Eagle
buteog1,Buteogallus sp.,Buteogallus sp.
roahaw,Roadside Hawk,Roadside Hawk
roahaw2,Roadside Hawk (Cozumel I.),Roadside Hawk (Cozumel I.)
roahaw3,Roadside Hawk (Northern),Roadside Hawk (Northern)
roahaw4,Roadside Hawk (Southern),Roadside Hawk (Southern)
hrshaw,Harris's Hawk,Harris's Hawk
harhaw1,Harris's Hawk (Harris's),Harris's Hawk (Harris's)
harhaw2,Harris's Hawk (Bay-winged),Harris's Hawk (Bay-winged)
whrhaw1,White-rumped Hawk,White-rumped Hawk
whthaw,White-tailed Hawk,White-tailed Hawk
rebhaw2,Variable Hawk,Variable Hawk
punhaw1,Variable Hawk (Puna),Variable Hawk (Puna)
rebhaw1,Variable Hawk (Red-backed),Variable Hawk (Red-backed)
varhaw1,Variable Hawk (Variable),Variable Hawk (Variable)
varhaw2,Variable Hawk (Juan Fernandez),Variable Hawk (Juan Fernandez)
bcbeag1,Black-chested Buzzard-Eagle,Black-chested Buzzard-Eagle
gerano1,Geranoaetus sp.,Geranoaetus sp.
gybhaw2,Grey-backed Hawk,Gray-backed Hawk
whihaw1,White Hawk,White Hawk
whihaw2,White Hawk (Snowy),White Hawk (Snowy)
whihaw3,White Hawk (White-shouldered),White Hawk (White-shouldered)
whihaw5,White Hawk (Black-winged),White Hawk (Black-winged)
whihaw4,White Hawk (Black-tailed),White Hawk (Black-tailed)
manhaw2,Mantled Hawk,Mantled Hawk
semhaw,Semiplumbeous Hawk,Semiplumbeous Hawk
blfhaw1,Black-faced Hawk,Black-faced Hawk
whbhaw2,White-browed Hawk,White-browed Hawk
berhaw1,Bermuda Hawk,Bermuda Hawk
gryhaw2,Grey Hawk,Gray Hawk
gryhaw3,Grey-lined Hawk,Gray-lined Hawk
gryhaw1,Grey/Grey-lined Hawk,Gray/Gray-lined Hawk
brwhaw,Broad-winged Hawk,Broad-winged Hawk
brwhaw1,Broad-winged Hawk (Northern),Broad-winged Hawk (Northern)
brwhaw2,Broad-winged Hawk (Caribbean),Broad-winged Hawk (Caribbean)
reshaw,Red-shouldered Hawk,Red-shouldered Hawk
reshaw5,Red-shouldered Hawk (lineatus Group),Red-shouldered Hawk (lineatus Group)
reshaw2,Red-shouldered Hawk (extimus),Red-shouldered Hawk (extimus)
reshaw4,Red-shouldered Hawk (elegans),Red-shouldered Hawk (elegans)
x00787,Common Black x Red-shouldered Hawk (hybrid),Common Black x Red-shouldered Hawk (hybrid)
ridhaw1,Ridgway's Hawk,Ridgway's Hawk
x00400,Broad-winged x Red-shouldered Hawk (hybrid),Broad-winged x Red-shouldered Hawk (hybrid)
y00773,Broad-winged/Red-shouldered Hawk,Broad-winged/Red-shouldered Hawk
zothaw,Zone-tailed Hawk,Zone-tailed Hawk
hawhaw,Hawaiian Hawk,Hawaiian Hawk
whthaw1,White-throated Hawk,White-throated Hawk
shthaw,Short-tailed Hawk,Short-tailed Hawk
swahaw,Swainson's Hawk,Swainson's Hawk
galhaw1,Galapagos Hawk,Galapagos Hawk
rethaw,Red-tailed Hawk,Red-tailed Hawk
hrthaw1,Red-tailed Hawk (Harlan's),Red-tailed Hawk (Harlan's)
rethaw4,Red-tailed Hawk (abieticola),Red-tailed Hawk (abieticola)
wrthaw1,Red-tailed Hawk (calurus/alascensis),Red-tailed Hawk (calurus/alascensis)
erthaw1,Red-tailed Hawk (borealis),Red-tailed Hawk (borealis)
rethaw9,Red-tailed Hawk (calurus/abieticola),Red-tailed Hawk (calurus/abieticola)
krthaw1,Red-tailed Hawk (Krider's),Red-tailed Hawk (Krider's)
frthaw1,Red-tailed Hawk (fuertesi),Red-tailed Hawk (fuertesi)
rethaw14,Red-tailed Hawk (Sutton's),Red-tailed Hawk (Sutton's)
rethaw5,Red-tailed Hawk (kemsiesi/hadropus),Red-tailed Hawk (kemsiesi/hadropus)
rethaw1,Red-tailed Hawk (costaricensis),Red-tailed Hawk (costaricensis)
rethaw6,Red-tailed Hawk (fumosus),Red-tailed Hawk (fumosus)
rethaw7,Red-tailed Hawk (socorroensis),Red-tailed Hawk (socorroensis)
rethaw8,Red-tailed Hawk (umbrinus),Red-tailed Hawk (umbrinus)
rethaw2,Red-tailed Hawk (jamaicensis),Red-tailed Hawk (jamaicensis)
rethaw3,Red-tailed Hawk (solitudinis),Red-tailed Hawk (solitudinis)
x00686,Red-shouldered x Red-tailed Hawk (hybrid),Red-shouldered x Red-tailed Hawk (hybrid)
ruthaw1,Rufous-tailed Hawk,Rufous-tailed Hawk
rolhaw,毛脚鵟,Rough-legged Hawk
x00788,Swainson's Hawk x Rough-legged Buzzard (hybrid),Swainson's x Rough-legged Hawk (hybrid)
x00731,Red-tailed Hawk x Rough-legged Buzzard (hybrid),Red-tailed x Rough-legged Hawk (hybrid)
ferhaw,Ferruginous Hawk,Ferruginous Hawk
x00930,Red-tailed x Ferruginous Hawk (hybrid),Red-tailed x Ferruginous Hawk (hybrid)
renbuz1,Red-necked Buzzard,Red-necked Buzzard
augbuz2,Augur Buzzard,Augur Buzzard
augbuz1,Augur Buzzard (Augur),Augur Buzzard (Augur)
arcbuz1,Augur Buzzard (Archer's),Augur Buzzard (Archer's)
jacbuz1,Jackal Buzzard,Jackal Buzzard
moubuz2,Mountain Buzzard,Mountain Buzzard
combuz1,欧亚鵟,Common Buzzard
combuz7,欧亚鵟 (buteo),Common Buzzard (Western)
combuz8,欧亚鵟 (arrigonii),Common Buzzard (Corsican)
combuz2,欧亚鵟 (rothschildi),Common Buzzard (Azores)
combuz3,欧亚鵟 (insularum),Common Buzzard (Canary Is.)
combuz4,欧亚鵟 (bannermani),Common Buzzard (Cape Verde)
combuz5,欧亚鵟 (草原),Common Buzzard (Steppe)
moubuz3,Forest Buzzard,Forest Buzzard
moubuz4,Elgin Buzzard (undescribed form),Elgin Buzzard (undescribed form)
madbuz1,Madagascar Buzzard,Madagascar Buzzard
socbuz1,Socotra Buzzard,Socotra Buzzard
lolbuz1,棕尾鵟,Long-legged Buzzard
lolbuz2,棕尾鵟 (中亚),Long-legged Buzzard (Northern)
lolbuz3,棕尾鵟 (cirtensis),Long-legged Buzzard (Atlas)
x00766,欧亚鵟x棕尾鵟 (杂交),Common x Long-legged Buzzard (hybrid)
y01024,欧亚鵟/棕尾鵟,Common/Long-legged Buzzard
uplbuz1,大鵟,Upland Buzzard
x00789,棕尾鵟x大鵟 (杂交),Long-legged x Upland Buzzard (hybrid)
y00843,棕尾鵟/大鵟,Long-legged/Upland Buzzard
combuz9,喜山鵟,Himalayan Buzzard
y00946,欧亚鵟/喜山鵟,Common/Himalayan Buzzard
combuz6,普通鵟,Eastern Buzzard
y01258,欧亚鵟/普通鵟,Common/Eastern Buzzard
y00948,喜山鵟/普通鵟,Himalayan/Eastern Buzzard
y00947,欧亚鵟/喜山鵟/普通鵟,Common/Himalayan/Eastern Buzzard
buteo,未识别的鵟,Buteo sp.
y00681,Geranoaetus/Buteo sp.,Geranoaetus/Buteo sp.
y00221,未识别的鵟和雕,Buteo/eagle sp.
hawk,未识别的鹰类,hawk sp.
eagle1,未识别的雕类,eagle sp.
sooowl1,Greater/Lesser Sooty Owl,Sooty Owl
grsowl1,Greater Sooty Owl,Sooty Owl (Greater)
lesowl1,Lesser Sooty Owl,Sooty Owl (Lesser)
aumowl1,Australian Masked Owl,Australian Masked-Owl
nebmao1,Golden Masked Owl,Golden Masked-Owl
sermao1,Moluccan Masked Owl (Seram),Seram Masked-Owl
lemowl1,Moluccan Masked Owl (not almae),Lesser Masked-Owl
lesmao1,Moluccan Masked Owl (Buru),Lesser Masked-Owl (Buru)
lesmao2,Moluccan Masked Owl (Tanimbar),Lesser Masked-Owl (Tanimbar)
manowl2,Manus Masked Owl,Manus Masked-Owl
talowl1,Taliabu Masked Owl,Taliabu Masked-Owl
minowl1,Minahasa Masked Owl,Minahasa Masked-Owl
sulowl1,Sulawesi Masked Owl,Sulawesi Masked-Owl
cobowl1,Itombwe Owl,Itombwe Owl
ausgro1,草鸮,Australasian Grass-Owl
afgowl1,African Grass Owl,African Grass-Owl
webowl1,西仓鸮,Western Barn Owl
barowl2,西仓鸮 (欧亚),Western Barn Owl (Eurasian)
barowl14,西仓鸮 (schmitzi),Western Barn Owl (Madeiran)
barowl15,西仓鸮 (gracilirostris),Western Barn Owl (Canary Is.)
barowl16,西仓鸮 (poensis),Western Barn Owl (African)
barowl3,西仓鸮 (detorta),Western Barn Owl (Cape Verde)
barowl4,西仓鸮 (thomensis),Western Barn Owl (Sao Tome)
eabowl1,仓鸮,Eastern Barn Owl
barowl7,仓鸮 (广布),Eastern Barn Owl (Eastern)
barowl6,仓鸮 (crassirostris),Eastern Barn Owl (Boang)
y01293,西仓鸮/仓鸮,Western/Eastern Barn Owl
brnowl,美洲仓鸮,American Barn Owl
barowl8,美洲仓鸮 [tuidara Group],American Barn Owl (American)
barowl28,美洲仓鸮 (furcata),American Barn Owl (White-winged)
barowl9,美洲仓鸮 (bargei),American Barn Owl (Curacao)
barowl10,美洲仓鸮 (insularis/nigrescens),American Barn Owl (Lesser Antilles)
barowl11,美洲仓鸮 (punctatissima),American Barn Owl (Galapagos)
barowl5,Andaman Masked Owl,Andaman Masked-Owl
asfowl1,Ashy-faced Owl,Ashy-faced Owl
marowl1,Red Owl,Red Owl
tyto1,Tyto sp.,Tyto sp.
orbowl1,栗鸮,Oriental Bay-Owl
srlbao1,Sri Lanka Bay Owl,Sri Lanka Bay-Owl
wfsowl2,White-fronted Scops Owl,White-fronted Scops-Owl
ansowl1,Andaman Scops Owl,Andaman Scops-Owl
resowl1,Reddish Scops Owl,Reddish Scops-Owl
sersco1,Serendib Scops Owl,Serendib Scops-Owl
sasowl1,Sandy Scops Owl,Sandy Scops-Owl
sansco2,Sandy Scops Owl (Sandy),Sandy Scops-Owl (Sandy)
sansco3,Sandy Scops Owl (Reddish),Sandy Scops-Owl (Reddish)
sosowl1,Sokoke Scops Owl,Sokoke Scops-Owl
flsowl1,Flores Scops Owl,Flores Scops-Owl
mosowl2,黄嘴角鸮,Mountain Scops-Owl
rasowl1,Rajah Scops Owl,Rajah Scops-Owl
rajsco2,Rajah Scops Owl (Sumatran),Rajah Scops-Owl (Sumatran)
rajsco1,Rajah Scops Owl (Bornean),Rajah Scops-Owl (Bornean)
jasowl2,Javan Scops Owl,Javan Scops-Owl
mesowl1,Mentawai Scops Owl,Mentawai Scops-Owl
insowl1,Indian Scops Owl,Indian Scops-Owl
cosowl1,领角鸮,Collared Scops-Owl
mineao1,Giant Scops Owl,Giant Scops-Owl
susowl2,Sunda Scops Owl,Sunda Scops-Owl
y01137,Collared/Sunda Scops Owl,Collared/Sunda Scops-Owl
jasowl1,北领角鸮 (日本角鸮),Japanese Scops-Owl
wasowl1,Wallace's Scops Owl,Wallace's Scops-Owl
pasowl2,Palawan Scops Owl,Palawan Scops-Owl
phsowl1,Philippine Scops Owl,Philippine Scops-Owl
evesco1,Everett's Scops Owl,Everett's Scops-Owl
negsco1,Negros Scops Owl,Negros Scops-Owl
misowl2,Mindoro Scops Owl,Mindoro Scops-Owl
mosowl1,Moluccan Scops Owl,Moluccan Scops-Owl
molsco1,Moluccan Scops Owl (Moluccan),Moluccan Scops-Owl (Moluccan)
sulsco4,Moluccan Scops Owl (Kalidupa),Moluccan Scops-Owl (Kalidupa)
molsco2,Wetar Scops Owl,Wetar Scops-Owl
rinsco1,Rinjani Scops Owl,Rinjani Scops-Owl
palowl2,Palau Scops Owl,Palau Scops-Owl
masowl2,Mantanani Scops Owl,Mantanani Scops-Owl
ryusco1,琉球角鸮 (兰屿角鸮),Ryukyu Scops-Owl
susowl1,Sulawesi Scops Owl,Sulawesi Scops-Owl
sulsco5,Banggai Scops Owl,Banggai Scops-Owl
sansco1,Sangihe Scops Owl,Sangihe Scops-Owl
sulsco2,Siau Scops Owl,Siau Scops-Owl
sulsco3,Sula Scops Owl,Sula Scops-Owl
biasco1,Biak Scops Owl,Biak Scops-Owl
sisowl1,Simeulue Scops Owl,Simeulue Scops-Owl
ensowl1,Enggano Scops Owl,Enggano Scops-Owl
nicsco1,Nicobar Scops Owl,Nicobar Scops-Owl
arasco1,Arabian Scops Owl,Arabian Scops-Owl
eursco1,西红角鸮,Eurasian Scops-Owl
eursco3,Cyprus Scops Owl,Cyprus Scops-Owl
y00394,Eurasian/Cyprus Scops Owl,Eurasian/Cyprus Scops-Owl
prisco1,Principe Scops Owl,Principe Scops-Owl
pesowl2,Pemba Scops Owl,Pemba Scops-Owl
stsowl1,Sao Tome Scops Owl,Sao Tome Scops-Owl
afsowl1,African/Annabon Scops Owl,African Scops-Owl
afrsco1,African Scops Owl (African),African Scops-Owl (African)
afrsco3,Annobon Scops Owl,African Scops-Owl (Annobon)
afrsco4,African Scops Owl (Snowy),African Scops-Owl (Snowy)
pasowl3,纵纹角鸮,Pallid Scops-Owl
y00858,西红角鸮/纵纹角鸮,Eurasian/Pallid Scops-Owl
misowl1,Mindanao Scops Owl,Mindanao Scops-Owl
lusowl1,Luzon Scops Owl,Luzon Scops-Owl
mohsco1,Moheli Scops Owl,Moheli Scops-Owl
cosowl3,Karthala Scops Owl,Comoro Scops-Owl
sesowl1,Seychelles Scops Owl,Seychelles Scops-Owl
orsowl,红角鸮,Oriental Scops-Owl
orisco1,红角鸮 (南亚至东南亚),Oriental Scops-Owl (Southern)
orisco11,红角鸮 (北方),Oriental Scops-Owl (Northern)
orisco2,红角鸮 (modestus),Oriental Scops-Owl (Walden's)
afrsco2,Socotra Scops Owl,Socotra Scops-Owl
ansowl2,Anjouan Scops Owl,Anjouan Scops-Owl
maysco1,Mayotte Scops Owl,Mayotte Scops-Owl
reusco1,Reunion Scops Owl,Reunion Scops-Owl
rodsco1,Rodrigues Scops Owl,Rodrigues Scops-Owl
mausco1,Mauritius Scops Owl,Mauritius Scops-Owl
madsco1,Rainforest/Torotoroka Scops Owl,Madagascar Scops-Owl
masowl1,Rainforest Scops Owl,Madagascar Scops-Owl (Rainforest)
torsco1,Torotoroka Scops Owl,Madagascar Scops-Owl (Torotoroka)
otus1,未识别的角鸮,scops-owl sp.
flaowl,Flammulated Owl,Flammulated Owl
prsowl,Puerto Rican Owl,Puerto Rican Owl
bssowl,Bare-shanked Screech Owl,Bare-shanked Screech-Owl
whsowl1,Whiskered Screech Owl,Whiskered Screech-Owl
whtsco1,White-throated Screech Owl,White-throated Screech-Owl
trsowl,Tropical Screech Owl,Tropical Screech-Owl
koesco1,Koepcke's Screech Owl,Koepcke's Screech-Owl
koesco2,Koepcke's Screech Owl (Koepcke's),Koepcke's Screech-Owl (Koepcke's)
apusco1,Koepcke's Screech Owl (Apurimac),Koepcke's Screech-Owl (Apurimac)
rufsco1,Rufescent Screech Owl,Rufescent Screech-Owl
colsco1,Rufescent Screech Owl (Colombian),Rufescent Screech-Owl (Colombian)
rufsco2,Rufescent Screech Owl (Rufescent),Rufescent Screech-Owl (Rufescent)
cinsco1,Cinnamon Screech Owl,Cinnamon Screech-Owl
clfsco1,Cloud-forest Screech Owl,Cloud-forest Screech-Owl
mofsco1,Yungas Screech Owl,Montane Forest Screech-Owl
vesowl,Middle American Screech Owl,Middle American Screech-Owl
versco1,Middle American Screech Owl (Middle American),Middle American Screech-Owl (Middle American)
versco5,Middle American Screech Owl (Vermiculated),Middle American Screech-Owl (Vermiculated)
versco2,Choco Screech Owl,Choco Screech-Owl
punsco1,Puntarenas Screech Owl (undescribed form),Puntarenas Screech-Owl (undescribed form)
foosco1,Foothill Screech Owl,Foothill Screech-Owl
versco4,Foothill Screech Owl (Roraima),Foothill Screech-Owl (Roraima)
versco3,Foothill Screech Owl (Foothill),Foothill Screech-Owl (Foothill)
lotsco1,Long-tufted Screech Owl,Long-tufted Screech-Owl
besowl,Bearded Screech Owl,Bearded Screech-Owl
basowl,Balsas Screech Owl,Balsas Screech-Owl
pasowl4,Pacific Screech Owl,Pacific Screech-Owl
pacsco1,Pacific Screech Owl (lambi),Pacific Screech-Owl (lambi)
pacsco2,Pacific Screech Owl (cooperi),Pacific Screech-Owl (cooperi)
wesowl1,Western Screech Owl,Western Screech-Owl
wessco1,Western Screech Owl (Northern),Western Screech-Owl (Northern)
wessco3,Western Screech Owl (Vinaceous),Western Screech-Owl (Vinaceous)
wessco2,Western Screech Owl (Sutton's),Western Screech-Owl (Sutton's)
easowl1,Eastern Screech Owl,Eastern Screech-Owl
eassco1,Eastern Screech Owl (Northern),Eastern Screech-Owl (Northern)
eassco2,Eastern Screech Owl (McCall's),Eastern Screech-Owl (McCall's)
x00933,Western x Eastern Screech Owl (hybrid),Western x Eastern Screech-Owl (hybrid)
samsco1,Santa Marta Screech Owl,Santa Marta Screech-Owl
persco1,West Peruvian Screech Owl,Peruvian Screech-Owl
persco2,Peruvian Screech Owl (pacificus),Peruvian Screech-Owl (pacificus)
persco3,Peruvian Screech Owl (roboratus),Peruvian Screech-Owl (roboratus)
tabsco1,Tawny-bellied Screech Owl,Tawny-bellied Screech-Owl
tabsco2,Tawny-bellied Screech Owl (Northern),Tawny-bellied Screech-Owl (Northern)
tabsco3,Tawny-bellied Screech Owl (Southern),Tawny-bellied Screech-Owl (Southern)
bkcsco1,Black-capped Screech Owl,Black-capped Screech-Owl
screec1,screech owl sp.,screech-owl sp.
balowl,Bare-legged Owl,Bare-legged Owl
nwfowl1,Northern White-faced Owl,Northern White-faced Owl
swfowl1,Southern White-faced Owl,Southern White-faced Owl
creowl1,Crested Owl,Crested Owl
manowl1,Maned Owl,Maned Owl
speowl1,Spectacled Owl,Spectacled Owl
tabowl1,Tawny-browed Owl,Tawny-browed Owl
babowl1,Band-bellied Owl,Band-bellied Owl
pulsat1,Pulsatrix sp.,Pulsatrix sp.
snoowl1,雪鸮,Snowy Owl
grhowl,Great Horned Owl,Great Horned Owl
grhowl18,Great Horned Owl (Northern),Great Horned Owl (Northern)
grhowl13,Great Horned Owl (North Andean),Great Horned Owl (North Andean)
grhowl19,Great Horned Owl (Tropical),Great Horned Owl (Tropical)
grhowl2,Lesser Horned Owl,Lesser Horned Owl
y01197,Great/Lesser Horned Owl,Great/Lesser Horned Owl
roeowl1,Indian Eagle-Owl,Rock Eagle-Owl
graeao1,Greyish Eagle-Owl,Grayish Eagle-Owl
spoeao2,Spotted Eagle-Owl,Spotted Eagle-Owl
speowl2,Arabian Eagle-Owl,Arabian Eagle-Owl
caeowl1,Cape Eagle-Owl,Cape Eagle-Owl
capeao1,Cape Eagle-Owl (Northern),Cape Eagle-Owl (Northern)
capeao2,Cape Eagle-Owl (Cape),Cape Eagle-Owl (Cape)
pheowl1,Pharaoh Eagle-Owl,Pharaoh Eagle-Owl
phaeao1,Pharaoh Eagle-Owl (Pharaoh),Pharaoh Eagle-Owl (Pharaoh)
phaeao2,Pharaoh Eagle-Owl (Desert),Pharaoh Eagle-Owl (Desert)
eueowl1,雕鸮,Eurasian Eagle-Owl
bubo1,Bubo sp.,Bubo sp.
fraeao1,Fraser's Eagle-Owl,Fraser's Eagle-Owl
freowl1,Fraser's Eagle-Owl (Western),Fraser's Eagle-Owl (Western)
useowl1,Fraser's Eagle-Owl (Usambara),Fraser's Eagle-Owl (Usambara)
akeowl1,Akun Eagle-Owl,Akun Eagle-Owl
veeowl1,Verreaux's Eagle-Owl,Verreaux's Eagle-Owl
sheowl1,Shelley's Eagle-Owl,Shelley's Eagle-Owl
blfowl1,毛腿渔鸮,Blakiston's Fish-Owl
blafio2,毛腿渔鸮 (东北亚大陆),Blakiston's Fish-Owl (doerriesi)
blafio4,毛腿渔鸮 (北海道),Blakiston's Fish-Owl (blakistoni)
bufowl2,Buffy Fish Owl,Buffy Fish-Owl
brfowl1,褐渔鸮,Brown Fish-Owl
brnfio2,褐渔鸮 (西亚),Brown Fish-Owl (Turkish)
brnfio1,褐渔鸮 (南亚至东南亚),Brown Fish-Owl (Eastern)
x00401,Brown x Buffy Fish Owl (hybrid),Buffy x Brown Fish-Owl (hybrid)
tafowl1,黄腿渔鸮,Tawny Fish-Owl
dueowl1,乌雕鸮,Dusky Eagle-Owl
sbeowl1,林雕鸮,Spot-bellied Eagle-Owl
baeowl1,Barred Eagle-Owl,Barred Eagle-Owl
pheowl2,Philippine Eagle-Owl,Philippine Eagle-Owl
pefowl1,Pel's Fishing Owl,Pel's Fishing-Owl
rufowl1,Rufous Fishing Owl,Rufous Fishing-Owl
vefowl1,Vermiculated Fishing Owl,Vermiculated Fishing-Owl
nohowl,猛鸮,Northern Hawk Owl
nohowl1,猛鸮 (北美),Northern Hawk Owl (American)
nohowl2,猛鸮 (欧亚),Northern Hawk Owl (Eurasian)
eupowl1,花头鸺鹠,Eurasian Pygmy-Owl
pesowl1,Pearl-spotted Owlet,Pearl-spotted Owlet
nopowl,Northern/Mountain/Guatemalan/Baja Pygmy Owl,Northern Pygmy-Owl
moupyo1,Mountain Pygmy Owl,Northern Pygmy-Owl (Mountain)
norpyo1,Northern Pygmy Owl (Pacific),Northern Pygmy-Owl (Pacific)
norpyo2,Northern Pygmy Owl (Rocky Mts.),Northern Pygmy-Owl (Rocky Mts.)
norpyo4,Guatemalan Pygmy Owl,Northern Pygmy-Owl (Guatemalan)
norpyo3,Baja Pygmy Owl,Northern Pygmy-Owl (Cape)
crpowl,Costa Rican Pygmy Owl,Costa Rican Pygmy-Owl
clopyo1,Cloud-forest Pygmy Owl,Cloud-forest Pygmy-Owl
anpowl1,Andean Pygmy Owl,Andean Pygmy-Owl
yupowl1,Yungas Pygmy Owl,Yungas Pygmy-Owl
supowl1,Subtropical Pygmy Owl,Subtropical Pygmy-Owl
capowl1,Central American Pygmy Owl,Central American Pygmy-Owl
tapowl1,Tamaulipas Pygmy Owl,Tamaulipas Pygmy-Owl
copowl1,Colima Pygmy Owl,Colima Pygmy-Owl
amapyo1,Amazonian Pygmy Owl,Amazonian Pygmy-Owl
perpyo1,Pernambuco Pygmy Owl,Pernambuco Pygmy-Owl
leapyo1,East Brazilian Pygmy Owl,Least Pygmy-Owl
fepowl,Ferruginous Pygmy Owl,Ferruginous Pygmy-Owl
ferpyo1,Ferruginous Pygmy Owl (Ferruginous),Ferruginous Pygmy-Owl (Ferruginous)
ferpyo2,Ferruginous Pygmy Owl (Tucuman),Ferruginous Pygmy-Owl (Tucuman)
aupowl1,Austral Pygmy Owl,Austral Pygmy-Owl
y01138,Ferruginous/Austral Pygmy Owl,Ferruginous/Austral Pygmy-Owl
pepowl1,Pacific Pygmy Owl,Peruvian Pygmy-Owl
cupowl1,Cuban Pygmy Owl,Cuban Pygmy-Owl
recowl1,Red-chested Owlet,Red-chested Owlet
recowl2,Red-chested Owlet (Western),Red-chested Owlet (Western)
recowl3,Red-chested Owlet (Pycraft's),Red-chested Owlet (Pycraft's)
recowl4,Red-chested Owlet (Eastern),Red-chested Owlet (Eastern)
sjoowl1,Sjöstedt's Barred Owlet,Sjöstedt's Owlet
asbowl1,斑头鸺鹠,Asian Barred Owlet
javowl1,Javan Owlet,Javan Owlet
junowl1,Jungle Owlet,Jungle Owlet
y00859,Asian Barred/Jungle Owlet,Asian Barred/Jungle Owlet
chbowl1,Chestnut-backed Owlet,Chestnut-backed Owlet
afbowl1,African Barred Owlet,African Barred Owlet
afbowl2,African Barred Owlet (Spot-fronted),African Barred Owlet (Spot-fronted)
afrbao1,African Barred Owlet (Bar-fronted),African Barred Owlet (Bar-fronted)
cheowl2,African Barred Owlet (Etchecopar's),African Barred Owlet (Etchecopar's)
cheowl3,African Barred Owlet (Chestnut),African Barred Owlet (Chestnut)
albowl1,Albertine Owlet,Albertine Owlet
glauci1,Glaucidium sp.,Glaucidium sp.
colowl1,领鸺鹠,Collared Owlet
colowl3,Sunda Owlet,Sunda Owlet
elfowl,Elf Owl,Elf Owl
lowowl1,Long-whiskered Owlet,Long-whiskered Owlet
spoowl1,横斑腹小鸮,Spotted Owlet
litowl1,纵纹腹小鸮,Little Owl
litowl3,纵纹腹小鸮 (欧亚),Little Owl (Little)
litowl5,纵纹腹小鸮 (spilogastra/somaliensis),Little Owl (Abyssinian)
litowl2,纵纹腹小鸮 (lilith),Little Owl (Lilith)
litowl4,纵纹腹小鸮 (bactriana),Little Owl (Hutton's)
forowl1,Forest Owlet,Forest Owlet
solboo1,West Solomons Owl,West Solomons Owl
solboo2,Guadalcanal Owl,Guadalcanal Owl
solboo3,Malaita Owl,Malaita Owl
solboo4,Makira Owl,Makira Owl
whbowl1,White-browed Owl,White-browed Owl
burowl,Burrowing Owl,Burrowing Owl
burowl2,Burrowing Owl (Western),Burrowing Owl (Western)
burowl3,Burrowing Owl (Florida),Burrowing Owl (Florida)
burowl5,Burrowing Owl (guadeloupensis Group),Burrowing Owl (guadeloupensis Group)
burowl1,Burrowing Owl (Andean),Burrowing Owl (Andean)
burowl6,Burrowing Owl (Littoral),Burrowing Owl (Littoral)
burowl4,Burrowing Owl (grallaria),Burrowing Owl (grallaria)
burowl7,Burrowing Owl (Southern),Burrowing Owl (Southern)
motowl,Mottled Owl,Mottled Owl
motowl1,Mottled Owl (Mottled),Mottled Owl (Mottled)
motowl3,Mottled Owl (Amazonian),Mottled Owl (Amazonian)
motowl2,Mottled Owl (Atlantic Forest),Mottled Owl (Atlantic Forest)
bawowl1,Black-and-white Owl,Black-and-white Owl
bkbowl1,Black-banded Owl,Black-banded Owl
saiowl1,Black-banded Owl (San Isidro),Black-banded Owl (San Isidro)
rubowl3,Rufous-banded Owl,Rufous-banded Owl
ciccab1,neotropical Strix sp.,neotropical Strix sp.
spwowl1,Spotted Wood Owl,Spotted Wood-Owl
mowowl1,Mottled Wood Owl,Mottled Wood-Owl
brwowl1,褐林鸮,Brown Wood-Owl
brnwoo2,褐林鸮 (广布),Brown Wood-Owl (Brown)
brnwoo12,褐林鸮 (niasensis),Brown Wood-Owl (Nias)
brnwoo1,褐林鸮 [leptogrammica Group],Brown Wood-Owl (Sunda)
tawowl1,西灰林鸮,Tawny Owl
tawowl11,西灰林鸮 [aluco Group],Tawny Owl (Tawny)
tawowl3,西灰林鸮 (mauritanica),Tawny Owl (Maghreb)
himowl1,灰林鸮,Himalayan Owl
humowl1,Desert Owl,Desert Owl
omaowl1,Omani Owl,Omani Owl
spoowl,Spotted Owl,Spotted Owl
spoowl2,Spotted Owl (Northern),Spotted Owl (Northern)
spoowl3,Spotted Owl (California),Spotted Owl (California)
spoowl4,Spotted Owl (Mexican),Spotted Owl (Mexican)
brdowl,Barred Owl,Barred Owl
x00439,Spotted x Barred Owl (hybrid),Spotted x Barred Owl (hybrid)
y01139,Spotted/Barred Owl,Spotted/Barred Owl
barowl13,Cinereous Owl,Cinereous Owl
fulowl1,Fulvous Owl,Fulvous Owl
rubowl2,Rusty-barred Owl,Rusty-barred Owl
rulowl1,Rufous-legged Owl,Rufous-legged Owl
chaowl1,Chaco Owl,Chaco Owl
uraowl1,长尾林鸮,Ural Owl
uraowl10,长尾林鸮 (北方),Ural Owl (Ural)
pedowl1,长尾林鸮 (四川林鸮),Ural Owl (Pere David's)
grgowl,乌林鸮,Great Gray Owl
grgowl1,乌林鸮 (北美),Great Gray Owl (American)
grgowl2,乌林鸮 (欧亚),Great Gray Owl (Lapland)
afwowl1,African Wood Owl,African Wood-Owl
strix1,Strix sp.,Strix sp.
jamowl1,Jamaican Owl,Jamaican Owl
loeowl,长耳鸮,Long-eared Owl
loeowl1,长耳鸮 (北美),Long-eared Owl (American)
loeowl2,长耳鸮 (欧亚),Long-eared Owl (Eurasian)
aleowl1,Abyssinian Owl,Abyssinian Owl
mleowl1,Madagascar Owl,Madagascar Owl
strowl1,Striped Owl,Striped Owl
styowl1,Stygian Owl,Stygian Owl
sheowl,短耳鸮,Short-eared Owl
sheowl2,短耳鸮 (北方),Short-eared Owl (Northern)
sheowl7,短耳鸮 (ponapensis),Short-eared Owl (Pohnpei)
sheowl4,短耳鸮 (sandwichensis),Short-eared Owl (Hawaiian)
sheowl3,短耳鸮 (domingensis/portoricensis),Short-eared Owl (Antillean)
sheowl5,短耳鸮 (galapagoensis),Short-eared Owl (Galapagos)
sheowl6,短耳鸮 [suinda Group],Short-eared Owl (South American)
y00673,长耳鸮/短耳鸮,Long-eared/Short-eared Owl
marowl2,Marsh Owl,Marsh Owl
feaowl1,Fearful Owl,Fearful Owl
asio1,Asio sp.,Asio sp.
borowl,鬼鸮,Boreal Owl
borowl1,鬼鸮 (欧亚),Boreal Owl (Tengmalm's)
borowl2,鬼鸮 (北美),Boreal Owl (Richardson's)
nswowl,Northern Saw-whet Owl,Northern Saw-whet Owl
nswowl1,Northern Saw-whet Owl (acadicus),Northern Saw-whet Owl (acadicus)
nswowl2,Northern Saw-whet Owl (Haida Gwaii),Northern Saw-whet Owl (Haida Gwaii)
y01198,Boreal/Northern Saw-whet Owl,Boreal/Northern Saw-whet Owl
bswowl1,Bermuda Saw-whet Owl,Bermuda Saw-whet Owl
uswowl1,Unspotted Saw-whet Owl,Unspotted Saw-whet Owl
y00395,pygmy owl/saw-whet owl sp.,pygmy-owl/saw-whet owl sp.
bufowl1,Buff-fronted Owl,Buff-fronted Owl
rufowl2,Rufous Owl,Rufous Owl
powowl1,Powerful Owl,Powerful Owl
barowl1,Barking Owl,Barking Owl
sumboo1,Sumba Boobook,Sumba Boobook
andhao1,Andaman Boobook,Andaman Boobook
souboo8,Australian Boobook,Australian Boobook
souboo1,Australian Boobook (Boobook),Australian Boobook (Boobook)
souboo7,Australian Boobook (Red),Australian Boobook (Red)
souboo4,Rote Boobook,Rote Boobook
souboo5,Timor Boobook,Timor Boobook
souboo6,Alor Boobook,Alor Boobook
souboo3,Tasmanian Boobook,Tasmanian Boobook
souboo2,Australian/Tasmanian Boobook,Australian/Tasmanian Boobook
morepo2,Morepork,Morepork
lauowl1,Laughing Owl,Laughing Owl
lishao1,Least Boobook,Least Boobook
brnhao1,鹰鸮,Brown Boobook
brnhao3,Hume's Boobook,Hume's Boobook
norboo1,北鹰鸮,Northern Boobook
y00785,鹰鸮/北鹰鸮,Brown/Northern Boobook
choboo1,Chocolate Boobook,Chocolate Boobook
phihao1,Luzon Boobook,Luzon Boobook
minboo1,Mindanao Boobook,Mindanao Boobook
minboo2,Mindoro Boobook,Mindoro Boobook
romboo1,Romblon Boobook,Romblon Boobook
cebboo1,Cebu Boobook,Cebu Boobook
camboo1,Camiguin Boobook,Camiguin Boobook
sulboo1,Sulu Boobook,Sulu Boobook
ocbhao1,Ochre-bellied Boobook,Ochre-bellied Boobook
toghao1,Togian Boobook,Togian Boobook
cinhao1,Cinnabar Boobook,Cinnabar Boobook
whshao1,White-spotted Boobook (undescribed form),White-spotted Boobook (undescribed form)
molhao3,Halmahera Boobook,Halmahera Boobook
molhao2,Tanimbar Boobook,Tanimbar Boobook
hanboo2,Seram Boobook,Seram Boobook
hanboo1,Buru Boobook,Buru Boobook
chihao1,Christmas Boobook,Christmas Island Boobook
junhao1,Papuan Boobook,Papuan Boobook
manhao1,Manus Boobook,Manus Boobook
spehao1,Speckled Boobook,Speckled Boobook
bishao1,New Ireland Boobook,Bismarck Boobook
nebhao1,New Britain Boobook,New Britain Boobook
booboo1,boobook sp.,boobook sp.
paphao1,Papuan Hawk-Owl,Papuan Owl
owl1,未识别的鸮类,owl sp.
spemou2,Speckled Mousebird,Speckled Mousebird
whhmou1,White-headed Mousebird,White-headed Mousebird
rebmou1,Red-backed Mousebird,Red-backed Mousebird
whbmou1,White-backed Mousebird,White-backed Mousebird
blnmou1,Blue-naped Mousebird,Blue-naped Mousebird
refmou1,Red-faced Mousebird,Red-faced Mousebird
mouseb1,mousebird sp.,mousebird sp.
cuckoo1,Cuckoo-roller,Cuckoo-roller
cuckoo5,Cuckoo-roller (Grande Comore),Cuckoo-roller (Grande Comore)
cuckoo6,Cuckoo-roller (Anjouan),Cuckoo-roller (Anjouan)
cuckoo7,Cuckoo-roller (Malagasy),Cuckoo-roller (Malagasy)
nartro1,Narina Trogon,Narina Trogon
bactro1,Bare-cheeked Trogon,Bare-cheeked Trogon
battro1,Bar-tailed Trogon,Bar-tailed Trogon
afrtro1,african trogon sp.,african trogon sp.
javtro1,Javan Trogon,Javan Trogon
sumtro1,Sumatran Trogon,Sumatran Trogon
orbtro2,橙胸咬鹃,Orange-breasted Trogon
orbtro5,橙胸咬鹃 (橄榄胸),Orange-breasted Trogon (Spice)
orbtro4,橙胸咬鹃 (橙胸),Orange-breasted Trogon (Orange-breasted)
maltro1,Malabar Trogon,Malabar Trogon
rentro1,Red-naped Trogon,Red-naped Trogon
diatro1,Diard's Trogon,Diard's Trogon
phitro1,Philippine Trogon,Philippine Trogon
whitro1,Whitehead's Trogon,Whitehead's Trogon
cirtro1,Cinnamon-rumped Trogon,Cinnamon-rumped Trogon
scrtro1,Scarlet-rumped Trogon,Scarlet-rumped Trogon
rehtro1,红头咬鹃,Red-headed Trogon
wartro1,红腹咬鹃,Ward's Trogon
asitro1,未识别的Apalharpactes/Harpactes属咬鹃,asian trogon sp.
earque,Eared Quetzal,Eared Quetzal
pavque1,Pavonine Quetzal,Pavonine Quetzal
gohque1,Golden-headed Quetzal,Golden-headed Quetzal
resque1,Resplendent Quetzal,Resplendent Quetzal
resque2,Resplendent Quetzal (Guatemalan),Resplendent Quetzal (Guatemalan)
resque3,Resplendent Quetzal (Costa Rican),Resplendent Quetzal (Costa Rican)
whtque1,White-tipped Quetzal,White-tipped Quetzal
creque1,Crested Quetzal,Crested Quetzal
x01126,Golden-headed x Crested Quetzal (hybrid),Golden-headed x Crested Quetzal (hybrid)
y00787,Golden-headed/Crested Quetzal,Golden-headed/Crested Quetzal
cubtro1,Cuban Trogon,Cuban Trogon
histro1,Hispaniolan Trogon,Hispaniolan Trogon
lattro1,Lattice-tailed Trogon,Lattice-tailed Trogon
slttro1,Slaty-tailed Trogon,Slaty-tailed Trogon
slttro2,Slaty-tailed Trogon (Massena),Slaty-tailed Trogon (Massena)
slttro3,Slaty-tailed Trogon (Chapman's),Slaty-tailed Trogon (Chapman's)
buttro1,Choco Trogon,Blue-tailed Trogon
bkttro2,Ecuadorian Trogon,Ecuadorian Trogon
blttro1,Black-tailed Trogon,Black-tailed Trogon
bkttro3,Black-tailed Trogon (Large-tailed),Black-tailed Trogon (Large-tailed)
bkttro1,Black-tailed Trogon (Black-tailed),Black-tailed Trogon (Black-tailed)
blhtro1,Black-headed Trogon,Black-headed Trogon
cittro1,Citreoline Trogon,Citreoline Trogon
whttro1,White-tailed Trogon,White-tailed Trogon
gnbtro1,Green-backed Trogon,Green-backed Trogon
baitro1,Baird's Trogon,Baird's Trogon
gartro1,Gartered Trogon,Gartered Violaceous Trogon
viotro2,Guianan Trogon,Guianan Violaceous Trogon
viotro3,Amazonian Trogon,Amazonian Violaceous Trogon
viotro1,Guianan/Amazonian Trogon,Guianan/Amazonian Violaceous Trogon
blctro1,Blue-crowned Trogon,Blue-crowned Trogon
surtro1,Surucua Trogon,Surucua Trogon
surtro2,Surucua Trogon (Orange-bellied),Surucua Trogon (Orange-bellied)
surtro3,Surucua Trogon (Red-bellied),Surucua Trogon (Red-bellied)
x01156,Blue-crowned x Surucua Trogon (hybrid),Blue-crowned x Surucua Trogon (hybrid)
bkttro7,Northern Black-throated Trogon,Graceful Black-throated Trogon
bkttro5,Choco Black-throated Trogon,Choco Black-throated Trogon
bkttro6,Amazonian Black-throated Trogon,Amazonian Black-throated Trogon
bkttro4,Atlantic Black-throated Trogon,Atlantic Black-throated Trogon
bkttro14,Atlantic Black-throated Trogon (Alagoas),Atlantic Black-throated Trogon (Alagoas)
bkttro15,Atlantic Black-throated Trogon (Southern),Atlantic Black-throated Trogon (Southern)
eletro1,Elegant Trogon (Coppery-tailed),Coppery-tailed Trogon
eletro2,Elegant Trogon (Elegant),Elegant Trogon
moutro1,Mountain Trogon,Mountain Trogon
coltro1,Collared Trogon,Collared Trogon
coltro2,Collared Trogon (Xalapa),Collared Trogon (Xalapa)
orbtro1,Collared Trogon (Orange-bellied),Collared Trogon (Orange-bellied)
coltro3,Collared Trogon (Collared),Collared Trogon (Collared)
mastro1,Masked Trogon,Masked Trogon
newtro1,New World trogon sp.,new world trogon sp.
hoopoe,戴胜,Common Hoopoe
eurhoo1,戴胜 (欧亚),Common Hoopoe (Eurasian)
eurhoo3,戴胜 (senegalensis/waibeli),Common Hoopoe (Central African)
eurhoo2,戴胜 (africana),Common Hoopoe (African)
madhoo1,Madagascar Hoopoe,Madagascar Hoopoe
sthhoo1,St. Helena Hoopoe,St. Helena Hoopoe
grewoo2,Green Wood Hoopoe,Green Woodhoopoe
viowoo1,Violet/Grant's Wood Hoopoe,Violet Woodhoopoe
viowoo2,Violet Wood Hoopoe,Violet Woodhoopoe (Violet)
viowoo3,Grant's Wood Hoopoe,Violet Woodhoopoe (Grant's)
y00659,Green/Violet/Grant's Wood Hoopoe,Green/Violet Woodhoopoe
blbwoo2,Black-billed Wood Hoopoe,Black-billed Woodhoopoe
whhwoo1,White-headed Wood Hoopoe,White-headed Woodhoopoe
whhwoo2,White-headed Wood Hoopoe (bollei/jacksoni),White-headed Woodhoopoe (bollei/jacksoni)
whhwoo3,White-headed Wood Hoopoe (Oku),White-headed Woodhoopoe (Oku)
woodho1,wood hoopoe sp.,woodhoopoe sp.
forwoo1,Forest Wood Hoopoe,Forest Scimitarbill
forwoo2,Forest Wood Hoopoe (Western),Forest Scimitarbill (Western)
forwoo3,Forest Wood Hoopoe (Eastern),Forest Scimitarbill (Eastern)
blsbil1,Black Scimitarbill,Black Scimitarbill
cosbil1,Common Scimitarbill,Common Scimitarbill
absbil1,Abyssinian Scimitarbill,Abyssinian Scimitarbill
y00961,wood hoopoe/scimitarbill sp.,woodhoopoe/scimitarbill sp.
noghor1,Abyssinian Ground Hornbill,Abyssinian Ground-Hornbill
soghor1,Southern Ground Hornbill,Southern Ground-Hornbill
rbdhor1,Red-billed Dwarf Hornbill,Red-billed Dwarf Hornbill
crohor1,Crowned Hornbill,Crowned Hornbill
brahor1,Bradfield's Hornbill,Bradfield's Hornbill
afphor2,West African Pied Hornbill,West African Pied Hornbill
afphor3,Congo Pied Hornbill,Congo Pied Hornbill
afphor1,West African/Congo Pied Hornbill,West African/Congo Pied Hornbill
hemhor1,Hemprich's Hornbill,Hemprich's Hornbill
afghor1,African Grey Hornbill,African Gray Hornbill
pabhor1,Pale-billed Hornbill,Pale-billed Hornbill
lophoc1,Lophoceros sp.,Lophoceros sp.
eybhor1,Eastern Yellow-billed Hornbill,Eastern Yellow-billed Hornbill
sybhor1,Southern Yellow-billed Hornbill,Southern Yellow-billed Hornbill
jachor1,Jackson's Hornbill,Jackson's Hornbill
vddhor1,Von der Decken's Hornbill,Von der Decken's Hornbill
monhor1,Monteiro's Hornbill,Monteiro's Hornbill
srbhor1,Southern Red-billed Hornbill,Southern Red-billed Hornbill
drbhor1,Damara Red-billed Hornbill,Damara Red-billed Hornbill
x00667,Southern x Damara Red-billed Hornbill (hybrid),Southern x Damara Red-billed Hornbill (hybrid)
y01291,Southern/Damara Red-billed Hornbill,Southern/Damara Red-billed Hornbill
trbhor1,Tanzanian Red-billed Hornbill,Tanzanian Red-billed Hornbill
wrbhor2,Western Red-billed Hornbill,Western Red-billed Hornbill
rebhor1,Northern Red-billed Hornbill,Northern Red-billed Hornbill
tockus1,Tockus sp.,Tockus sp.
whchor2,White-crowned Hornbill,White-crowned Hornbill
whchor1,Western Long-tailed Hornbill,Western Long-tailed Hornbill
whchor4,Eastern Long-tailed Hornbill,Eastern Long-tailed Hornbill
whchor3,Western/Eastern Long-tailed Hornbill,Western/Eastern Long-tailed Hornbill
bkdhor1,Western Dwarf Hornbill,Western Dwarf Hornbill
bkdhor2,Eastern Dwarf Hornbill,Eastern Dwarf Hornbill
bldhor1,Western/Eastern Dwarf Hornbill,Western/Eastern Dwarf Hornbill
yechor1,Yellow-casqued Hornbill,Yellow-casqued Hornbill
blchor1,Black-casqued Hornbill,Black-casqued Hornbill
y00865,Yellow-casqued/Black-casqued Hornbill,Yellow-casqued/Black-casqued Hornbill
sichor1,Silvery-cheeked Hornbill,Silvery-cheeked Hornbill
bawhor2,Black-and-white-casqued Hornbill,Black-and-white-casqued Hornbill
bnchor1,Brown-cheeked Hornbill,Brown-cheeked Hornbill
whthor1,White-thighed Hornbill,White-thighed Hornbill
truhor1,Trumpeter Hornbill,Trumpeter Hornbill
piphor1,Piping Hornbill,Piping Hornbill
piphor2,Piping Hornbill (Western),Piping Hornbill (Western)
piphor3,Piping Hornbill (Eastern),Piping Hornbill (Eastern)
helhor1,Helmeted Hornbill,Helmeted Hornbill
rufhor1,Rufous Hornbill,Rufous Hornbill
rufhor3,Rufous Hornbill (Northern),Rufous Hornbill (Northern)
rufhor6,Rufous Hornbill (Visayan),Rufous Hornbill (Visayan)
rufhor4,Rufous Hornbill (Southern),Rufous Hornbill (Southern)
rhihor1,Rhinoceros Hornbill,Rhinoceros Hornbill
grehor1,双角犀鸟,Great Hornbill
y00396,Rhinoceros/Great Hornbill,Rhinoceros/Great Hornbill
buchor1,Bushy-crested Hornbill,Bushy-crested Hornbill
brnhor1,白喉犀鸟,Brown Hornbill
ruchor1,Tickell's Brown Hornbill,Rusty-cheeked Hornbill
inghor2,Indian Grey Hornbill,Indian Gray Hornbill
maghor2,Malabar Grey Hornbill,Malabar Gray Hornbill
y00397,Indian/Malabar Grey Hornbill,Indian/Malabar Gray Hornbill
ceghor1,Sri Lanka Grey Hornbill,Sri Lanka Gray Hornbill
blahor1,Black Hornbill,Black Hornbill
sulhor2,Sulu Hornbill,Sulu Hornbill
maphor1,Malabar Pied Hornbill,Malabar Pied-Hornbill
orphor1,冠斑犀鸟,Oriental Pied-Hornbill
y01097,Malabar/Oriental Pied Hornbill,Malabar/Oriental Pied-Hornbill
palhor1,Palawan Hornbill,Palawan Hornbill
runhor1,棕颈犀鸟,Rufous-necked Hornbill
knohor1,Knobbed Hornbill,Knobbed Hornbill
sumhor1,Sumba Hornbill,Sumba Hornbill
wrehor1,花冠皱盔犀鸟,Wreathed Hornbill
plphor1,Plain-pouched Hornbill,Plain-pouched Hornbill
y01032,Wreathed/Plain-pouched Hornbill,Wreathed/Plain-pouched Hornbill
narhor1,Narcondam Hornbill,Narcondam Hornbill
blyhor1,Blyth's Hornbill,Blyth's Hornbill
sulhor1,Sulawesi Hornbill,Sulawesi Hornbill
sulhor3,Sulawesi Hornbill (Dwarf),Sulawesi Hornbill (Dwarf)
sulhor4,Sulawesi Hornbill (Sanford's),Sulawesi Hornbill (Sanford's)
wrihor1,Wrinkled Hornbill,Wrinkled Hornbill
wrbhor1,Walden's Hornbill,Writhe-billed Hornbill
wrihor2,Writhed Hornbill,Writhed Hornbill
tarhor1,Visayan Hornbill,Visayan Hornbill
luzhor1,Luzon Hornbill,Luzon Hornbill
minhor2,Mindoro Hornbill,Mindoro Hornbill
samhor1,Samar Hornbill,Samar Hornbill
minhor1,Mindanao Hornbill,Mindanao Hornbill
hornbi1,未识别的犀鸟,hornbill sp.
rbbeat1,赤须夜蜂虎,Red-bearded Bee-eater
bbbeat1,蓝须夜蜂虎,Blue-bearded Bee-eater
pbbeat1,Purple-bearded Bee-eater,Purple-bearded Bee-eater
blbeat1,Black Bee-eater,Black Bee-eater
bumbee1,Blue-moustached Bee-eater,Blue-moustached Bee-eater
bhbeat2,Blue-headed Bee-eater,Blue-headed Bee-eater
rtbeat1,Red-throated Bee-eater,Red-throated Bee-eater
wfbeat1,White-fronted Bee-eater,White-fronted Bee-eater
libeat1,Little Bee-eater,Little Bee-eater
bbbeat2,Blue-breasted Bee-eater,Blue-breasted Bee-eater
bubbee2,Ethiopian Bee-eater,Ethiopian Bee-eater
ccbeat1,Cinnamon-chested Bee-eater,Cinnamon-chested Bee-eater
stbeat1,Swallow-tailed Bee-eater,Swallow-tailed Bee-eater
bhbeat1,Black-headed Bee-eater,Black-headed Bee-eater
sobeat1,Somali Bee-eater,Somali Bee-eater
wtbeat1,White-throated Bee-eater,White-throated Bee-eater
grnbee1,African Green Bee-eater,African Green Bee-eater
grnbee2,Arabian Green Bee-eater,Arabian Green Bee-eater
y01244,African/Arabian Green Bee-eater,African/Arabian Green Bee-eater
grnbee3,绿喉蜂虎,Asian Green Bee-eater
y01188,Arabian/Asian Green Bee-eater,Arabian/Asian Green Bee-eater
bobeat1,Böhm's Bee-eater,Böhm's Bee-eater
btbeat2,蓝喉蜂虎,Blue-throated Bee-eater
rucbee1,Rufous-crowned Bee-eater,Rufous-crowned Bee-eater
bcbeat1,蓝颊蜂虎,Blue-cheeked Bee-eater
mabeat1,Olive Bee-eater,Olive Bee-eater
btbeat1,栗喉蜂虎,Blue-tailed Bee-eater
y00734,蓝颊蜂虎/栗喉蜂虎,Blue-cheeked/Blue-tailed Bee-eater
rabeat1,彩虹蜂虎,Rainbow Bee-eater
eubeat1,黄喉蜂虎,European Bee-eater
chbeat1,栗头蜂虎,Chestnut-headed Bee-eater
robeat1,Rosy Bee-eater,Rosy Bee-eater
ncbeat1,Northern Carmine Bee-eater,Northern Carmine Bee-eater
scbeat1,Southern Carmine Bee-eater,Southern Carmine Bee-eater
beeeat1,未识别的蜂虎,bee-eater sp.
cubtod1,Cuban Tody,Cuban Tody
brbtod1,Broad-billed Tody,Broad-billed Tody
nabtod1,Narrow-billed Tody,Narrow-billed Tody
y00866,Broad-billed/Narrow-billed Tody,Broad-billed/Narrow-billed Tody
jamtod1,Jamaican Tody,Jamaican Tody
purtod1,Puerto Rican Tody,Puerto Rican Tody
todmot1,Tody Motmot,Tody Motmot
bltmot1,Blue-throated Motmot,Blue-throated Motmot
rucmot1,Russet-crowned Motmot,Russet-crowned Motmot
bucmot1,Blue-capped Motmot,Blue-capped Motmot
bucmot2,Lesson's Motmot,Lesson's Motmot
x00887,Blue-capped x Lesson's Motmot (hybrid),Blue-capped x Lesson's Motmot (hybrid)
y01033,Blue-capped/Lesson's Motmot,Blue-capped/Lesson's Motmot
bucmot3,Whooping Motmot,Whooping Motmot
whomot1,Whooping Motmot (Whooping),Whooping Motmot (Whooping)
whomot2,Whooping Motmot (argenticinctus),Whooping Motmot (argenticinctus)
trimot1,Trinidad Motmot,Trinidad Motmot
bucmot4,Amazonian Motmot,Amazonian Motmot
higmot1,Andean Motmot,Andean Motmot
rufmot1,Rufous Motmot,Rufous Motmot
x01211,Lesson's x Rufous Motmot (hybrid),Lesson's x Rufous Motmot (hybrid)
x00402,Amazonian x Rufous Motmot (hybrid),Amazonian x Rufous Motmot (hybrid)
rucmot2,Rufous-capped Motmot,Rufous-capped Motmot
x00769,Amazonian x Rufous-capped Motmot (hybrid),Amazonian x Rufous-capped Motmot (hybrid)
kebmot1,Keel-billed Motmot,Keel-billed Motmot
brbmot1,Broad-billed Motmot,Broad-billed Motmot
brbmot2,Broad-billed Motmot (Broad-billed),Broad-billed Motmot (Broad-billed)
brbmot3,Broad-billed Motmot (Plain-tailed),Broad-billed Motmot (Plain-tailed)
y00733,Keel-billed/Broad-billed Motmot,Keel-billed/Broad-billed Motmot
tubmot1,Turquoise-browed Motmot,Turquoise-browed Motmot
motmot1,motmot sp.,motmot sp.
blykin1,斑头大翠鸟,Blyth's Kingfisher
comkin1,普通翠鸟,Common Kingfisher
comkin2,普通翠鸟 (广布),Common Kingfisher (Common)
comkin3,普通翠鸟 [hispidoides Group],Common Kingfisher (Cobalt-eared)
hackin1,Half-collared Kingfisher,Half-collared Kingfisher
shbkin1,Shining-blue Kingfisher,Shining-blue Kingfisher
blekin1,蓝耳翠鸟,Blue-eared Kingfisher
y00398,普通翠鸟/蓝耳翠鸟,Common/Blue-eared Kingfisher
bubkin1,Malaysian Blue-banded Kingfisher,Malaysian Blue-banded Kingfisher
bubkin2,Javan Blue-banded Kingfisher,Javan Blue-banded Kingfisher
smbkin1,Cerulean Kingfisher,Small Blue Kingfisher
azukin1,Azure Kingfisher,Azure Kingfisher
biskin1,Bismarck Kingfisher,Bismarck Kingfisher
inbkin2,Indigo-banded Kingfisher,Indigo-banded Kingfisher
inbkin1,Indigo-banded Kingfisher (Northern),Indigo-banded Kingfisher (Northern)
inbkin3,Indigo-banded Kingfisher (Southern),Indigo-banded Kingfisher (Southern)
norsik1,Northern Silvery Kingfisher,Northern Silvery-Kingfisher
silkin1,Southern Silvery Kingfisher,Southern Silvery-Kingfisher
litkin1,Little Kingfisher,Little Kingfisher
bkbkin1,三趾翠鸟,Black-backed Dwarf-Kingfisher
rubkin1,Rufous-backed Dwarf Kingfisher,Rufous-backed Dwarf-Kingfisher
y00867,Black-backed/Rufous-backed Dwarf Kingfisher,Black-backed/Rufous-backed Dwarf-Kingfisher
phikin1,Philippine Dwarf Kingfisher,Philippine Dwarf-Kingfisher
phidwk1,Philippine Dwarf Kingfisher (Luzon),Philippine Dwarf-Kingfisher (Luzon)
phidwk2,Philippine Dwarf Kingfisher (Samar),Philippine Dwarf-Kingfisher (Samar)
phidwk3,Philippine Dwarf Kingfisher (Mindanao),Philippine Dwarf-Kingfisher (Mindanao)
suldwk1,Sangihe Dwarf Kingfisher,Sangihe Dwarf-Kingfisher
sulkin1,Sulawesi Dwarf Kingfisher,Sulawesi Dwarf-Kingfisher
vardwk1,Dimorphic Dwarf Kingfisher,Dimorphic Dwarf-Kingfisher
vardwk2,Sula Dwarf Kingfisher,Sula Dwarf-Kingfisher
varkin1,Moluccan Dwarf Kingfisher,Moluccan Dwarf-Kingfisher
vardwk3,Moluccan Dwarf-Kingfisher (North Moluccan),Moluccan Dwarf-Kingfisher (North Moluccan)
vardwk4,Moluccan Dwarf-Kingfisher (Seram),Moluccan Dwarf-Kingfisher (Seram)
vardwk5,Buru Dwarf Kingfisher,Buru Dwarf-Kingfisher
vardwk6,Papuan Dwarf Kingfisher,Papuan Dwarf-Kingfisher
vardwk7,Manus Dwarf Kingfisher,Manus Dwarf-Kingfisher
vardwk8,New Ireland Dwarf Kingfisher,New Ireland Dwarf-Kingfisher
vardwk9,New Britain Dwarf Kingfisher,New Britain Dwarf-Kingfisher
vardwk11,New Georgia Dwarf Kingfisher,New Georgia Dwarf-Kingfisher
nosdwk1,North Solomons Dwarf Kingfisher,North Solomons Dwarf-Kingfisher
vardwk10,North Solomons Dwarf Kingfisher (Bougainville),North Solomons Dwarf-Kingfisher (Bougainville)
vardwk12,North Solomons Dwarf Kingfisher (North Solomons),North Solomons Dwarf-Kingfisher (North Solomons)
guadwk1,Guadalcanal Dwarf Kingfisher,Guadalcanal Dwarf-Kingfisher
vardwk13,Guadalcanal Dwarf Kingfisher (Malaita),Guadalcanal Dwarf-Kingfisher (Malaita)
vardwk14,Guadalcanal Dwarf Kingfisher (Guadalcanal),Guadalcanal Dwarf-Kingfisher (Guadalcanal)
vardwk15,Makira Dwarf Kingfisher,Makira Dwarf-Kingfisher
malkin1,Malachite Kingfisher,Malachite Kingfisher
malkin3,Malachite Kingfisher (Mainland),Malachite Kingfisher (Mainland)
malkin5,Malachite Kingfisher (Sao Tome),Malachite Kingfisher (Sao Tome)
malkin4,Malachite Kingfisher (Principe),Malachite Kingfisher (Principe)
malkin2,Malagasy Kingfisher,Malagasy Kingfisher
whbkin1,White-bellied Kingfisher,White-bellied Kingfisher
mapkin1,Madagascar Pygmy Kingfisher,Madagascar Pygmy Kingfisher
afpkin1,African Pygmy Kingfisher,African Pygmy Kingfisher
afpkin2,African Pygmy Kingfisher (Northern),African Pygmy Kingfisher (Northern)
afrpyk3,African Pygmy Kingfisher (Southern),African Pygmy Kingfisher (Southern)
dwakin1,African Dwarf Kingfisher,African Dwarf Kingfisher
bankin1,Banded Kingfisher,Banded Kingfisher
bankin2,Banded Kingfisher (Banded),Banded Kingfisher (Banded)
bankin3,Banded Kingfisher (Black-faced),Banded Kingfisher (Black-faced)
laukoo1,Laughing Kookaburra,Laughing Kookaburra
blwkoo1,Blue-winged Kookaburra,Blue-winged Kookaburra
spakoo1,Spangled Kookaburra,Spangled Kookaburra
rubkoo1,Rufous-bellied Kookaburra,Rufous-bellied Kookaburra
shbkoo1,Shovel-billed Kookaburra,Shovel-billed Kookaburra
lickin1,Sangihe Lilac Kingfisher,Sangihe Lilac Kingfisher
lickin2,Sulawesi Lilac Kingfisher,Sulawesi Lilac Kingfisher
bnwkin1,Brown-winged Kingfisher,Brown-winged Kingfisher
stbkin1,鹳嘴翡翠,Stork-billed Kingfisher
blbkin1,Great-billed Kingfisher,Great-billed Kingfisher
rudkin1,赤翡翠,Ruddy Kingfisher
chbkin2,Chocolate-backed Kingfisher,Chocolate-backed Kingfisher
whtkin2,白胸翡翠,White-throated Kingfisher
bnbkin1,Brown-breasted Kingfisher,Brown-breasted Kingfisher
gyhkin1,Grey-headed Kingfisher,Gray-headed Kingfisher
blckin1,蓝翡翠,Black-capped Kingfisher
javkin1,Javan Kingfisher,Javan Kingfisher
wookin1,Woodland Kingfisher,Woodland Kingfisher
mankin2,Mangrove Kingfisher,Mangrove Kingfisher
blbkin4,Blue-breasted Kingfisher,Blue-breasted Kingfisher
brhkin1,Brown-hooded Kingfisher,Brown-hooded Kingfisher
strkin1,Striped Kingfisher,Striped Kingfisher
blbkin3,Blue-black Kingfisher,Blue-black Kingfisher
bubkin7,Blue-black Kingfisher (Western),Blue-black Kingfisher (Western)
bubkin8,Blue-black Kingfisher (Northern),Blue-black Kingfisher (Northern)
bubkin9,Blue-black Kingfisher (Southern),Blue-black Kingfisher (Southern)
rulkin1,Rufous-lored Kingfisher,Rufous-lored Kingfisher
bawkin1,Blue-and-white Kingfisher,Blue-and-white Kingfisher
lazkin1,Lazuli Kingfisher,Lazuli Kingfisher
rebkin2,Red-backed Kingfisher,Red-backed Kingfisher
forkin1,Forest Kingfisher,Forest Kingfisher
nebkin1,White-mantled Kingfisher,New Britain Kingfisher
ultkin1,Ultramarine Kingfisher,Ultramarine Kingfisher
chbkin1,Vanuatu Kingfisher,Vanuatu Kingfisher
markin2,Marquesan Kingfisher,Marquesan Kingfisher
mankin1,Mewing Kingfisher,Mewing Kingfisher
tahkin1,Society Kingfisher,Society Kingfisher
sockin1,Society Kingfisher (Moorea),Society Kingfisher (Moorea)
sockin2,Society Kingfisher (Tahiti),Society Kingfisher (Tahiti)
tuakin2,Niau/Mangareva Kingfisher,Tuamotu Kingfisher
niakin1,Niau Kingfisher,Tuamotu Kingfisher (Niau)
mankin3,Mangareva Kingfisher,Tuamotu Kingfisher (Mangareva)
chakin2,Chattering Kingfisher,Chattering Kingfisher
packin1,Pacific Kingfisher,Pacific Kingfisher
colkin5,Pacific Kingfisher (Vanuatu),Pacific Kingfisher (Vanuatu)
colkin7,Pacific Kingfisher (South Pacific),Pacific Kingfisher (South Pacific)
colkin8,Pacific Kingfisher (Solomons),Pacific Kingfisher (Solomons)
sackin6,Pacific Kingfisher (Fiji),Pacific Kingfisher (Fiji)
packin2,Pacific Kingfisher (Lau),Pacific Kingfisher (Lau)
mickin4,Rusty-capped Kingfisher,Palau Kingfisher
mickin1,Guam Kingfisher,Guam Kingfisher
mickin5,Pohnpei Kingfisher,Pohnpei Kingfisher
flbkin1,Flat-billed Kingfisher,Flat-billed Kingfisher
colkin17,Islet Kingfisher,Colonist Kingfisher
colkin9,Torresian Kingfisher,Torresian Kingfisher
sackin1,Sacred Kingfisher,Sacred Kingfisher
sackin2,Sacred Kingfisher (Australasian),Sacred Kingfisher (Australasian)
sackin4,Sacred Kingfisher (New Caledonian),Sacred Kingfisher (New Caledonian)
sackin5,Sacred Kingfisher (Loyalty Is.),Sacred Kingfisher (Loyalty Is.)
sackin3,Sacred Kingfisher (New Zealand),Sacred Kingfisher (New Zealand)
colkin1,白领翡翠,Collared Kingfisher
colkin10,白领翡翠 (abyssinicus),Collared Kingfisher (Red Sea)
colkin12,白领翡翠 (kalbaensis),Collared Kingfisher (Arabian)
colkin4,白领翡翠 (印度至中南半岛),Collared Kingfisher (Oriental)
colkin14,白领翡翠 (occipitalis),Collared Kingfisher (Nicobar Is.)
colkin3,白领翡翠 (印尼至菲律宾),Collared Kingfisher (Collared)
beakin2,Beach Kingfisher,Beach Kingfisher
beakin3,Beach Kingfisher (Beach),Beach Kingfisher (Beach)
beakin1,Beach Kingfisher (Admiralty Is.),Beach Kingfisher (Admiralty Is.)
colkin2,Mariana Kingfisher,Mariana Kingfisher
melkin1,Melanesian Kingfisher,Melanesian Kingfisher
colkin13,Melanesian Kingfisher (St. Matthias Is.),Melanesian Kingfisher (St. Matthias Is.)
colkin15,Melanesian Kingfisher (Dampier Straits),Melanesian Kingfisher (Dampier Straits)
colkin6,Melanesian Kingfisher (New Ireland),Melanesian Kingfisher (New Ireland)
colkin16,Melanesian Kingfisher (New Britain),Melanesian Kingfisher (New Britain)
colkin11,Melanesian Kingfisher (Bougainville-Guadalcanal),Melanesian Kingfisher (Bougainville-Guadalcanal)
somkin1,Sombre Kingfisher,Sombre Kingfisher
talkin1,Talaud Kingfisher,Talaud Kingfisher
cibkin1,Cinnamon-banded Kingfisher,Cinnamon-banded Kingfisher
todira1,Todiramphus sp.,Todiramphus sp.
whrkin1,White-rumped Kingfisher,White-rumped Kingfisher
hobkin1,Hook-billed Kingfisher,Hook-billed Kingfisher
moukin2,Moustached Kingfisher,Moustached Kingfisher
moukin3,Moustached Kingfisher (Bougainville),Moustached Kingfisher (Bougainville)
moukin4,Moustached Kingfisher (Guadalcanal),Moustached Kingfisher (Guadalcanal)
ruckin1,Rufous-collared Kingfisher,Rufous-collared Kingfisher
spokin1,Spotted Wood Kingfisher,Spotted Kingfisher
blckin2,Blue-capped Kingfisher,Blue-capped Kingfisher
grbkin1,Green-backed Kingfisher,Green-backed Kingfisher
gnbkin1,Green-backed Kingfisher (Blue-headed),Green-backed Kingfisher (Blue-headed)
gnbkin2,Green-backed Kingfisher (Black-headed),Green-backed Kingfisher (Black-headed)
scakin1,Scaly-breasted Kingfisher,Scaly-breasted Kingfisher
scbkin1,Scaly-breasted Kingfisher (Scaly-breasted),Scaly-breasted Kingfisher (Scaly-breasted)
scbkin2,Scaly-breasted Kingfisher (Plain-backed),Scaly-breasted Kingfisher (Plain-backed)
yebkin1,Yellow-billed Kingfisher,Yellow-billed Kingfisher
moukin1,Mountain Kingfisher,Mountain Kingfisher
y00868,Yellow-billed/Mountain Kingfisher,Yellow-billed/Mountain Kingfisher
lipkin1,Little Paradise Kingfisher,Little Paradise-Kingfisher
copkin1,Common Paradise Kingfisher,Common Paradise-Kingfisher
compak17,Common Paradise Kingfisher (Morotai),Common Paradise-Kingfisher (Morotai)
compak18,Common Paradise Kingfisher (Halmahera),Common Paradise-Kingfisher (Halmahera)
compak7,Common Paradise Kingfisher (Obi),Common Paradise-Kingfisher (Obi)
compak19,Common Paradise Kingfisher (Amboyna),Common Paradise-Kingfisher (Amboyna)
compak16,Common Paradise Kingfisher (Papuan),Common Paradise-Kingfisher (Papuan)
compak15,Common Paradise Kingfisher (Rossel),Common Paradise-Kingfisher (Rossel)
kopkin1,Kofiau Paradise Kingfisher,Kofiau Paradise-Kingfisher
bipkin1,Biak Paradise Kingfisher,Biak Paradise-Kingfisher
nupkin1,Numfor Paradise Kingfisher,Numfor Paradise-Kingfisher
rbpkin1,Red-breasted Paradise Kingfisher,Red-breasted Paradise-Kingfisher
bhpkin1,Brown-headed Paradise Kingfisher,Brown-headed Paradise-Kingfisher
bubpak1,Buff-breasted Paradise Kingfisher,Buff-breasted Paradise-Kingfisher
bubpak2,Black-capped Paradise Kingfisher,Black-capped Paradise-Kingfisher
giakin3,Giant Kingfisher,Giant Kingfisher
crekin1,冠鱼狗,Crested Kingfisher
rinkin1,Ringed Kingfisher,Ringed Kingfisher
rinkin3,Ringed Kingfisher (Northern),Ringed Kingfisher (Northern)
rinkin4,Ringed Kingfisher (Patagonian),Ringed Kingfisher (Patagonian)
belkin1,Belted Kingfisher,Belted Kingfisher
piekin1,斑鱼狗,Pied Kingfisher
amakin1,Amazon Kingfisher,Amazon Kingfisher
ampkin1,American Pygmy Kingfisher,American Pygmy Kingfisher
grnkin,Green Kingfisher,Green Kingfisher
garkin1,Green-and-rufous Kingfisher,Green-and-rufous Kingfisher
chloro3,Chloroceryle sp.,Chloroceryle sp.
kingfi1,未识别的翠鸟,kingfisher sp.
eurrol1,蓝胸佛法僧,European Roller
abyrol2,Abyssinian Roller,Abyssinian Roller
librol2,Lilac-breasted Roller,Lilac-breasted Roller
librol1,Lilac-breasted Roller (Blue-breasted),Lilac-breasted Roller (Blue-breasted)
librol3,Lilac-breasted Roller (Lilac-breasted),Lilac-breasted Roller (Lilac-breasted)
ratrol2,Racket-tailed Roller,Racket-tailed Roller
rucrol2,Purple Roller,Purple Roller
indrol2,印度佛法僧,Indian Roller
y01079,蓝胸佛法僧/印度佛法僧,European/Indian Roller
indrol3,棕胸佛法僧,Indochinese Roller
indrol4,印度佛法僧x棕胸佛法僧 (杂交),Indian x Indochinese Roller (hybrid)
indrol1,印度佛法僧/棕胸佛法僧,Indian/Indochinese Roller
puwrol1,Purple-winged Roller,Purple-winged Roller
blbrol1,Blue-bellied Roller,Blue-bellied Roller
roller1,未识别的佛法僧,roller sp.
brbrol1,Broad-billed Roller,Broad-billed Roller
brbrol2,Broad-billed Roller (African),Broad-billed Roller (African)
brbrol3,Broad-billed Roller (Madagascar),Broad-billed Roller (Madagascar)
bltrol1,Blue-throated Roller,Blue-throated Roller
dollar1,三宝鸟,Dollarbird
purrol1,Azure Dollarbird,Azure Roller
scagrr1,Scaly Ground Roller,Scaly Ground-Roller
slgrol1,Short-legged Ground Roller,Short-legged Ground-Roller
ltgrol1,Long-tailed Ground Roller,Long-tailed Ground-Roller
plgrol1,Pitta-like Ground Roller,Pitta-like Ground-Roller
rhgrol1,Rufous-headed Ground Roller,Rufous-headed Ground-Roller
whnpuf2,White-necked Puffbird,White-necked Puffbird
guipuf1,Guianan Puffbird,Guianan Puffbird
bubpuf1,Buff-bellied Puffbird,Buff-bellied Puffbird
blbpuf1,Black-breasted Puffbird,Black-breasted Puffbird
brbpuf1,Brown-banded Puffbird,Brown-banded Puffbird
piepuf1,Pied Puffbird,Pied Puffbird
piepuf2,Pied Puffbird (Lesser),Pied Puffbird (Lesser)
piepuf3,Pied Puffbird (Greater),Pied Puffbird (Greater)
chcpuf1,Chestnut-capped Puffbird,Chestnut-capped Puffbird
spopuf1,Spotted Puffbird,Spotted Puffbird
socpuf1,Sooty-capped Puffbird,Sooty-capped Puffbird
colpuf1,Collared Puffbird,Collared Puffbird
barpuf1,Barred Puffbird,Barred Puffbird
wespuf1,Western Striolated Puffbird,Western Striolated-Puffbird
strpuf1,Eastern Striolated Puffbird,Eastern Striolated-Puffbird
strpuf2,Eastern Striolated Puffbird (Natterer's),Eastern Striolated-Puffbird (Natterer's)
strpuf3,Eastern Striolated Puffbird (torridus),Eastern Striolated-Puffbird (torridus)
whepuf1,White-eared Puffbird,White-eared Puffbird
spbpuf1,Caatinga/Chaco Puffbird,Spot-backed Puffbird
spbpuf2,Caatinga Puffbird,Spot-backed Puffbird (Spot-backed)
spbpuf3,Chaco Puffbird,Spot-backed Puffbird (Chaco)
rutpuf1,Russet-throated Puffbird,Russet-throated Puffbird
rutpuf3,Two-banded Puffbird,Two-banded Puffbird
x01190,Russet-throated x Two-banded Puffbird (hybrid),Russet-throated x Two-banded Puffbird (hybrid)
y01173,Russet-throated/Two-banded Puffbird,Russet-throated/Two-banded Puffbird
whcpuf1,White-chested Puffbird,White-chested Puffbird
sempuf1,Semicollared Puffbird,Semicollared Puffbird
crcpuf1,Crescent-chested Puffbird,Crescent-chested Puffbird
crcpuf2,Crescent-chested Puffbird (Lesser),Crescent-chested Puffbird (Lesser)
crcpuf3,Crescent-chested Puffbird (Greater),Crescent-chested Puffbird (Greater)
runpuf1,Rufous-necked Puffbird,Rufous-necked Puffbird
whwpuf1,White-whiskered Puffbird,White-whiskered Puffbird
blspuf1,Black-streaked Puffbird,Black-streaked Puffbird
moupuf1,Moustached Puffbird,Moustached Puffbird
lanmon1,Lanceolated Monklet,Lanceolated Monklet
rubnun1,Rusty-breasted Nunlet,Rusty-breasted Nunlet
fucnun1,Fulvous-chinned Nunlet,Fulvous-chinned Nunlet
bronun1,Brown Nunlet,Brown Nunlet
gycnun1,Grey-cheeked Nunlet,Gray-cheeked Nunlet
rucnun1,Rufous-capped Nunlet,Rufous-capped Nunlet
chhnun1,Chestnut-headed Nunlet,Chestnut-headed Nunlet
nunlet1,nunlet sp.,nunlet sp.
whfnun2,White-faced Nunbird,White-faced Nunbird
blanun1,Black Nunbird,Black Nunbird
blfnun1,Black-fronted Nunbird,Black-fronted Nunbird
whfnun1,White-fronted Nunbird,White-fronted Nunbird
whfnun3,White-fronted Nunbird (Costa Rican),White-fronted Nunbird (Costa Rican)
whfnun4,White-fronted Nunbird (Pale-winged),White-fronted Nunbird (Pale-winged)
whfnun5,White-fronted Nunbird (White-fronted),White-fronted Nunbird (White-fronted)
yebnun1,Yellow-billed Nunbird,Yellow-billed Nunbird
monasa1,Monasa sp.,Monasa sp.
swwpuf1,Swallow-winged Puffbird,Swallow-winged Puffbird
buccon1,Bucconidae sp.,Bucconidae sp.
whejac1,White-eared Jacamar,White-eared Jacamar
purjac2,Purus Jacamar,Purus Jacamar
whtjac1,White-throated Jacamar,White-throated Jacamar
brojac2,Brown Jacamar,Brown Jacamar
brnjac8,Brown Jacamar (Black-billed),Brown Jacamar (Black-billed)
brnjac6,Brown Jacamar (Pale-billed),Brown Jacamar (Pale-billed)
pahjac1,Pale-headed Jacamar,Pale-headed Jacamar
dubjac1,Dusky-backed Jacamar,Dusky-backed Jacamar
thtjac1,Three-toed Jacamar,Three-toed Jacamar
yebjac1,Yellow-billed Jacamar,Yellow-billed Jacamar
yebjac2,Yellow-billed Jacamar (Yellow-billed),Yellow-billed Jacamar (Yellow-billed)
yebjac3,Yellow-billed Jacamar (Cerise-crowned),Yellow-billed Jacamar (Cerise-crowned)
bucjac1,Blue-necked Jacamar,Blue-cheeked Jacamar
rutjac1,Rufous-tailed Jacamar,Rufous-tailed Jacamar
rutjac2,Rufous-tailed Jacamar (Black-chinned),Rufous-tailed Jacamar (Black-chinned)
rutjac3,Rufous-tailed Jacamar (Rufous-tailed),Rufous-tailed Jacamar (Rufous-tailed)
rutjac4,Rufous-tailed Jacamar (Spot-tailed),Rufous-tailed Jacamar (Spot-tailed)
grtjac1,Green-tailed Jacamar,Green-tailed Jacamar
whcjac1,White-chinned Jacamar,White-chinned Jacamar
blfjac1,Bluish-fronted Jacamar,Bluish-fronted Jacamar
cocjac2,Coppery-chested Jacamar,Coppery-chested Jacamar
purjac1,Purplish Jacamar,Purplish Jacamar
brojac1,Bronzy Jacamar,Bronzy Jacamar
parjac1,Paradise Jacamar,Paradise Jacamar
galbul1,Galbula sp.,Galbula sp.
grejac2,Great Jacamar,Great Jacamar
jacama1,jacamar sp.,jacamar sp.
yebbar1,Western Yellow-billed Barbet,Western Yellow-billed Barbet
yebbar3,Western Yellow-billed Barbet (Western),Western Yellow-billed Barbet (Western)
yebbar4,Western Yellow-billed Barbet (Togo),Western Yellow-billed Barbet (Togo)
yebbar5,Eastern Yellow-billed Barbet,Eastern Yellow-billed Barbet
crebar1,Crested Barbet,Crested Barbet
raybar1,Red-and-yellow Barbet,Red-and-yellow Barbet
yebbar2,Yellow-breasted Barbet,Yellow-breasted Barbet
darbar1,D'Arnaud's/Usambiro Barbet,D'Arnaud's Barbet
darbar2,D'Arnaud's Barbet (D'Arnaud's),D'Arnaud's Barbet (D'Arnaud's)
darbar3,Usambiro Barbet,D'Arnaud's Barbet (Usambiro)
darbar4,D'Arnaud's Barbet (Black-capped),D'Arnaud's Barbet (Black-capped)
grebar2,Green Barbet,Green Barbet
grnbar2,Green Barbet (Green),Green Barbet (Green)
grnbar1,Green Barbet (Howell's),Green Barbet (Howell's)
grnbar4,Green Barbet (Woodward's),Green Barbet (Woodward's)
grnbar5,Green Barbet (Misuku Hills),Green Barbet (Misuku Hills)
grnbar6,Green Barbet (Mt. Thyolo),Green Barbet (Mt. Thyolo)
gytbar1,Grey-throated Barbet,Gray-throated Barbet
gytbar2,Grey-throated Barbet (Grey-throated),Gray-throated Barbet (Gray-throated)
gytbar3,Grey-throated Barbet (Grey-headed),Gray-throated Barbet (Gray-headed)
slabar1,Sladen's Barbet,Sladen's Barbet
brnbar1,Bristle-nosed Barbet,Bristle-nosed Barbet
nafbar1,Naked-faced Barbet,Naked-faced Barbet
nafbar2,Naked-faced Barbet (Naked-faced),Naked-faced Barbet (Naked-faced)
nafbar3,Naked-faced Barbet (Pale-throated),Naked-faced Barbet (Pale-throated)
whebar1,White-eared Barbet,White-eared Barbet
whebar2,White-eared Barbet (White-lined),White-eared Barbet (White-lined)
whebar3,White-eared Barbet (White-eared),White-eared Barbet (White-eared)
whybar1,Whyte's Barbet,Whyte's Barbet
ancbar1,Anchieta's Barbet,Anchieta's Barbet
spetin1,Speckled Tinkerbird,Speckled Tinkerbird
gretin2,Green Tinkerbird,Green Tinkerbird
moutin1,Moustached Tinkerbird,Moustached Tinkerbird
westin1,Western Tinkerbird,Western Tinkerbird
westin2,Western Tinkerbird (Western),Western Tinkerbird (Western)
westin3,Western Tinkerbird (Eastern),Western Tinkerbird (Eastern)
westin4,Western Tinkerbird (Angola),Western Tinkerbird (Angola)
rertin1,Red-rumped Tinkerbird,Red-rumped Tinkerbird
yettin1,Yellow-throated Tinkerbird,Yellow-throated Tinkerbird
yertin1,Yellow-rumped Tinkerbird,Yellow-rumped Tinkerbird
yertin2,Yellow-rumped Tinkerbird (Yellow-rumped),Yellow-rumped Tinkerbird (Yellow-rumped)
whctin1,White-chested Tinkerbird,Yellow-rumped Tinkerbird (White-chested)
reftin1,Northern Red-fronted Tinkerbird,Northern Red-fronted Tinkerbird
reftin4,Southern Red-fronted Tinkerbird,Southern Red-fronted Tinkerbird
yeftin1,Yellow-fronted Tinkerbird,Yellow-fronted Tinkerbird
tinker1,tinkerbird sp.,tinkerbird sp.
yesbar1,Yellow-spotted Barbet,Yellow-spotted Barbet
habbar1,Hairy-breasted Barbet,Hairy-breasted Barbet
habbar2,Hairy-breasted Barbet (Hairy-breasted),Hairy-breasted Barbet (Hairy-breasted)
habbar3,Hairy-breasted Barbet (Streaky-throated),Hairy-breasted Barbet (Streaky-throated)
refbar2,Red-fronted Barbet,Red-fronted Barbet
miobar1,Miombo Pied Barbet,Miombo Barbet
piebar1,Acacia Pied Barbet,Pied Barbet
x01009,Miombo Pied x Acacia Pied Barbet (hybrid),Miombo x Pied Barbet (hybrid)
spfbar1,Spot-flanked Barbet,Spot-flanked Barbet
bltbar1,Black-throated Barbet,Black-throated Barbet
banbar1,Banded Barbet,Banded Barbet
viebar1,Vieillot's Barbet,Vieillot's Barbet
whhbar1,White-headed Barbet,White-headed Barbet
whhbar2,White-headed Barbet (White-headed),White-headed Barbet (White-headed)
whhbar3,White-headed Barbet (Brown-and-white),White-headed Barbet (Brown-and-white)
whhbar4,White-headed Barbet (White-bellied),White-headed Barbet (White-bellied)
chabar1,Chaplin's Barbet,Chaplin's Barbet
refbar1,Red-faced Barbet,Red-faced Barbet
blbbar3,Black-billed Barbet,Black-billed Barbet
blcbar1,Black-collared Barbet,Black-collared Barbet
brbbar1,Brown-breasted Barbet,Brown-breasted Barbet
blbbar1,Black-backed Barbet,Black-backed Barbet
bkbbar1,Black-backed Barbet (Brown-backed),Black-backed Barbet (Brown-backed)
bkbbar2,Black-backed Barbet (Black-backed),Black-backed Barbet (Black-backed)
dotbar1,Double-toothed Barbet,Double-toothed Barbet
beabar1,Bearded Barbet,Bearded Barbet
blbbar4,Black-breasted Barbet,Black-breasted Barbet
afrbar1,african barbet sp.,african barbet sp.
soobar2,Sooty Barbet,Sooty Barbet
brnbar2,Brown Barbet,Brown Barbet
crfbar1,Malabar Barbet,Malabar Barbet
crfbar3,Crimson-fronted Barbet,Crimson-fronted Barbet
copbar1,赤胸拟啄木鸟,Coppersmith Barbet
copbar11,赤胸拟啄木鸟 (广布，黄脸),Coppersmith Barbet (Western Yellow-faced)
copbar4,赤胸拟啄木鸟 (roseus),Coppersmith Barbet (Javan Red-faced)
copbar12,赤胸拟啄木鸟 [haemacephalus Group],Coppersmith Barbet (Philippine Yellow-faced)
copbar13,赤胸拟啄木鸟 [intermedius Group],Coppersmith Barbet (Philippine Red-faced)
y00869,Malabar/Coppersmith Barbet,Malabar/Coppersmith Barbet
buebar1,蓝耳拟啄木鸟,Blue-eared Barbet
buebar2,Black-eared Barbet,Black-eared Barbet
x01066,Blue-eared x Black-eared Barbet (hybrid),Blue-eared x Black-eared Barbet (hybrid)
blebar1,Blue-eared/Black-eared Barbet,Blue-eared/Black-eared Barbet
litbar1,Yellow-eared Barbet,Yellow-eared Barbet
borbar1,Bornean Barbet,Bornean Barbet
fitbar1,Fire-tufted Barbet,Fire-tufted Barbet
grebar1,大拟啄木鸟,Great Barbet
revbar1,Red-vented Barbet,Red-vented Barbet
recbar1,Red-crowned Barbet,Red-crowned Barbet
retbar1,Red-throated Barbet,Red-throated Barbet
blbbar2,Black-banded Barbet,Black-banded Barbet
gonbar1,Golden-naped Barbet,Golden-naped Barbet
yecbar1,Yellow-crowned Barbet,Yellow-crowned Barbet
flfbar1,Flame-fronted Barbet,Flame-fronted Barbet
grebar3,黄纹拟啄木鸟,Green-eared Barbet
linbar1,斑头绿拟啄木鸟,Lineated Barbet
y00399,黄纹拟啄木鸟/斑头绿拟啄木鸟,Green-eared/Lineated Barbet
brhbar1,Brown-headed Barbet,Brown-headed Barbet
y01095,Lineated/Brown-headed Barbet,Lineated/Brown-headed Barbet
whcbar1,White-cheeked Barbet,White-cheeked Barbet
y00870,Brown-headed/White-cheeked Barbet,Brown-headed/White-cheeked Barbet
yefbar1,Yellow-fronted Barbet,Yellow-fronted Barbet
gotbar2,金喉拟啄木鸟,Golden-throated Barbet
gotbar4,金喉拟啄木鸟 (黑眉),Golden-throated Barbet (Himalayan)
gotbar5,金喉拟啄木鸟 (ramsayi),Golden-throated Barbet (Malayan)
gotbar3,Necklaced Barbet,Necklaced Barbet
moubar1,Mountain Barbet,Mountain Barbet
merbar1,Meratus Barbet (undescribed form),Meratus Barbet (undescribed form)
brtbar1,Brown-throated Barbet,Brown-throated Barbet
gowbar2,Golden-whiskered Barbet,Gold-whiskered Barbet
gowbar1,Golden-whiskered Barbet (Gold-whiskered),Gold-whiskered Barbet (Gold-whiskered)
gofbar1,Golden-whiskered Barbet (Gold-faced),Gold-whiskered Barbet (Gold-faced)
moubar2,Moustached Barbet,Moustached Barbet
taibar2,台湾拟啄木鸟,Taiwan Barbet
chibar1,黑眉拟啄木鸟,Chinese Barbet
bltbar2,蓝喉拟啄木鸟,Blue-throated Barbet
butbar1,蓝喉拟啄木鸟 (黑顶冠),Blue-throated Barbet (Red-crowned)
butbar2,蓝喉拟啄木鸟 (蓝顶冠),Blue-throated Barbet (Blue-crowned)
indbar1,Indochinese Barbet,Indochinese Barbet
blbbar5,Black-browed Barbet,Black-browed Barbet
tutbar1,Turquoise-throated Barbet,Turquoise-throated Barbet
megala1,Psilopogon sp.,Psilopogon sp.
asibar1,未识别的拟啄木鸟,asian barbet sp.
sccbar1,Scarlet-crowned Barbet,Scarlet-crowned Barbet
blgbar1,Black-girdled Barbet,Black-girdled Barbet
spcbar1,Spot-crowned Barbet,Spot-crowned Barbet
orfbar1,Orange-fronted Barbet,Orange-fronted Barbet
whmbar1,White-mantled Barbet,White-mantled Barbet
scbbar2,Scarlet-banded Barbet,Scarlet-banded Barbet
sirbar1,Sira Barbet,Sira Barbet
ficbar1,Five-colored Barbet,Five-colored Barbet
brcbar1,Brown-chested Barbet,Brown-chested Barbet
blsbar1,Black-spotted Barbet,Black-spotted Barbet
gilbar1,Gilded Barbet,Gilded Barbet
capito1,Capito sp.,Capito sp.
letbar1,Lemon-throated Barbet,Lemon-throated Barbet
letbar2,Lemon-throated Barbet (Lemon-throated),Lemon-throated Barbet (Lemon-throated)
letbar3,Lemon-throated Barbet (Flame-throated),Lemon-throated Barbet (Flame-throated)
schbar1,Scarlet-hooded Barbet,Scarlet-hooded Barbet
rehbar1,Red-headed Barbet,Red-headed Barbet
verbar1,Versicolored Barbet,Versicolored Barbet
verbar2,Versicolored Barbet (Blue-cowled),Versicolored Barbet (Blue-cowled)
verbar3,Versicolored Barbet (Blue-chinned),Versicolored Barbet (Blue-chinned)
verbar4,Versicolored Barbet (Blue-moustached),Versicolored Barbet (Blue-moustached)
newbar1,new world barbet sp.,new world barbet sp.
prbbar1,Prong-billed Barbet,Prong-billed Barbet
toubar1,Toucan Barbet,Toucan Barbet
noremt1,Emerald/Blue-throated/Wagler's Toucanet,Northern Emerald-Toucanet
emetou3,Wagler's Toucanet,Northern Emerald-Toucanet (Wagler's)
emetou2,Emerald Toucanet,Northern Emerald-Toucanet (Emerald)
emetou4,Blue-throated Toucanet (Blue-throated),Northern Emerald-Toucanet (Blue-throated)
emetou5,Blue-throated Toucanet (Violet-throated),Northern Emerald-Toucanet (Violet-throated)
souemt1,White-throated/Black-throated Toucanet,Southern Emerald-Toucanet
emetou6,White-throated Toucanet (Santa Marta),Southern Emerald-Toucanet (Santa Marta)
emetou9,White-throated Toucanet (Grey-throated),Southern Emerald-Toucanet (Gray-throated)
emetou7,White-throated Toucanet (Andean),Southern Emerald-Toucanet (Andean)
souemt2,Black-throated Toucanet (Black-billed),Southern Emerald-Toucanet (Black-billed)
emetou8,Black-throated Toucanet (Black-throated),Southern Emerald-Toucanet (Black-throated)
grbtou1,Groove-billed Toucanet,Groove-billed Toucanet
grbtou2,Groove-billed Toucanet (Yellow-billed),Groove-billed Toucanet (Yellow-billed)
grbtou3,Groove-billed Toucanet (Groove-billed),Groove-billed Toucanet (Groove-billed)
chttou3,Chestnut-tipped Toucanet,Chestnut-tipped Toucanet
chttou2,Tepui Toucanet,Tepui Toucanet
crrtou1,Crimson-rumped Toucanet,Crimson-rumped Toucanet
yebtou1,Yellow-browed Toucanet,Yellow-browed Toucanet
blbtou1,Blue-banded Toucanet,Blue-banded Toucanet
aulaco1,Aulacorhynchus sp.,Aulacorhynchus sp.
gybmot1,Grey-breasted Mountain Toucan,Gray-breasted Mountain-Toucan
pbmtou1,Plate-billed Mountain Toucan,Plate-billed Mountain-Toucan
homtou1,Hooded Mountain Toucan,Hooded Mountain-Toucan
bbmtou1,Black-billed Mountain Toucan,Black-billed Mountain-Toucan
saftou2,Saffron Toucanet,Saffron Toucanet
greara1,Green Aracari,Green Aracari
letara1,Lettered Aracari,Lettered Aracari
letara2,Lettered Aracari (Humboldt's),Lettered Aracari (Humboldt's)
letara3,Lettered Aracari (Lettered),Lettered Aracari (Lettered)
colara2,Collared Aracari,Collared Aracari
pamara1,Pale-mandibled/Stripe-billed Aracari,Pale-mandibled Aracari
colara4,Stripe-billed Aracari,Pale-mandibled Aracari (Stripe-billed)
colara5,Pale-mandibled Aracari,Pale-mandibled Aracari (Pale-billed)
x01191,Collared x Pale-mandibled/Stripe-billed Aracari (hybrid),Collared x Pale-mandibled Aracari (hybrid)
colara1,Collared/Stripe-billed/Pale-mandibled Aracari,Collared/Pale-mandibled Aracari
fibara1,Fiery-billed Aracari,Fiery-billed Aracari
blnara1,Black-necked Aracari,Black-necked Aracari
cheara1,Chestnut-eared Aracari,Chestnut-eared Aracari
mabara1,Many-banded Aracari,Many-banded Aracari
ivbara1,Ivory-billed/Brown-mandibled Aracari,Ivory-billed Aracari
ivbara4,Ivory-billed Aracari (Yellow-billed),Ivory-billed Aracari (Yellow-billed)
ivbara5,Ivory-billed Aracari (Ivory-billed),Ivory-billed Aracari (Ivory-billed)
ivbara3,Brown-mandibled Aracari,Ivory-billed Aracari (Brown-billed)
cucara1,Curl-crested Aracari,Curl-crested Aracari
renara1,Red-necked Aracari,Red-necked Aracari
renara2,Red-necked Aracari (Western),Red-necked Aracari (Western)
renara3,Red-necked Aracari (Eastern),Red-necked Aracari (Eastern)
aracar1,aracari sp.,aracari sp.
yeetou1,Yellow-eared Toucanet,Yellow-eared Toucanet
guitou1,Guianan Toucanet,Guianan Toucanet
goctou1,Golden-collared Toucanet,Golden-collared Toucanet
goctou2,Golden-collared Toucanet (Red-billed),Golden-collared Toucanet (Red-billed)
goctou3,Golden-collared Toucanet (Green-billed),Golden-collared Toucanet (Green-billed)
tattou1,Tawny-tufted Toucanet,Tawny-tufted Toucanet
goutou1,Gould's Toucanet,Gould's Toucanet
spbtou1,Spot-billed Toucanet,Spot-billed Toucanet
smatou1,small toucan sp.,small toucan sp.
toctou1,Toco Toucan,Toco Toucan
bkmtou1,Yellow-throated Toucan,Yellow-throated Toucan
chmtou1,Yellow-throated Toucan (Chestnut-mandibled),Yellow-throated Toucan (Chestnut-mandibled)
blmtou1,Yellow-throated Toucan (Black-mandibled),Yellow-throated Toucan (Black-mandibled)
whttou1,White-throated Toucan,White-throated Toucan
whttou2,White-throated Toucan (Red-billed),White-throated Toucan (Red-billed)
whttou3,White-throated Toucan (Cuvier's),White-throated Toucan (Cuvier's)
kebtou1,Keel-billed Toucan,Keel-billed Toucan
chotou1,Choco Toucan,Choco Toucan
chbtou1,Channel-billed/Citron-throated Toucan,Channel-billed Toucan
chbtou3,Citron-throated Toucan,Channel-billed Toucan (Citron-throated)
chbtou7,Channel-billed Toucan (Yellow-ridged),Channel-billed Toucan (Yellow-ridged)
chbtou4,Citron-throated x Channel-billed (Yellow-ridged) Toucan (hybrid),Channel-billed Toucan (Citron-throated x Yellow-ridged)
chbtou8,Channel-billed Toucan (Channel-billed),Channel-billed Toucan (Channel-billed)
chbtou6,Channel-billed Toucan (Yellow-ridged x Channel-billed),Channel-billed Toucan (Yellow-ridged x Channel-billed)
chbtou2,Channel-billed Toucan (Ariel),Channel-billed Toucan (Ariel)
chbtou5,Channel-billed Toucan (Yellow-ridged x Ariel),Channel-billed Toucan (Yellow-ridged x Ariel)
rebtou2,Red-breasted Toucan,Red-breasted Toucan
lartou1,large toucan sp.,large toucan sp.
cashon1,Cassin's Honeybird,Cassin's Honeybird
grbhon2,Green-backed Honeybird,Green-backed Honeybird
wahhon1,Brown-backed Honeybird,Brown-backed Honeybird
smahon1,honeybird sp.,honeybird sp.
zenhon1,Zenker's Honeyguide,Zenker's Honeyguide
yefhon2,Yellow-footed Honeyguide,Yellow-footed Honeyguide
dwahon1,Dwarf Honeyguide,Dwarf Honeyguide
wilhon2,Willcocks's Honeyguide,Willcocks's Honeyguide
palhon1,Pallid Honeyguide,Pallid Honeyguide
leahon2,Least Honeyguide,Least Honeyguide
y00400,Lesser Honeyguide,Lesser Honeyguide
thbhon1,Lesser Honeyguide (Thick-billed),Lesser Honeyguide (Thick-billed)
leshon1,Lesser Honeyguide (Lesser),Lesser Honeyguide (Lesser)
spohon2,Spotted Honeyguide,Spotted Honeyguide
scthon1,Scaly-throated Honeyguide,Scaly-throated Honeyguide
yerhon1,黄腰响蜜䴕,Yellow-rumped Honeyguide
malhon1,Malaysian Honeyguide,Malaysian Honeyguide
grehon2,Greater Honeyguide,Greater Honeyguide
larhon1,large honeyguide sp.,large honeyguide sp.
lython1,Lyre-tailed Honeyguide,Lyre-tailed Honeyguide
honeyg1,honeyguide sp.,honeyguide sp.
eurwry,蚁䴕,Eurasian Wryneck
runwry1,Red-throated Wryneck,Red-throated Wryneck
runwry2,Red-throated Wryneck (Rufous-necked),Red-throated Wryneck (Rufous-necked)
runwry3,Red-throated Wryneck (Bar-throated),Red-throated Wryneck (Bar-throated)
runwry4,Red-throated Wryneck (Ethiopian),Red-throated Wryneck (Ethiopian)
spepic1,斑姬啄木鸟,Speckled Piculet
babpic1,Bar-breasted Piculet,Bar-breasted Piculet
oripic1,Orinoco Piculet,Orinoco Piculet
lafpic1,Lafresnaye's Piculet,Lafresnaye's Piculet
gospic1,Golden-spangled Piculet,Golden-spangled Piculet
gospic4,Golden-spangled Piculet (Undulated),Golden-spangled Piculet (Undulated)
gospic5,Golden-spangled Piculet (Buffon's),Golden-spangled Piculet (Buffon's)
gospic6,Golden-spangled Piculet (Pernambuco),Golden-spangled Piculet (Pernambuco)
gospic7,Golden-spangled Piculet (Bahia),Golden-spangled Piculet (Bahia)
ecupic1,Ecuadorian Piculet,Ecuadorian Piculet
scapic1,Scaled Piculet,Scaled Piculet
scapic2,Scaled Piculet (Scaled),Scaled Piculet (Scaled)
gospic3,Scaled Piculet (Black-dotted),Scaled Piculet (Black-dotted)
whbpic2,White-bellied Piculet,White-bellied Piculet
whbpic4,White-bellied Piculet (White-bellied),White-bellied Piculet (White-bellied)
whbpic5,White-bellied Piculet (Mangrove),White-bellied Piculet (Mangrove)
arrpic1,Arrowhead Piculet,Arrowhead Piculet
x01192,Arrowhead x White-barred Piculet (hybrid),Arrowhead x White-barred Piculet (hybrid)
spopic1,Spotted Piculet,Spotted Piculet
spcpic1,Speckle-chested Piculet,Speckle-chested Piculet
varpic1,Varzea Piculet,Varzea Piculet
whbpic1,White-barred Piculet,White-barred Piculet
whbpic6,White-barred Piculet (Marajo),White-barred Piculet (Marajo)
whbpic7,White-barred Piculet (White-barred),White-barred Piculet (White-barred)
ocepic2,Ocellated Piculet,Ocellated Piculet
y00962,White-barred/Ocellated Piculet,White-barred/Ocellated Piculet
occpic1,Ochre-collared Piculet,Ochre-collared Piculet
x00951,White-barred x Ochre-collared Piculet (hybrid),White-barred x Ochre-collared Piculet (hybrid)
y01140,White-barred/Ochre-collared Piculet,White-barred/Ochre-collared Piculet
whwpic1,White-wedged Piculet,White-wedged Piculet
x00952,White-barred x White-wedged Piculet (hybrid),White-barred x White-wedged Piculet (hybrid)
y01141,White-barred/White-wedged Piculet,White-barred/White-wedged Piculet
runpic1,Rusty-necked Piculet,Rusty-necked Piculet
rubpic1,Rufous-breasted Piculet,Rufous-breasted Piculet
ochpic1,Ochraceous Piculet,Ochraceous Piculet
motpic1,Mottled Piculet,Mottled Piculet
plbpic1,Plain-breasted Piculet,Plain-breasted Piculet
fibpic1,Fine-barred Piculet,Fine-barred Piculet
olipic1,Olivaceous Piculet,Olivaceous Piculet
grapic1,Greyish Piculet,Grayish Piculet
chepic1,Chestnut Piculet,Chestnut Piculet
newpic1,new world piculet sp.,new world piculet sp.
afrpic1,African Piculet,African Piculet
rufpic1,Rufous Piculet,Rufous Piculet
whbpic3,白眉棕啄木鸟,White-browed Piculet
y00401,Rufous/White-browed Piculet,Rufous/White-browed Piculet
antpic1,Antillean Piculet,Antillean Piculet
gabwoo3,Grey-and-buff Woodpecker,Gray-and-buff Woodpecker
gabwoo2,Grey-and-buff Woodpecker (Grey-and-buff),Gray-and-buff Woodpecker (Gray-and-buff)
gabwoo4,Grey-and-buff Woodpecker (Red-crested),Gray-and-buff Woodpecker (Red-crested)
heswoo1,Heart-spotted Woodpecker,Heart-spotted Woodpecker
wilsap,Williamson's Sapsucker,Williamson's Sapsucker
yebsap,Yellow-bellied Sapsucker,Yellow-bellied Sapsucker
rensap,Red-naped Sapsucker,Red-naped Sapsucker
x00634,Yellow-bellied x Red-naped Sapsucker (hybrid),Yellow-bellied x Red-naped Sapsucker (hybrid)
y00019,Yellow-bellied/Red-naped Sapsucker,Yellow-bellied/Red-naped Sapsucker
rebsap,Red-breasted Sapsucker,Red-breasted Sapsucker
rebsap1,Red-breasted Sapsucker (ruber),Red-breasted Sapsucker (ruber)
rebsap2,Red-breasted Sapsucker (daggetti),Red-breasted Sapsucker (daggetti)
x00712,Yellow-bellied x Red-breasted Sapsucker (hybrid),Yellow-bellied x Red-breasted Sapsucker (hybrid)
rnxsap1,Red-naped x Red-breasted Sapsucker (hybrid),Red-naped x Red-breasted Sapsucker (hybrid)
x01052,Yellow-bellied/Red-naped x Red-breasted Sapsucker (hybrid),Yellow-bellied/Red-naped x Red-breasted Sapsucker (hybrid)
y00789,Red-naped/Red-breasted Sapsucker,Red-naped/Red-breasted Sapsucker
sapsuc,sapsucker sp.,sapsucker sp.
cugwoo1,Cuban Green Woodpecker,Cuban Green Woodpecker
whiwoo1,White Woodpecker,White Woodpecker
lewwoo,Lewis's Woodpecker,Lewis's Woodpecker
guawoo1,Guadeloupe Woodpecker,Guadeloupe Woodpecker
purwoo1,Puerto Rican Woodpecker,Puerto Rican Woodpecker
rehwoo,Red-headed Woodpecker,Red-headed Woodpecker
acowoo,Acorn Woodpecker,Acorn Woodpecker
acowoo1,Acorn Woodpecker (Acorn),Acorn Woodpecker (Acorn)
acowoo2,Acorn Woodpecker (Narrow-fronted),Acorn Woodpecker (Narrow-fronted)
gonwoo1,Golden-naped Woodpecker,Golden-naped Woodpecker
yetwoo2,Yellow-tufted Woodpecker,Yellow-tufted Woodpecker
yefwoo1,Yellow-fronted Woodpecker,Yellow-fronted Woodpecker
beawoo2,Beautiful Woodpecker,Beautiful Woodpecker
blcwoo1,Black-cheeked Woodpecker,Black-cheeked Woodpecker
whfwoo1,White-fronted Woodpecker,White-fronted Woodpecker
hiswoo1,Hispaniolan Woodpecker,Hispaniolan Woodpecker
jamwoo1,Jamaican Woodpecker,Jamaican Woodpecker
gocwoo1,Golden-cheeked Woodpecker,Golden-cheeked Woodpecker
grbwoo1,Grey-breasted Woodpecker,Gray-breasted Woodpecker
yucwoo,Yucatan Woodpecker,Yucatan Woodpecker
recwoo1,Red-crowned Woodpecker,Red-crowned Woodpecker
gilwoo,Gila Woodpecker,Gila Woodpecker
hofwoo1,Hoffmann's Woodpecker,Hoffmann's Woodpecker
x01212,Black-cheeked x Hoffmann's Woodpecker (hybrid),Black-cheeked x Hoffmann's Woodpecker (hybrid)
x00440,Red-crowned x Hoffmann's Woodpecker (hybrid),Red-crowned x Hoffmann's Woodpecker (hybrid)
gofwoo,Golden-fronted/Velasquez's Woodpecker,Golden-fronted Woodpecker
gofwoo1,Golden-fronted Woodpecker,Golden-fronted Woodpecker (Northern)
gofwoo2,Velasquez's Woodpecker (Velasquez's),Golden-fronted Woodpecker (Velasquez's)
gofwoo3,Velasquez's Woodpecker (West Mexico),Golden-fronted Woodpecker (West Mexico)
x00853,Hoffmann's x Velasquez's Woodpecker (hybrid),Hoffmann's x Golden-fronted Woodpecker (hybrid)
y00963,Hoffmann's/Velasquez's Woodpecker,Hoffmann's/Golden-fronted Woodpecker
rebwoo,Red-bellied Woodpecker,Red-bellied Woodpecker
x00460,Golden-fronted x Red-bellied Woodpecker (hybrid),Golden-fronted x Red-bellied Woodpecker (hybrid)
y00788,Golden-fronted/Red-bellied Woodpecker,Golden-fronted/Red-bellied Woodpecker
weiwoo1,West Indian Woodpecker,West Indian Woodpecker
melane1,Melanerpes sp.,Melanerpes sp.
ettwoo1,三趾啄木鸟,Eurasian Three-toed Woodpecker
ettwoo2,三趾啄木鸟 (北方),Eurasian Three-toed Woodpecker (Eurasian)
ettwoo3,三趾啄木鸟 (深色),Eurasian Three-toed Woodpecker (Dark-bodied)
attwoo1,American Three-toed Woodpecker,American Three-toed Woodpecker
attwoo2,American Three-toed Woodpecker (Rocky Mts.),American Three-toed Woodpecker (Rocky Mts.)
attwoo3,American Three-toed Woodpecker (Northwest),American Three-toed Woodpecker (Northwest)
attwoo4,American Three-toed Woodpecker (Eastern),American Three-toed Woodpecker (Eastern)
bkbwoo,Black-backed Woodpecker,Black-backed Woodpecker
y00617,American Three-toed/Black-backed Woodpecker,American Three-toed/Black-backed Woodpecker
sulwoo2,Sulawesi Pygmy Woodpecker,Sulawesi Pygmy Woodpecker
phiwoo1,Philippine Pygmy Woodpecker,Philippine Pygmy Woodpecker
phiwoo3,Sulu Pygmy Woodpecker,Sulu Pygmy Woodpecker
bncwoo3,Brown-capped Pygmy Woodpecker,Brown-capped Pygmy Woodpecker
bncwoo2,Sunda Pygmy Woodpecker,Sunda Pygmy Woodpecker
gycwoo1,星头啄木鸟,Gray-capped Pygmy Woodpecker
y00735,Brown-capped/Grey-capped Pygmy Woodpecker,Brown-capped/Gray-capped Pygmy Woodpecker
pygwoo1,小星头啄木鸟,Japanese Pygmy Woodpecker
yecwoo1,Yellow-crowned Woodpecker,Yellow-crowned Woodpecker
miswoo1,Middle Spotted Woodpecker,Middle Spotted Woodpecker
brfwoo1,褐额啄木鸟,Brown-fronted Woodpecker
arawoo1,Arabian Woodpecker,Arabian Woodpecker
fibwoo1,Fire-bellied Woodpecker,Fire-bellied Woodpecker
gocwoo3,Yellow-crested Woodpecker,Golden-crowned Woodpecker
beawoo1,Bearded Woodpecker,Bearded Woodpecker
abywoo1,Abyssinian Woodpecker,Abyssinian Woodpecker
melwoo1,Melancholy Woodpecker,Melancholy Woodpecker
gabwoo1,Gabon Woodpecker,Gabon Woodpecker
ellwoo1,Elliot's Woodpecker,Elliot's Woodpecker
ellwoo2,Elliot's Woodpecker (Elliot's),Elliot's Woodpecker (Elliot's)
ellwoo3,Elliot's Woodpecker (Johnston's),Elliot's Woodpecker (Johnston's)
ligwoo3,Little Grey Woodpecker,Little Gray Woodpecker
spbwoo2,Speckle-breasted Woodpecker,Speckle-breasted Woodpecker
carwoo1,Cardinal Woodpecker,Cardinal Woodpecker
stiwoo1,Stierling's Woodpecker,Stierling's Woodpecker
brbwoo1,Brown-backed Woodpecker,Brown-backed Woodpecker
grywoo1,African Grey Woodpecker,African Gray Woodpecker
afgwoo2,African Grey Woodpecker (Sahel),African Gray Woodpecker (Sahel)
afgwoo1,African Grey Woodpecker (Grey),African Gray Woodpecker (Gray)
gyhwoo1,Eastern Grey Woodpecker,Mountain Gray Woodpecker
oliwoo2,Olive Woodpecker,Olive Woodpecker
oliwoo8,Olive Woodpecker (Red-bellied),Olive Woodpecker (Red-bellied)
oliwoo9,Olive Woodpecker (Montane),Olive Woodpecker (Montane)
oliwoo10,Olive Woodpecker (Southern),Olive Woodpecker (Southern)
rubwoo1,棕腹啄木鸟,Rufous-bellied Woodpecker
fubwoo2,茶胸斑啄木鸟,Fulvous-breasted Woodpecker
frbwoo1,Freckle-breasted Woodpecker,Freckle-breasted Woodpecker
stbwoo4,纹胸啄木鸟,Stripe-breasted Woodpecker
okiwoo1,Okinawa Woodpecker,Okinawa Woodpecker
whbwoo1,白背啄木鸟,White-backed Woodpecker
whbwoo3,白背啄木鸟 (lilfordi),White-backed Woodpecker (Lilford's)
whbwoo9,白背啄木鸟 (广布),White-backed Woodpecker (White-backed)
whbwoo10,白背啄木鸟 (owstoni),White-backed Woodpecker (Amami)
darwoo1,黄颈啄木鸟,Darjeeling Woodpecker
grswoo,大斑啄木鸟,Great Spotted Woodpecker
grswoo3,大斑啄木鸟 (canariensis/thanneri),Great Spotted Woodpecker (Canarian)
grswoo4,大斑啄木鸟 (numidus/mauritanus),Great Spotted Woodpecker (Atlas)
grswoo2,大斑啄木鸟 (欧亚),Great Spotted Woodpecker (Great Spotted)
grswoo9,大斑啄木鸟 (poelzami),Great Spotted Woodpecker (poelzami)
grswoo12,大斑啄木鸟 (东北亚),Great Spotted Woodpecker (japonicus)
grswoo21,大斑啄木鸟 (东亚至东南亚),Great Spotted Woodpecker (cabanisi/stresemanni)
whwwoo1,白翅啄木鸟,White-winged Woodpecker
himwoo1,Himalayan Woodpecker,Himalayan Woodpecker
syrwoo1,叙利亚啄木鸟,Syrian Woodpecker
x00914,大斑啄木鸟x叙利亚啄木鸟 (杂交),Great Spotted x Syrian Woodpecker (hybrid)
y00790,大斑啄木鸟/叙利亚啄木鸟,Great Spotted/Syrian Woodpecker
sinwoo1,Sind Woodpecker,Sind Woodpecker
dendro1,未识别的Dendrocopos属啄木鸟,Dendrocopos sp.
leswoo1,小斑啄木鸟,Lesser Spotted Woodpecker
crbwoo6,红枕啄木鸟,Crimson-naped Woodpecker
y00964,黄颈啄木鸟/红枕啄木鸟,Darjeeling/Crimson-naped Woodpecker
crbwoo7,赤胸啄木鸟,Necklaced Woodpecker
y01278,黄颈啄木鸟/赤胸啄木鸟,Darjeeling/Necklaced Woodpecker
crbwoo3,红枕啄木鸟/赤胸啄木鸟,Crimson-naped/Necklaced Woodpecker
dowwoo,Downy Woodpecker,Downy Woodpecker
dowwoo1,Downy Woodpecker (Eastern),Downy Woodpecker (Eastern)
dowwoo2,Downy Woodpecker (Rocky Mts.),Downy Woodpecker (Rocky Mts.)
dowwoo3,Downy Woodpecker (Pacific),Downy Woodpecker (Pacific)
nutwoo,Nuttall's Woodpecker,Nuttall's Woodpecker
x00662,Downy x Nuttall's Woodpecker (hybrid),Downy x Nuttall's Woodpecker (hybrid)
labwoo,Ladder-backed Woodpecker,Ladder-backed Woodpecker
x00801,Downy x Ladder-backed Woodpecker (hybrid),Downy x Ladder-backed Woodpecker (hybrid)
x00620,Nuttall's x Ladder-backed Woodpecker (hybrid),Nuttall's x Ladder-backed Woodpecker (hybrid)
y01076,Downy/Ladder-backed Woodpecker,Downy/Ladder-backed Woodpecker
y00965,Nuttall's/Ladder-backed Woodpecker,Nuttall's/Ladder-backed Woodpecker
recwoo,Red-cockaded Woodpecker,Red-cockaded Woodpecker
haiwoo,Hairy Woodpecker,Hairy Woodpecker
haiwoo2,Hairy Woodpecker (Eastern),Hairy Woodpecker (Eastern)
haiwoo1,Hairy Woodpecker (Pacific),Hairy Woodpecker (Pacific)
haiwoo5,Hairy Woodpecker (Rocky Mts.),Hairy Woodpecker (Rocky Mts.)
haiwoo4,Hairy Woodpecker (South Mexican),Hairy Woodpecker (South Mexican)
haiwoo3,Hairy Woodpecker (Costa Rican),Hairy Woodpecker (Costa Rican)
x00803,Downy x Hairy Woodpecker (hybrid),Downy x Hairy Woodpecker (hybrid)
x00663,Nuttall's x Hairy Woodpecker (hybrid),Nuttall's x Hairy Woodpecker (hybrid)
x00802,Ladder-backed x Hairy Woodpecker (hybrid),Ladder-backed x Hairy Woodpecker (hybrid)
y00322,Downy/Hairy Woodpecker,Downy/Hairy Woodpecker
whhwoo,White-headed Woodpecker,White-headed Woodpecker
x01053,Hairy x White-headed Woodpecker (hybrid),Hairy x White-headed Woodpecker (hybrid)
smbwoo1,Smoky-brown Woodpecker,Smoky-brown Woodpecker
strwoo,Strickland's Woodpecker,Strickland's Woodpecker
y01371,Hairy/Strickland's Woodpecker,Hairy/Strickland's Woodpecker
ariwoo,Arizona Woodpecker,Arizona Woodpecker
y01360,Hairy/Arizona Woodpecker,Hairy/Arizona Woodpecker
rerwoo1,Red-rumped Woodpecker,Red-rumped Woodpecker
gocwoo2,Golden-collared Woodpecker,Golden-collared Woodpecker
whswoo2,White-spotted Woodpecker,White-spotted Woodpecker
chewoo3,Checkered Woodpecker,Checkered Woodpecker
strwoo6,Striped Woodpecker,Striped Woodpecker
strwoo16,Striped Woodpecker (Bolivian),Striped Woodpecker (Bolivian)
strwoo17,Striped Woodpecker (Striped),Striped Woodpecker (Striped)
blcwoo3,Blood-colored Woodpecker,Blood-colored Woodpecker
litwoo2,Little Woodpecker,Little Woodpecker
x01020,Blood-colored x Little Woodpecker (hybrid),Blood-colored x Little Woodpecker (hybrid)
dofwoo1,Dot-fronted Woodpecker,Dot-fronted Woodpecker
scbwoo3,Scarlet-backed Woodpecker,Scarlet-backed Woodpecker
yevwoo1,Yellow-vented Woodpecker,Yellow-vented Woodpecker
babwoo2,Bar-bellied Woodpecker,Bar-bellied Woodpecker
reswoo1,Red-stained Woodpecker,Red-stained Woodpecker
y00871,Little/Red-stained Woodpecker,Little/Red-stained Woodpecker
chowoo1,Choco Woodpecker,Choco Woodpecker
yeewoo1,Yellow-eared Woodpecker,Yellow-eared Woodpecker
venili2,Veniliornis sp.,Veniliornis sp.
marwoo1,Maroon Woodpecker,Maroon Woodpecker
baywoo1,黄嘴栗啄木鸟,Bay Woodpecker
orbwoo1,Orange-backed Woodpecker,Orange-backed Woodpecker
grefla1,大金背啄木鸟,Greater Flameback
grefla4,Malabar Flameback,Malabar Flameback
y01245,Greater/Malabar Flameback,Greater/Malabar Flameback
javfla1,Javan Flameback,Javan Flameback
luzfla1,Luzon Flameback,Luzon Flameback
yeffla1,Yellow-faced Flameback,Yellow-faced Flameback
busfla1,Buff-spotted Flameback,Buff-spotted Flameback
rehfla1,Red-headed Flameback,Red-headed Flameback
crbfla1,Crimson-backed Flameback,Crimson-backed Flameback
whnwoo1,White-naped Woodpecker,White-naped Woodpecker
powwoo1,Powerful Woodpecker,Powerful Woodpecker
crbwoo1,Crimson-bellied/Splendid Woodpecker,Crimson-bellied Woodpecker
crbwoo4,Splendid Woodpecker,Crimson-bellied Woodpecker (Splendid)
crbwoo5,Crimson-bellied Woodpecker,Crimson-bellied Woodpecker (Crimson-bellied)
renwoo1,Red-necked Woodpecker,Red-necked Woodpecker
robwoo1,Robust Woodpecker,Robust Woodpecker
crcwoo1,Crimson-crested Woodpecker,Crimson-crested Woodpecker
pabwoo1,Pale-billed Woodpecker,Pale-billed Woodpecker
guawoo2,Guayaquil Woodpecker,Guayaquil Woodpecker
crbwoo2,Cream-backed Woodpecker,Cream-backed Woodpecker
x00854,Crimson-crested x Cream-backed Woodpecker (hybrid),Crimson-crested x Cream-backed Woodpecker (hybrid)
magwoo1,Magellanic Woodpecker,Magellanic Woodpecker
ivbwoo,Ivory-billed Woodpecker,Ivory-billed Woodpecker
ivbwoo3,Ivory-billed Woodpecker (Northern),Ivory-billed Woodpecker (Northern)
ivbwoo4,Ivory-billed Woodpecker (Cuban),Ivory-billed Woodpecker (Cuban)
impwoo1,Imperial Woodpecker,Imperial Woodpecker
campep1,Campephilus sp.,Campephilus sp.
rufwoo2,栗啄木鸟,Rufous Woodpecker
bunwoo1,Buff-necked Woodpecker,Buff-necked Woodpecker
burwoo1,Buff-rumped Woodpecker,Buff-rumped Woodpecker
burwoo3,Zebra Woodpecker,Zebra Woodpecker
babwoo3,Black-and-buff Woodpecker,Black-and-buff Woodpecker
pahwoo1,竹啄木鸟,Pale-headed Woodpecker
bamwoo1,Bamboo Woodpecker,Bamboo Woodpecker
x00805,Pale-headed x Bamboo Woodpecker (hybrid),Pale-headed x Bamboo Woodpecker (hybrid)
olbwoo2,Olive-backed Woodpecker,Olive-backed Woodpecker
himfla1,喜山金背啄木鸟,Himalayan Flameback
comfla1,金背三趾啄木鸟,Common Flameback
y00737,大金背啄木鸟/金背三趾啄木鸟,Greater/Common Flameback
y01279,Malabar/Common Flameback,Malabar/Common Flameback
y01090,喜山金背啄木鸟/金背三趾啄木鸟,Himalayan/Common Flameback
sptfla1,Spot-throated Flameback,Spot-throated Flameback
bkrfla1,小金背啄木鸟,Black-rumped Flameback
bkrfla2,Red-backed Flameback,Red-backed Flameback
bkrfla3,Black-rumped x Red-backed Flameback (hybrid),Black-rumped x Red-backed Flameback (hybrid)
blrfla1,Black-rumped/Red-backed Flameback,Black-rumped/Red-backed Flameback
flameb1,未识别的Chrysocolaptes/Dinopium属金背啄木鸟,flameback sp.
lesyel1,黄冠啄木鸟,Lesser Yellownape
lesyel12,黄冠啄木鸟 (喜山),Lesser Yellownape (Himalayan)
lesyel13,黄冠啄木鸟 (chlorigaster/wellsi),Lesser Yellownape (Indian)
lesyel11,黄冠啄木鸟 (华南),Lesser Yellownape (Chinese)
lesyel14,黄冠啄木鸟 (rodgeri/vanheysti),Lesser Yellownape (Sunda)
crwwoo1,Crimson-winged Woodpecker,Crimson-winged Woodpecker
sttwoo1,鳞喉绿啄木鸟,Streak-throated Woodpecker
scbwoo1,鳞腹绿啄木鸟,Scaly-bellied Woodpecker
recwoo2,红颈绿啄木鸟,Red-collared Woodpecker
stbwoo3,Streak-breasted Woodpecker,Streak-breasted Woodpecker
lacwoo1,花腹绿啄木鸟,Laced Woodpecker
y01034,Streak-breasted/Laced Woodpecker,Streak-breasted/Laced Woodpecker
japwoo1,Japanese Green Woodpecker,Japanese Woodpecker
gyfwoo1,灰头绿啄木鸟,Gray-headed Woodpecker
gyhwoo2,灰头绿啄木鸟 (灰头),Gray-headed Woodpecker (Gray-headed)
gyhwoo3,灰头绿啄木鸟 (黑枕),Gray-headed Woodpecker (Black-naped)
gyhwoo4,灰头绿啄木鸟 (dedemi),Gray-headed Woodpecker (Sumatran)
blhwoo1,Black-headed Woodpecker,Black-headed Woodpecker
levwoo1,Levaillant's Woodpecker,Levaillant's Woodpecker
eugwoo2,European Green Woodpecker,Eurasian Green Woodpecker
grnwoo2,European Green Woodpecker (Eurasian),Eurasian Green Woodpecker (Eurasian)
grnwoo4,European Green Woodpecker (Mesopotamian),Eurasian Green Woodpecker (Mesopotamian)
x00855,Grey-headed x European Green Woodpecker (hybrid),Gray-headed x Eurasian Green Woodpecker (hybrid)
y01262,Grey-headed/Eurasian Green Woodpecker,Gray-headed/Eurasian Green Woodpecker
grnwoo3,Iberian Green Woodpecker,Iberian Green Woodpecker
eugwoo1,European x Iberian Green Woodpecker (hybrid),Eurasian x Iberian Green Woodpecker (hybrid)
grnwoo1,European/Iberian Green Woodpecker,Eurasian/Iberian Green Woodpecker
picus1,未识别的Picus属绿啄木鸟,Picus sp.
banwoo2,Banded Woodpecker,Banded Woodpecker
greyel1,大黄冠啄木鸟,Greater Yellownape
y00736,黄冠啄木鸟/大黄冠啄木鸟,Lesser/Greater Yellownape
chtwoo1,Checker-throated Woodpecker,Checker-throated Woodpecker
chtwoo2,Checker-throated Woodpecker (Checker-throated),Checker-throated Woodpecker (Checker-throated)
chtwoo3,Checker-throated Woodpecker (Javan),Checker-throated Woodpecker (Javan)
growoo1,Ground Woodpecker,Ground Woodpecker
brewoo1,Brown-eared Woodpecker,Brown-eared Woodpecker
bnewoo1,Brown-eared Woodpecker (Western),Brown-eared Woodpecker (Western)
bnewoo2,Brown-eared Woodpecker (Carol's),Brown-eared Woodpecker (Carol's)
buswoo1,Buff-spotted Woodpecker,Buff-spotted Woodpecker
tulwoo2,Tullberg's Woodpecker,Tullberg's Woodpecker
tulwoo3,Fine-banded Woodpecker,Fine-banded Woodpecker
grbwoo2,Little Green/Little Spotted Woodpecker,Green-backed Woodpecker
ligwoo1,Little Green Woodpecker (maculosa),Green-backed Woodpecker (Little Green)
gnbwoo1,Little Green Woodpecker (permista),Green-backed Woodpecker (Plain-backed)
gnbwoo2,Little Spotted Woodpecker,Green-backed Woodpecker (Spot-backed)
nubwoo1,Nubian Woodpecker,Nubian Woodpecker
fiswoo1,Fine-spotted Woodpecker,Fine-spotted Woodpecker
benwoo1,Bennett's Woodpecker,Bennett's Woodpecker
benwoo2,Bennett's Woodpecker (Bennett's),Bennett's Woodpecker (Bennett's)
benwoo3,Bennett's Woodpecker (Light-spotted),Bennett's Woodpecker (Light-spotted)
reiwoo1,Speckle-throated Woodpecker,Speckle-throated Woodpecker
knywoo1,Knysna Woodpecker,Knysna Woodpecker
gotwoo1,Golden-tailed Woodpecker,Golden-tailed Woodpecker
gotwoo2,Golden-tailed Woodpecker (Streak-backed),Golden-tailed Woodpecker (Streak-backed)
gotwoo3,Golden-tailed Woodpecker (Golden-tailed),Golden-tailed Woodpecker (Golden-tailed)
momwoo1,Mombasa Woodpecker,Mombasa Woodpecker
ashwoo1,Ashy Woodpecker,Ashy Woodpecker
soowoo1,Northern Sooty Woodpecker,Northern Sooty-Woodpecker
sousow1,Southern Sooty Woodpecker,Southern Sooty-Woodpecker
grswoo1,大灰啄木鸟,Great Slaty Woodpecker
linwoo1,Lineated Woodpecker,Lineated Woodpecker
linwoo7,Lineated Woodpecker (Lineated),Lineated Woodpecker (Lineated)
linwoo8,Lineated Woodpecker (Dusky-winged),Lineated Woodpecker (Dusky-winged)
y00679,Campephilus sp./Lineated Woodpecker,Campephilus sp./Lineated Woodpecker
pilwoo,Pileated Woodpecker,Pileated Woodpecker
blbwoo3,Black-bodied Woodpecker,Black-bodied Woodpecker
x00804,Lineated x Black-bodied Woodpecker (hybrid),Lineated x Black-bodied Woodpecker (hybrid)
whbwoo2,白腹黑啄木鸟,White-bellied Woodpecker
andwoo1,Andaman Woodpecker,Andaman Woodpecker
blawoo1,黑啄木鸟,Black Woodpecker
dryoco1,未识别的Dryocopus属黑啄木鸟,Dryocopus sp.
cinwoo1,Cinnamon Woodpecker,Cinnamon Woodpecker
rinwoo1,Ringed Woodpecker,Ringed Woodpecker
rinwoo2,Ringed Woodpecker (Ringed),Ringed Woodpecker (Ringed)
rinwoo3,Ringed Woodpecker (Amazonian Black-breasted),Ringed Woodpecker (Amazonian Black-breasted)
rinwoo4,Ringed Woodpecker (Atlantic Black-breasted),Ringed Woodpecker (Atlantic Black-breasted)
helwoo1,Helmeted Woodpecker,Helmeted Woodpecker
chcwoo1,Chestnut-colored Woodpecker,Chestnut-colored Woodpecker
wavwoo5,Waved Woodpecker,Waved Woodpecker
scbwoo5,Waved Woodpecker (Scale-breasted),Waved Woodpecker (Scale-breasted)
wavwoo1,Waved Woodpecker (Waved),Waved Woodpecker (Waved)
crcwoo2,Cream-colored Woodpecker,Cream-colored Woodpecker
ruhwoo1,Rufous-headed Woodpecker,Rufous-headed Woodpecker
caawoo1,Kaempfer's Woodpecker,Kaempfer's Woodpecker
blcwoo5,Ochre-backed Woodpecker,Ochre-backed Woodpecker
chewoo2,Chestnut Woodpecker,Chestnut Woodpecker
pacwoo1,Pale-crested Woodpecker,Pale-crested Woodpecker
blcwoo4,Blond-crested Woodpecker,Blond-crested Woodpecker
blcwoo2,Ochre-backed/Blond-crested Woodpecker,Ochre-backed/Blond-crested Woodpecker
celeus1,Celeus sp.,Celeus sp.
ruwwoo1,Rufous-winged Woodpecker,Rufous-winged Woodpecker
stcwoo1,Stripe-cheeked Woodpecker,Stripe-cheeked Woodpecker
whtwoo2,White-throated Woodpecker,White-throated Woodpecker
litwoo1,Lita Woodpecker,Lita Woodpecker
yetwoo1,Yellow-throated Woodpecker,Yellow-throated Woodpecker
yetwoo3,Yellow-throated Woodpecker (Red-moustached),Yellow-throated Woodpecker (Red-moustached)
yetwoo4,Yellow-throated Woodpecker (Yellow-faced),Yellow-throated Woodpecker (Yellow-faced)
yetwoo5,Yellow-throated Woodpecker (Red-throated),Yellow-throated Woodpecker (Red-throated)
gogwoo1,Golden-green Woodpecker,Golden-green Woodpecker
gogwoo2,Golden-green Woodpecker (Gold-throated),Golden-green Woodpecker (Gold-throated)
gogwoo3,Golden-green Woodpecker (Bar-throated),Golden-green Woodpecker (Bar-throated)
gogwoo4,Golden-green Woodpecker (Belem),Golden-green Woodpecker (Belem)
gogwoo5,Golden-green Woodpecker (Spot-throated),Golden-green Woodpecker (Spot-throated)
gogwoo6,Golden-green Woodpecker (Golden-green),Golden-green Woodpecker (Golden-green)
gogwoo7,Golden-green Woodpecker (Atlantic),Golden-green Woodpecker (Atlantic)
whbwoo7,Yellow-browed Woodpecker,White-browed Woodpecker
piculu1,Piculus sp.,Piculus sp.
goowoo1,Golden-olive Woodpecker/Bronze-winged Woodpecker,Golden-olive Woodpecker
goowoo3,Bronze-winged Woodpecker,Golden-olive Woodpecker (Bronze-winged)
goowoo2,Golden-olive Woodpecker (Golden-olive),Golden-olive Woodpecker (Golden-olive)
goowoo4,Golden-olive Woodpecker (rubripileus),Golden-olive Woodpecker (rubripileus)
grcwoo1,Grey-crowned Woodpecker,Gray-crowned Woodpecker
crmwoo2,Crimson-mantled Woodpecker,Crimson-mantled Woodpecker
crmwoo1,Crimson-mantled Woodpecker (Crimson-mantled),Crimson-mantled Woodpecker (Crimson-mantled)
crmwoo3,Crimson-mantled Woodpecker (Black-crowned),Crimson-mantled Woodpecker (Black-crowned)
blnwoo1,Black-necked Woodpecker,Black-necked Woodpecker
spbwoo1,Spot-breasted Woodpecker,Spot-breasted Woodpecker
grbwoo3,Green-barred Woodpecker,Green-barred Woodpecker
gnbwoo3,Green-barred Woodpecker (Green-barred),Green-barred Woodpecker (Green-barred)
gnbwoo4,Green-barred Woodpecker (Golden-breasted),Green-barred Woodpecker (Golden-breasted)
norfli,Northern Flicker,Northern Flicker
norfli2,Northern Flicker (Cuban),Northern Flicker (Cuban)
norfli3,Northern Flicker (Grand Cayman I.),Northern Flicker (Grand Cayman I.)
yesfli,Northern Flicker (Yellow-shafted),Northern Flicker (Yellow-shafted)
resfli,Northern Flicker (Red-shafted),Northern Flicker (Red-shafted)
rxyfli,Northern Flicker (Yellow-shafted x Red-shafted),Northern Flicker (Yellow-shafted x Red-shafted)
norfli1,Guatemalan Flicker,Guatemalan Flicker
gilfli,Gilded Flicker,Gilded Flicker
x00924,Northern x Gilded Flicker (hybrid),Northern x Gilded Flicker (hybrid)
y00323,Northern/Gilded Flicker,Northern/Gilded Flicker
berfli1,Bermuda Flicker,Bermuda Flicker
ferfli1,Fernandina's Flicker,Fernandina's Flicker
chifli1,Chilean Flicker,Chilean Flicker
andfli1,Andean Flicker,Andean Flicker
andfli2,Andean Flicker (Northern),Andean Flicker (Northern)
andfli3,Andean Flicker (Southern),Andean Flicker (Southern)
camfli1,Campo Flicker,Campo Flicker
camfli2,Campo Flicker (Campo),Campo Flicker (Campo)
camfli3,Campo Flicker (Field),Campo Flicker (Field)
camfli4,Campo Flicker (Campo x Field),Campo Flicker (Campo x Field)
colapt1,Colaptes sp.,Colaptes sp.
woodpe1,未识别的啄木鸟类,woodpecker sp.
relser1,Red-legged Seriema,Red-legged Seriema
bllser1,Black-legged Seriema,Black-legged Seriema
laufal1,Laughing Falcon,Laughing Falcon
buffal1,Buckley's Forest Falcon,Buckley's Forest-Falcon
coffal1,Collared Forest Falcon,Collared Forest-Falcon
sbffal1,Slaty-backed Forest Falcon,Slaty-backed Forest-Falcon
baffal1,Barred Forest Falcon,Barred Forest-Falcon
cryfof1,Cryptic Forest Falcon,Cryptic Forest-Falcon
plffal1,Plumbeous Forest Falcon,Plumbeous Forest-Falcon
y00872,Barred/Plumbeous Forest Falcon,Barred/Plumbeous Forest-Falcon
liffal1,Lined Forest Falcon,Lined Forest-Falcon
y00689,Barred/Lined Forest Falcon,Barred/Lined Forest-Falcon
forest1,forest falcon sp.,forest-falcon sp.
spwfal2,Spot-winged Falconet,Spot-winged Falconet
guacar2,Guadalupe Caracara,Guadalupe Caracara
y00678,Crested Caracara,Crested Caracara
crecar1,Crested Caracara (Northern),Crested Caracara (Northern)
soucar1,Crested Caracara (Southern),Crested Caracara (Southern)
retcar2,Red-throated Caracara,Red-throated Caracara
yehcar1,Yellow-headed Caracara,Yellow-headed Caracara
blacar1,Black Caracara,Black Caracara
chicar1,Chimango Caracara,Chimango Caracara
carcar1,Carunculated Caracara,Carunculated Caracara
moucar1,Mountain Caracara,Mountain Caracara
whtcar1,White-throated Caracara,White-throated Caracara
y01280,Mountain/White-throated Caracara,Mountain/White-throated Caracara
strcar1,Striated Caracara,Striated Caracara
pygfal1,Pygmy Falcon,Pygmy Falcon
phifal1,Philippine Falconet,Philippine Falconet
piefal2,白腿小隼,Pied Falconet
colfal1,红腿小隼,Collared Falconet
bltfal1,Black-thighed Falconet,Black-thighed Falconet
whffal1,White-fronted Falconet,White-fronted Falconet
whrfal1,White-rumped Falcon,White-rumped Falcon
leskes1,黄爪隼,Lesser Kestrel
eurkes,红隼,Eurasian Kestrel
eurkes2,红隼 (欧亚),Eurasian Kestrel (Eurasian)
eurkes3,红隼 (canariensis/dacotiae),Eurasian Kestrel (Canary Is.)
eurkes4,红隼 (neglectus/alexandri),Eurasian Kestrel (Cape Verde)
eurkes5,红隼 (rufescens),Eurasian Kestrel (Rufescent)
y00613,黄爪隼/红隼,Lesser/Eurasian Kestrel
eurkes1,Rock Kestrel,Rock Kestrel
y01292,Lesser/Rock Kestrel,Lesser/Rock Kestrel
y00933,Common/Rock Kestrel,Eurasian/Rock Kestrel
madkes1,Malagasy Kestrel,Malagasy Kestrel
maukes1,Mauritius Kestrel,Mauritius Kestrel
seykes1,Seychelles Kestrel,Seychelles Kestrel
reukes1,Reunion Kestrel,Reunion Kestrel
spokes1,Spotted Kestrel,Spotted Kestrel
auskes1,Nankeen Kestrel,Nankeen Kestrel
grekes1,Greater Kestrel,Greater Kestrel
amekes,American Kestrel,American Kestrel
amekes1,American Kestrel (Northern),American Kestrel (Northern)
amekes7,American Kestrel (Southeastern),American Kestrel (Southeastern)
amekes3,American Kestrel (Eastern Caribbean),American Kestrel (Eastern Caribbean)
amekes4,American Kestrel (Hispaniolan),American Kestrel (Hispaniolan)
amekes5,American Kestrel (Cuban),American Kestrel (Cuban)
amekes2,American Kestrel (South American),American Kestrel (South American)
amekes6,American Kestrel (Juan Fernandez),American Kestrel (Juan Fernandez)
foxkes1,Fox Kestrel,Fox Kestrel
grykes1,Grey Kestrel,Gray Kestrel
dickes1,Dickinson's Kestrel,Dickinson's Kestrel
bankes1,Banded Kestrel,Banded Kestrel
renfal1,红头隼,Red-necked Falcon
renfal2,红头隼 (亚洲),Red-necked Falcon (Asian)
renfal3,红头隼 (非洲),Red-necked Falcon (African)
reffal1,西红脚隼,Red-footed Falcon
amufal1,红脚隼 (阿穆尔隼),Amur Falcon
y01111,西红脚隼/红脚隼,Red-footed/Amur Falcon
elefal1,Eleonora's Falcon,Eleonora's Falcon
soofal1,Sooty Falcon,Sooty Falcon
merlin,灰背隼,Merlin
merlin1,灰背隼 (欧亚),Merlin (Eurasian)
merlin2,灰背隼 (草原，淡色),Merlin (Pallid)
taimer1,灰背隼 (columbarius),Merlin (Taiga)
pramer1,灰背隼 (richardsonii),Merlin (Prairie)
blkmer1,灰背隼 (suckleyi),Merlin (Black)
eurhob,燕隼,Eurasian Hobby
y00402,红脚隼/燕隼,Amur Falcon/Eurasian Hobby
afrhob1,African Hobby,African Hobby
y01361,Eurasian/African Hobby,Eurasian/African Hobby
orihob1,猛隼,Oriental Hobby
aushob1,Australian Hobby,Australian Hobby
y01362,Oriental/Australian Hobby,Oriental/Australian Hobby
nezfal1,New Zealand Falcon,New Zealand Falcon
brofal1,Brown Falcon,Brown Falcon
gryfal1,Grey Falcon,Gray Falcon
blafal1,Black Falcon,Black Falcon
aplfal,Aplomado Falcon,Aplomado Falcon
batfal1,Bat Falcon,Bat Falcon
orbfal1,Orange-breasted Falcon,Orange-breasted Falcon
lanfal1,Lanner Falcon,Lanner Falcon
lagfal1,Laggar Falcon,Laggar Falcon
sakfal1,猎隼,Saker Falcon
gyrfal,矛隼,Gyrfalcon
perfal,游隼,Peregrine Falcon
perfal1,游隼 (anatum),Peregrine Falcon (North American)
tupfal1,游隼 (苔原),Peregrine Falcon (Tundra)
pepfal1,游隼 (pealei),Peregrine Falcon (Peale's)
perfal2,游隼 (cassini),Peregrine Falcon (South American)
perfal4,游隼 (欧亚),Peregrine Falcon (Eurasian)
perfal3,游隼 (brookei),Peregrine Falcon (Mediterranean)
barfal1,游隼 (西方红枕，拟游隼),Peregrine Falcon (Barbary)
perfal5,游隼 (madens),Peregrine Falcon (Cape Verde)
perfal8,游隼 (中亚红枕，拟游隼),Peregrine Falcon (Red-capped)
perfal6,游隼 (minor),Peregrine Falcon (African)
perfal7,游隼 (radama),Peregrine Falcon (Malagasy)
perfal9,游隼 (红腹),Peregrine Falcon (Shaheen)
perfal10,游隼 (ernesti/nesiotes),Peregrine Falcon (Indo-Pacific)
perfal20,游隼 (macropus),Peregrine Falcon (Australian)
prafal,Prairie Falcon,Prairie Falcon
x00698,Peregrine x Prairie Falcon (hybrid),Peregrine x Prairie Falcon (hybrid)
taifal1,Taita Falcon,Taita Falcon
larfal,未识别的Falco属大型隼,large falcon sp.
smafal,未识别的Falco属小型隼,small falcon sp.
falcon,未识别的Falco属隼,falcon sp.
diurap1,未识别的鹰隼类,diurnal raptor sp.
kea1,Kea,Kea
noikak1,Norfolk Kaka,Norfolk Island Kaka
nezkak1,New Zealand Kaka,New Zealand Kaka
kakapo2,Kakapo,Kakapo
ytbcoc1,Yellow-tailed Black Cockatoo,Yellow-tailed Black-Cockatoo
slbblc1,Carnaby's Black Cockatoo,Carnaby's Black-Cockatoo
whtblc1,Baudin's Black Cockatoo,Baudin's Black-Cockatoo
rtbcoc1,Red-tailed Black Cockatoo,Red-tailed Black-Cockatoo
glbcoc1,Glossy Black Cockatoo,Glossy Black-Cockatoo
blackc2,black cockatoo sp.,black-cockatoo sp.
cockat,玄凤鹦鹉 (鸡尾鹦鹉),Cockatiel
cockat1,玄凤鹦鹉 (驯养型),Cockatiel (Domestic type)
palcoc1,Palm Cockatoo,Palm Cockatoo
gagcoc1,Gang-gang Cockatoo,Gang-gang Cockatoo
galah,Galah,Galah
pincoc1,Pink Cockatoo,Pink Cockatoo
phicoc1,Red-vented Cockatoo,Philippine Cockatoo
tancoc1,Tanimbar Corella,Tanimbar Corella
duccoc1,Solomons Corella,Solomons Corella
wescor1,Western Corella,Western Corella
litcor2,Little Corella,Little Corella
x00953,Galah x Little Corella (hybrid),Galah x Little Corella (hybrid)
lobcor1,Long-billed Corella,Long-billed Corella
x00806,Little x Long-billed Corella (hybrid),Little x Long-billed Corella (hybrid)
corell1,corella sp.,corella sp.
whicoc1,White Cockatoo,White Cockatoo
blecoc1,Blue-eyed Cockatoo,Blue-eyed Cockatoo
saccoc,Salmon-crested Cockatoo,Salmon-crested Cockatoo
x00404,White x Salmon-crested Cockatoo (hybrid),White x Salmon-crested Cockatoo (hybrid)
yeccoc1,小葵花凤头鹦鹉,Yellow-crested Cockatoo
x00403,Tanimbar Corella x Yellow-crested Cockatoo (hybrid),Tanimbar Corella x Yellow-crested Cockatoo (hybrid)
yeccoc5,Citron-crested Cockatoo,Citron-crested Cockatoo
succoc,葵花凤头鹦鹉,Sulphur-crested Cockatoo
x00920,Little Corella x Sulphur-crested Cockatoo (hybrid),Little Corella x Sulphur-crested Cockatoo (hybrid)
x01193,Long-billed Corella x Sulphur-crested Cockatoo (hybrid),Long-billed Corella x Sulphur-crested Cockatoo (hybrid)
cacatu1,未识别的凤头鹦鹉,corella/white cockatoo sp.
pespar1,Pesquet's Parrot,Pesquet's Parrot
vaspar1,Greater Vasa Parrot,Greater Vasa Parrot
blapar1,Lesser Vasa Parrot,Lesser Vasa Parrot
y00873,Greater/Lesser Vasa Parrot,Greater/Lesser Vasa Parrot
levpar1,Comoro Black Parrot,Comoro Black Parrot
y01218,Greater Vasa/Comoro Black Parrot,Greater Vasa/Comoro Black Parrot
seypar1,Seychelles Black Parrot,Seychelles Parrot
ycppar1,Yellow-capped Pygmy Parrot,Yellow-capped Pygmy-Parrot
geppar1,Geelvink Pygmy Parrot,Geelvink Pygmy-Parrot
bfppar1,Buff-faced Pygmy Parrot,Buff-faced Pygmy-Parrot
rbppar1,Red-breasted Pygmy Parrot,Red-breasted Pygmy-Parrot
meppar1,Meek's Pygmy Parrot,Meek's Pygmy-Parrot
fippar1,Finsch's Pygmy Parrot,Finsch's Pygmy-Parrot
pygmyp1,pygmy parrot sp.,pygmy-parrot sp.
suppar1,Superb Parrot,Superb Parrot
regpar1,Regent Parrot,Regent Parrot
alepar1,Princess Parrot,Princess Parrot
aukpar1,Australian King Parrot,Australian King-Parrot
mokpar1,Moluccan King Parrot,Moluccan King-Parrot
pakpar1,Papuan King Parrot,Papuan King-Parrot
olspar1,Jonquil Parrot,Olive-shouldered Parrot
rewpar1,Red-winged Parrot,Red-winged Parrot
x00954,Australian King x Red-winged Parrot (hybrid),Australian King-Parrot x Red-winged Parrot (hybrid)
burtai1,Buru Racket-tail,Buru Racquet-tail
gmrtai1,Golden-mantled Racket-tail,Golden-mantled Racquet-tail
mirtai1,Mindanao Racket-tail,Mindanao Racquet-tail
luzrat1,Montane Racket-tail,Luzon Racquet-tail
bhrtai1,Blue-headed Racket-tail,Blue-headed Racquet-tail
minrat1,Mindoro Racket-tail,Mindoro Racquet-tail
bwrtai1,Blue-winged Racket-tail,Blue-winged Racquet-tail
yebrat1,Yellow-breasted Racket-tail,Yellow-breasted Racquet-tail
grrtai1,Green Racket-tail,Green Racquet-tail
bcrtai1,Blue-crowned Racket-tail,Blue-crowned Racquet-tail
bucrat1,Blue-crowned Racket-tail (Blue-crowned),Blue-crowned Racquet-tail (Blue-crowned)
bucrat2,Blue-crowned Racket-tail (Blue-capped),Blue-crowned Racquet-tail (Blue-capped)
racque1,racquet-tail sp.,racquet-tail sp.
eclpar1,Moluccan Eclectus,Moluccan Eclectus
eclpar2,Sumba Eclectus,Sumba Eclectus
eclpar3,Tanimbar Eclectus,Tanimbar Eclectus
eclpar4,Papuan Eclectus,Papuan Eclectus
ocepar1,Oceanic Eclectus,Oceanic Eclectus
eclpar,红胁绿鹦鹉种组,eclectus sp.
recpar2,Red-cheeked Parrot,Red-cheeked Parrot
blcpar3,Blue-collared Parrot,Blue-collared Parrot
sinpar1,Song Parrot,Singing Parrot
sinpar2,Song Parrot (Northern),Singing Parrot (Northern)
sinpar3,Song Parrot (Rennell),Singing Parrot (Rennell)
blrpar1,蓝腰鹦鹉,Blue-rumped Parrot
burpar5,Simeulue Parrot,Simeulue Parrot
maspar1,Mascarene Parrot,Mascarene Parrot
alepar2,亚历山大鹦鹉,Alexandrine Parakeet
seypar2,Seychelles Parakeet,Seychelles Parakeet
rorpar,红领绿鹦鹉,Rose-ringed Parakeet
y01061,亚历山大鹦鹉/红领绿鹦鹉,Alexandrine/Rose-ringed Parakeet
maupar1,Echo Parakeet,Echo Parakeet
slhpar1,青头鹦鹉,Slaty-headed Parakeet
gyhpar2,灰头鹦鹉,Gray-headed Parakeet
plhpar1,Plum-headed Parakeet,Plum-headed Parakeet
x01023,Rose-ringed x Plum-headed Parakeet (hybrid),Rose-ringed x Plum-headed Parakeet (hybrid)
x00955,Slaty-headed x Plum-headed Parakeet (hybrid),Slaty-headed x Plum-headed Parakeet (hybrid)
blhpar3,花头鹦鹉,Blossom-headed Parakeet
malpar1,Blue-winged Parakeet,Malabar Parakeet
laypar1,Layard's Parakeet,Layard's Parakeet
derpar1,大紫胸鹦鹉,Derbyan Parakeet
rebpar4,绯胸鹦鹉,Red-breasted Parakeet
nicpar1,Nicobar Parakeet,Nicobar Parakeet
newpar2,Newton's Parakeet,Newton's Parakeet
lotpar2,长尾鹦鹉,Long-tailed Parakeet
lotpar3,长尾鹦鹉 (tytleri),Long-tailed Parakeet (Andaman)
lotpar6,长尾鹦鹉 (nicobarica),Long-tailed Parakeet (Nicobar)
lotpar5,长尾鹦鹉 (longicauda/defontainei),Long-tailed Parakeet (Long-tailed)
lotpar4,长尾鹦鹉 (modesta),Long-tailed Parakeet (Enggano)
magpar1,Mascarene Grey Parakeet,Mauritius Gray Parrot
psitta1,未识别的Psittacula属鹦鹉,Psittacula sp.
brbpar3,Broad-billed Parrot,Broad-billed Parrot
rodpar1,Rodrigues Parrot,Rodrigues Parrot
patpar1,Painted Tiger Parrot,Painted Tiger-Parrot
paitip1,Painted Tiger Parrot (Snow Mountains),Painted Tiger-Parrot (Snow Mountains)
paitip2,Painted Tiger Parrot (Eastern),Painted Tiger-Parrot (Eastern)
brtpar2,Brehm's Tiger Parrot,Brehm's Tiger-Parrot
motpar1,Modest Tiger Parrot,Modest Tiger-Parrot
matpar1,Madarasz's Tiger Parrot,Madarasz's Tiger-Parrot
tigerp1,tiger parrot sp.,tiger-parrot sp.
bllpar1,Black-lored Parrot,Black-lored Parrot
grbpar1,Great-billed Parrot,Great-billed Parrot
blnpar1,Blue-naped Parrot,Blue-naped Parrot
azrpar8,Blue-backed Parrot,Blue-backed Parrot
azrpar9,Azure-rumped Parrot,Azure-rumped Parrot
azrpar1,Blue-backed/Azure-rumped Parrot,Blue-backed/Azure-rumped Parrot
gropar1,Ground Parrot,Ground Parrot
gropar2,Western Ground Parrot,Ground Parrot (Western)
gropar3,Eastern Ground Parrot,Ground Parrot (Eastern)
nigpar2,Night Parrot,Night Parrot
boupar2,Bourke's Parrot,Bourke's Parrot
blwpar3,Blue-winged Parrot,Blue-winged Parrot
elepar1,Elegant Parrot,Elegant Parrot
rocpar1,Rock Parrot,Rock Parrot
orbpar1,Orange-bellied Parrot,Orange-bellied Parrot
turpar1,Turquoise Parrot,Turquoise Parrot
sccpar1,Scarlet-chested Parrot,Scarlet-chested Parrot
neophe1,Neophema sp.,Neophema sp.
swipar1,Swift Parrot,Swift Parrot
crspar1,Crimson Shining Parrot,Crimson Shining-Parrot
respar1,Maroon Shining Parrot,Red Shining-Parrot
maspar2,Masked Shining Parrot,Masked Shining-Parrot
horpar2,Horned Parakeet,Horned Parakeet
horpar3,Ouvea Parakeet,Ouvea Parakeet
raipar1,Raiatea Parakeet,Raiatea Parakeet
blfpar2,Black-fronted Parakeet,Black-fronted Parakeet
antpar1,Antipodes Parakeet,Antipodes Parakeet
refpar4,Red-crowned Parakeet,Red-crowned Parakeet
reipar1,Reischek's Parakeet,Reischek's Parakeet
necpar1,New Caledonian Parakeet,New Caledonian Parakeet
noipar1,Norfolk/Lord Howe Parakeet,Norfolk Island Parakeet
noipar2,Norfolk Parakeet,Norfolk Island Parakeet (Norfolk I.)
noipar3,Lord Howe Parakeet,Norfolk Island Parakeet (Lord Howe I.)
yefpar3,Yellow-crowned Parakeet,Yellow-crowned Parakeet
x01054,Red-crowned x Yellow-crowned Parakeet (hybrid),Red-crowned x Yellow-crowned Parakeet (hybrid)
chipar1,Chatham Islands Parakeet,Chatham Islands Parakeet
x01100,Red-crowned x Chatham Islands Parakeet (hybrid),Red-crowned x Chatham Islands Parakeet (hybrid)
malpar2,Malherbe's Parakeet,Malherbe's Parakeet
cyanor1,Cyanoramphus sp.,Cyanoramphus sp.
polpar1,Australian Ringneck,Australian Ringneck
polpar3,Australian Ringneck (Twenty-eight),Australian Ringneck (Twenty-eight)
polpar2,Australian Ringneck (Port Lincoln),Australian Ringneck (Port Lincoln)
malrin2,Australian Ringneck (Mallee),Australian Ringneck (Mallee)
malrin3,Australian Ringneck (Cloncurry),Australian Ringneck (Cloncurry)
ausrin1,Australian Ringneck (Twenty-eight x Port Lincoln),Australian Ringneck (Twenty-eight x Port Lincoln)
ausrin2,Australian Ringneck (Port Lincoln x Mallee),Australian Ringneck (Port Lincoln x Mallee)
greros2,Green Rosella,Green Rosella
criros2,Crimson Rosella,Crimson Rosella
criros1,Crimson Rosella (Crimson),Crimson Rosella (Crimson)
yelros1,Crimson Rosella (Yellow),Crimson Rosella (Yellow)
criros3,Crimson Rosella (Crimson x Yellow),Crimson Rosella (Crimson x Yellow)
aderos1,Crimson Rosella (Adelaide),Crimson Rosella (Adelaide)
norros1,Northern Rosella,Northern Rosella
easros1,Eastern Rosella,Eastern Rosella
easros5,Eastern Rosella (Domestic type),Eastern Rosella (Domestic type)
x00807,Green x Eastern Rosella (hybrid),Green x Eastern Rosella (hybrid)
x00808,Crimson x Eastern Rosella (hybrid),Crimson x Eastern Rosella (hybrid)
pahros1,Pale-headed Rosella,Pale-headed Rosella
x00707,Eastern x Pale-headed Rosella (hybrid),Eastern x Pale-headed Rosella (hybrid)
x00956,Crimson x Pale-headed Rosella (hybrid),Crimson x Pale-headed Rosella (hybrid)
wesros1,Western Rosella,Western Rosella
rosell1,rosella sp.,rosella sp.
bluebo1,Eastern Bluebonnet,Greater Bluebonnet
bluebo2,Eastern Bluebonnet (Yellow-vented),Greater Bluebonnet (Yellow-vented)
bluebo3,Eastern Bluebonnet (Red-vented),Greater Bluebonnet (Red-vented)
bluebo4,Naretha Bluebonnet,Naretha Bluebonnet
rerpar1,Red-rumped Parrot,Red-rumped Parrot
mulpar1,Mulga Parrot,Mulga Parrot
hoopar1,Hooded Parrot,Hooded Parrot
gospar1,Golden-shouldered Parrot,Golden-shouldered Parrot
parpar2,Paradise Parrot,Paradise Parrot
recpar1,Red-capped Parrot,Red-capped Parrot
orbfip1,Dusky-cheeked Fig Parrot,Dusky-cheeked Fig-Parrot
orbfip2,Blue-fronted Fig Parrot,Blue-fronted Fig-Parrot
crbfip1,Black-fronted Fig Parrot,Black-fronted Fig-Parrot
orbfip3,Black-fronted Fig Parrot (Black-fronted),Black-fronted Fig-Parrot (Black-fronted)
orbfip4,Black-fronted Fig Parrot (Creamy-breasted),Black-fronted Fig-Parrot (Creamy-breasted)
defpar1,Double-eyed Fig Parrot,Double-eyed Fig-Parrot
doefip1,Double-eyed Fig Parrot (Double-eyed),Double-eyed Fig-Parrot (Double-eyed)
doefip2,Double-eyed Fig Parrot (Coxen's),Double-eyed Fig-Parrot (Coxen's)
lafpar1,Large Fig Parrot,Large Fig-Parrot
larfip1,Large Fig Parrot (Large),Large Fig-Parrot (Large)
larfip2,Large Fig Parrot (Yellow-naped),Large Fig-Parrot (Yellow-naped)
larfip3,Large Fig Parrot (Red-faced),Large Fig-Parrot (Red-faced)
edfpar1,Edwards's Fig Parrot,Edwards's Fig-Parrot
safpar1,Salvadori's Fig Parrot,Salvadori's Fig-Parrot
obfpar1,fig parrot sp.,fig-parrot sp.
guaiab1,Guaiabero,Guaiabero
budger,虎皮鹦鹉,Budgerigar
budger1,虎皮鹦鹉 (驯养型),Budgerigar (Domestic type)
plflor1,Plum-faced Lorikeet,Plum-faced Lorikeet
pyglor1,Pygmy Lorikeet,Pygmy Lorikeet
reflor2,Red-fronted Lorikeet,Red-fronted Lorikeet
reflor1,Red-flanked Lorikeet,Red-flanked Lorikeet
blflor1,Blue-fronted Lorikeet,Blue-fronted Lorikeet
failor1,Fairy Lorikeet,Fairy Lorikeet
strlor1,Striated Lorikeet,Striated Lorikeet
joslor1,Josephine's Lorikeet,Josephine's Lorikeet
paplor1,West Papuan Lorikeet,West Papuan Lorikeet
paplor3,Stella's Lorikeet,Stella's Lorikeet
duclor1,Duchess Lorikeet,Duchess Lorikeet
meelor1,Meek's Lorikeet,Meek's Lorikeet
neclor1,New Caledonian Lorikeet,New Caledonian Lorikeet
reclor1,Red-chinned Lorikeet,Red-chinned Lorikeet
pallor1,Palm Lorikeet,Palm Lorikeet
retlor1,Red-throated Lorikeet,Red-throated Lorikeet
collor1,Collared Lory,Collared Lory
blclor2,Blue-crowned Lorikeet,Blue-crowned Lorikeet
ultlor1,Ultramarine Lorikeet,Ultramarine Lorikeet
stelor1,Stephen's Lorikeet,Stephen's Lorikeet
kuhlor1,Kuhl's Lorikeet,Kuhl's Lorikeet
blulor1,Blue Lorikeet,Blue Lorikeet
yeblor2,Yellow-billed Lorikeet,Yellow-billed Lorikeet
orblor1,Orange-billed Lorikeet,Orange-billed Lorikeet
y00874,Yellow-billed/Orange-billed Lorikeet,Yellow-billed/Orange-billed Lorikeet
whnlor2,White-naped Lory,White-naped Lory
yeblor1,Yellow-bibbed Lory,Yellow-bibbed Lory
chalor1,Chattering Lory,Chattering Lory
punlor1,Purple-naped Lory,Purple-naped Lory
publor1,紫腹吸蜜鹦鹉,Purple-bellied Lory
blclor1,Black-capped Lory,Black-capped Lory
bkclor1,Black-capped Lory (Vogelkop),Black-capped Lory (Vogelkop)
bkclor2,Black-capped Lory (Biak),Black-capped Lory (Biak)
bkclor8,Black-capped Lory (Northern),Black-capped Lory (Northern)
bkclor6,Black-capped Lory (Southern),Black-capped Lory (Southern)
bkclor7,Black-capped Lory (Fly River),Black-capped Lory (Fly River)
varlor1,Varied Lorikeet,Varied Lorikeet
litlor1,Little Lorikeet,Little Lorikeet
puclor1,Purple-crowned Lorikeet,Purple-crowned Lorikeet
duslor1,Dusky Lory,Dusky Lory
carlor1,Cardinal Lory,Cardinal Lory
brolor1,Brown Lory,Brown Lory
blalor1,Black Lory,Black Lory
yeslor1,Yellow-streaked Lory,Yellow-streaked Lory
gollor1,Goldie's Lorikeet,Goldie's Lorikeet
muslor1,Musk Lorikeet,Musk Lorikeet
minlor1,Mindanao Lorikeet,Mindanao Lorikeet
irilor1,Iris Lorikeet,Iris Lorikeet
ornlor1,Ornate Lorikeet,Ornate Lorikeet
yaglor2,Yellow-cheeked Lorikeet,Yellow-cheeked Lorikeet
yaglor3,Sula Lorikeet,Sula Lorikeet
blslor1,Blue-streaked Lory,Blue-streaked Lory
blelor1,Blue-eared Lory,Blue-eared Lory
redlor1,Red Lory,Red Lory
blwlor1,Black-winged Lory,Black-winged Lory
rablor1,Red-and-blue Lory,Red-and-blue Lory
vinlor1,Violet-necked Lory,Violet-necked Lory
pohlor1,Pohnpei Lorikeet,Pohnpei Lorikeet
scblor1,Scaly-breasted Lorikeet,Scaly-breasted Lorikeet
railor4,Coconut Lorikeet,Coconut Lorikeet
railor6,Biak Lorikeet,Biak Lorikeet
railor5,彩虹吸蜜鹦鹉,Rainbow Lorikeet
x00809,Musk x Rainbow Lorikeet (hybrid),Musk x Rainbow Lorikeet (hybrid)
x00810,Scaly-breasted x Rainbow Lorikeet (hybrid),Scaly-breasted x Rainbow Lorikeet (hybrid)
y01035,Scaly-breasted/Rainbow Lorikeet,Scaly-breasted/Rainbow Lorikeet
x00856,lorikeet sp. (Musk/Rainbow/Scaly-breasted Lorikeet hybrid),lorikeet sp. (Musk/Rainbow/Scaly-breasted Lorikeet hybrid)
railor7,Red-collared Lorikeet,Red-collared Lorikeet
x00957,Red-collared x Rainbow Lorikeet (hybrid),Rainbow x Red-collared Lorikeet (hybrid)
y01142,Red-collared/Rainbow Lorikeet,Rainbow/Red-collared Lorikeet
olhlor1,Olive-headed Lorikeet,Olive-headed Lorikeet
railor2,Marigold Lorikeet,Marigold Lorikeet
railor8,Leaf Lorikeet,Leaf Lorikeet
railor3,Sunset Lorikeet,Sunset Lorikeet
railor1,彩虹吸蜜鹦鹉种组,rainbow lorikeet sp.
y00637,lorikeet sp.,lorikeet sp.
vehpar1,短尾鹦鹉,Vernal Hanging-Parrot
cehpar1,Sri Lanka Hanging Parrot,Sri Lanka Hanging-Parrot
phihap1,Philippine Hanging Parrot,Philippine Hanging-Parrot
camhap1,Camiguin Hanging Parrot,Camiguin Hanging-Parrot
phihap11,Black-billed Hanging Parrot,Black-billed Hanging-Parrot
bchpar1,Blue-crowned Hanging Parrot,Blue-crowned Hanging-Parrot
suhpar1,Great Hanging Parrot,Sulawesi Hanging-Parrot
sulhap1,Sula Hanging Parrot,Sula Hanging-Parrot
mohpar1,Moluccan Hanging Parrot,Moluccan Hanging-Parrot
sahpar2,Sangihe Hanging Parrot,Sangihe Hanging-Parrot
paphap1,Orange-fronted Hanging Parrot,Papuan Hanging-Parrot
gfhpar1,Bismarck Hanging Parrot,Green-fronted Hanging-Parrot
pyghap1,Pygmy Hanging Parrot,Pygmy Hanging-Parrot
ythpar1,Yellow-throated Hanging Parrot,Yellow-throated Hanging-Parrot
wahpar2,Wallace's Hanging Parrot,Wallace's Hanging-Parrot
hangin1,hanging parrot sp.,hanging-parrot sp.
blclov2,Black-collared Lovebird,Black-collared Lovebird
gyhlov1,Grey-headed Lovebird,Gray-headed Lovebird
rehlov1,Red-headed Lovebird,Red-headed Lovebird
blwlov1,Black-winged Lovebird,Black-winged Lovebird
peflov,粉脸牡丹鹦鹉,Rosy-faced Lovebird
roflov3,粉脸牡丹鹦鹉 (驯养型),Rosy-faced Lovebird (Domestic type)
fislov1,费氏牡丹鹦鹉,Fischer's Lovebird
fislov2,费氏牡丹鹦鹉 (驯养型),Fischer's Lovebird (Domestic type)
yeclov,Yellow-collared Lovebird,Yellow-collared Lovebird
yeclov1,Yellow-collared Lovebird (Domestic type),Yellow-collared Lovebird (Domestic type)
x00671,Fischer's x Yellow-collared Lovebird (hybrid),Fischer's x Yellow-collared Lovebird (hybrid)
y00791,Fischer's/Yellow-collared Lovebird,Fischer's/Yellow-collared Lovebird
lillov1,Lilian's Lovebird,Lilian's Lovebird
blclov1,Black-cheeked Lovebird,Black-cheeked Lovebird
domlov1,未识别的驯养型牡丹鹦鹉,Domestic lovebird sp. (Domestic type)
lovebi1,未识别的牡丹鹦鹉,lovebird sp.
grypar10,Timneh Parrot,Timneh Parrot
grepar,非洲灰鹦鹉,Gray Parrot
grypar2,非洲灰鹦鹉 (erithacus),Gray Parrot (Gray)
grypar11,非洲灰鹦鹉 (princeps),Gray Parrot (Principe)
y01246,Timneh/Grey Parrot,Timneh/Gray Parrot
brnpar1,Brown-necked Parrot,Brown-necked Parrot
bnnpar3,Brown-necked Parrot (Brown-necked),Brown-necked Parrot (Brown-necked)
bnnpar4,Brown-necked Parrot (Grey-headed),Brown-necked Parrot (Gray-headed)
bnnpar2,Cape Parrot,Cape Parrot
refpar5,Red-fronted Parrot,Red-fronted Parrot
refpar6,Red-fronted Parrot (Guinean),Red-fronted Parrot (Guinean)
refpar7,Red-fronted Parrot (Red-fronted),Red-fronted Parrot (Red-fronted)
meypar1,Meyer's Parrot,Meyer's Parrot
ruepar1,Rüppell's Parrot,Rüppell's Parrot
brhpar2,Brown-headed Parrot,Brown-headed Parrot
x01135,Meyer's x Brown-headed Parrot (hybrid),Meyer's x Brown-headed Parrot (hybrid)
ninpar1,Niam-niam Parrot,Niam-Niam Parrot
rebpar1,Red-bellied Parrot,Red-bellied Parrot
senpar,塞内加尔鹦鹉,Senegal Parrot
yefpar4,Yellow-fronted Parrot,Yellow-fronted Parrot
poicep1,Poicephalus sp.,Poicephalus sp.
litpar2,Lilac-tailed Parrotlet,Lilac-tailed Parrotlet
scspar1,Scarlet-shouldered Parrotlet,Scarlet-shouldered Parrotlet
refpar1,Red-fronted Parrotlet,Red-fronted Parrotlet
bufpar1,Blue-fronted Parrotlet,Blue-fronted Parrotlet
sarpar2,Sapphire-rumped Parrotlet,Sapphire-rumped Parrotlet
brbpar1,Brown-backed Parrotlet,Brown-backed Parrotlet
gotpar2,Golden-tailed Parrotlet,Golden-tailed Parrotlet
spwpar2,Spot-winged Parrotlet,Spot-winged Parrotlet
touit1,Touit sp.,Touit sp.
gyhpar1,Grey-hooded Parakeet,Gray-hooded Parakeet
moupar2,Mountain Parakeet,Mountain Parakeet
barpar1,Barred Parakeet,Barred Parakeet
rufpar1,Rufous-fronted Parakeet,Rufous-fronted Parakeet
andpar1,Andean Parakeet,Andean Parakeet
y00875,Barred/Andean Parakeet,Barred/Andean Parakeet
teppar1,Tepui Parrotlet,Tepui Parrotlet
amapar1,Manu Parrotlet,Amazonian Parrotlet
monpar,灰胸鹦哥 (和尚鹦鹉),Monk Parakeet
monpar2,Cliff Parakeet,Cliff Parakeet
y01351,Monk/Cliff Parakeet,Monk/Cliff Parakeet
tuipar1,Tui Parakeet,Tui Parakeet
plapar1,Plain Parakeet,Plain Parakeet
whwpar,White-winged Parakeet,White-winged Parakeet
yecpar,Yellow-chevroned Parakeet,Yellow-chevroned Parakeet
wwxpar1,White-winged x Yellow-chevroned Parakeet (hybrid),White-winged x Yellow-chevroned Parakeet (hybrid)
y00483,White-winged/Yellow-chevroned Parakeet,White-winged/Yellow-chevroned Parakeet
gycpar1,Grey-cheeked Parakeet,Gray-cheeked Parakeet
orcpar,Orange-chinned Parakeet,Orange-chinned Parakeet
cowpar1,Cobalt-winged Parakeet,Cobalt-winged Parakeet
gowpar2,Golden-winged Parakeet,Golden-winged Parakeet
brotog1,Brotogeris sp.,Brotogeris sp.
recpar3,Pileated Parrot,Pileated Parrot
blbpar4,Blue-bellied Parrot,Blue-bellied Parrot
rufpar2,Rusty-faced Parrot,Rusty-faced Parrot
inwpar1,Fuertes's Parrot,Indigo-winged Parrot
refpar2,Red-faced Parrot,Red-faced Parrot
blwpar1,Black-winged Parrot,Black-winged Parrot
brhpar1,Brown-hooded Parrot,Brown-hooded Parrot
rofpar2,Rose-faced Parrot,Rose-faced Parrot
sahpar1,Saffron-headed Parrot,Saffron-headed Parrot
orcpar2,Orange-cheeked Parrot,Orange-cheeked Parrot
caipar2,Caica Parrot,Caica Parrot
balpar1,Bald Parrot,Bald Parrot
vulpar1,Vulturine Parrot,Vulturine Parrot
pyrili1,Pyrilia sp.,Pyrilia sp.
duspar1,Dusky Parrot,Dusky Parrot
rebpar2,Red-billed Parrot,Red-billed Parrot
schpar1,Scaly-headed Parrot,Scaly-headed Parrot
spfpar1,White-capped/Plum-crowned Parrot,Speckle-faced Parrot
spfpar2,White-capped Parrot,Speckle-faced Parrot (White-capped)
spfpar3,Plum-crowned Parrot,Speckle-faced Parrot (Plum-crowned)
blhpar1,Blue-headed Parrot,Blue-headed Parrot
buhpar1,Blue-headed Parrot (Blue-headed),Blue-headed Parrot (Blue-headed)
buhpar2,Blue-headed Parrot (Reichenow's),Blue-headed Parrot (Reichenow's)
whcpar,White-crowned Parrot,White-crowned Parrot
brwpar1,Bronze-winged Parrot,Bronze-winged Parrot
pionus1,Pionus sp.,Pionus sp.
shtpar2,Short-tailed Parrot,Short-tailed Parrot
yefpar5,Yellow-faced Parrot,Yellow-faced Parrot
fespar1,Festive Amazon,Festive Amazon
fespar2,Festive Amazon (Northern),Festive Amazon (Northern)
fespar3,Festive Amazon (Southern),Festive Amazon (Southern)
vinpar1,Vinaceous-breasted Amazon,Vinaceous-breasted Amazon
tucpar1,Tucuman Amazon,Tucuman Amazon
respar2,Red-spectacled Amazon,Red-spectacled Amazon
recpar,Red-crowned Amazon,Red-crowned Amazon
licpar,Lilac-crowned Amazon,Lilac-crowned Amazon
x00958,Red-crowned x Lilac-crowned Amazon (hybrid),Red-crowned x Lilac-crowned Amazon (hybrid)
y01219,Red-crowned/Lilac-crowned Amazon,Red-crowned/Lilac-crowned Amazon
relpar10,Red-lored Amazon (Red-lored/Salvin's),Red-lored Amazon
relpar2,Red-lored Amazon (Red-lored),Red-lored Amazon (Red-lored)
relpar8,Red-lored Amazon (Salvin's),Red-lored Amazon (Salvin's)
x00857,Red-crowned x Red-lored Amazon (hybrid),Red-crowned x Red-lored Amazon (hybrid)
relpar9,Red-lored Amazon (Lilacine),Lilacine Amazon
relpar,Red-lored/Diademed Amazon,Red-lored/Lilacine Amazon
relpar4,Diademed Amazon,Diademed Amazon
blcpar2,Blue-cheeked Amazon,Blue-cheeked Amazon
rebpar7,Red-browed Amazon,Red-browed Amazon
renpar1,Red-necked Amazon,Red-necked Amazon
marpar1,Martinique Amazon,Martinique Amazon
stlpar1,St. Lucia Amazon,St. Lucia Amazon
yenpar1,Yellow-naped Amazon,Yellow-naped Amazon
yehpar,Yellow-headed Amazon,Yellow-headed Amazon
yehpar2,Yellow-headed Amazon (Tres Marias Is.),Yellow-headed Amazon (Tres Marias Is.)
yehpar1,Yellow-headed Amazon (Mainland),Yellow-headed Amazon (Mainland)
x01021,Yellow-naped x Yellow-headed Amazon (hybrid),Yellow-naped x Yellow-headed Amazon (hybrid)
y01195,Yellow-naped/Yellow-headed Amazon,Yellow-naped/Yellow-headed Amazon
ywcpar,Yellow-crowned Amazon,Yellow-crowned Amazon
yespar1,Yellow-shouldered Amazon,Yellow-shouldered Amazon
bufpar,Turquoise-fronted Amazon,Turquoise-fronted Amazon
blbpar1,Black-billed Amazon,Black-billed Amazon
whfpar1,White-fronted Amazon,White-fronted Amazon
yelpar1,Yucatan Amazon,Yellow-lored Amazon
yebpar1,Yellow-billed Amazon,Yellow-billed Amazon
y00876,Black-billed/Yellow-billed Amazon,Black-billed/Yellow-billed Amazon
cubpar1,Cuban Amazon,Cuban Amazon
cubpar3,Cuban Amazon (Cuban),Cuban Amazon (Cuban)
cubpar4,Cuban Amazon (Bahamas),Cuban Amazon (Bahamas)
cubpar5,Cuban Amazon (Cayman Is.),Cuban Amazon (Cayman Is.)
hispar1,Hispaniolan Amazon,Hispaniolan Amazon
purpar1,Puerto Rican Amazon,Puerto Rican Amazon
meapar,Mealy Amazon,Mealy Amazon
meapar1,Mealy Amazon (Northern),Mealy Amazon (Northern)
meapar2,Mealy Amazon (Southern),Mealy Amazon (Southern)
kawpar1,Kawall's Amazon,Kawall's Amazon
imppar1,Imperial Amazon,Imperial Amazon
guapar1,Guadeloupe Amazon,Guadeloupe Amazon
retpar1,Red-tailed Amazon,Red-tailed Amazon
stvpar1,St. Vincent Amazon,St. Vincent Amazon
orwpar,Orange-winged Amazon,Orange-winged Amazon
x01168,Red-crowned x Orange-winged Amazon (hybrid),Red-crowned x Orange-winged Amazon (hybrid)
scnpar1,Scaly-naped Amazon,Scaly-naped Amazon
amazon,amazon sp.,amazon sp.
dubpar1,Dusky-billed Parrotlet,Dusky-billed Parrotlet
dubpar2,Dusky-billed Parrotlet (Schomburgk's),Dusky-billed Parrotlet (Schomburgk's)
dubpar3,Dusky-billed Parrotlet (Dusky-billed),Dusky-billed Parrotlet (Dusky-billed)
mexpar1,Mexican Parrotlet,Mexican Parrotlet
mexpar2,Mexican Parrotlet (Mexican),Mexican Parrotlet (Mexican)
mexpar3,Mexican Parrotlet (Tres Marias Is.),Mexican Parrotlet (Tres Marias Is.)
buwpar1,Turquoise-winged Parrotlet,Turquoise-winged Parrotlet
buwpar2,Riparian Parrotlet,Riparian Parrotlet
buwpar3,Cobalt-rumped Parrotlet,Cobalt-rumped Parrotlet
grrpar1,Green-rumped Parrotlet,Green-rumped Parrotlet
spepar1,Spectacled Parrotlet,Spectacled Parrotlet
pacpar2,Pacific Parrotlet,Pacific Parrotlet
yefpar2,Yellow-faced Parrotlet,Yellow-faced Parrotlet
forpus1,Forpus sp.,Forpus sp.
blhpar4,Black-headed Parrot,Black-headed Parrot
whbpar1,White-bellied Parrot,White-bellied Parrot
whbpar2,White-bellied Parrot (Black-legged),White-bellied Parrot (Black-legged)
whbpar3,White-bellied Parrot (Yellow-tailed),White-bellied Parrot (Yellow-tailed)
whbpar4,White-bellied Parrot (Green-thighed),White-bellied Parrot (Green-thighed)
refpar3,Red-fan Parrot,Red-fan Parrot
bltpar2,Ochre-marked Parakeet,Ochre-marked Parakeet
blwpar2,Blaze-winged Parakeet,Blaze-winged Parakeet
mabpar,Maroon-bellied Parakeet,Maroon-bellied Parakeet
mabpar2,Maroon-bellied Parakeet (Maroon-tailed),Maroon-bellied Parakeet (Maroon-tailed)
mabpar1,Maroon-bellied Parakeet (Green-tailed),Maroon-bellied Parakeet (Green-tailed)
peapar1,Pearly Parakeet,Pearly Parakeet
peapar2,Pearly Parakeet (lepida),Pearly Parakeet (lepida)
peapar3,Pearly Parakeet (anerythra),Pearly Parakeet (anerythra)
peapar4,Pearly Parakeet (coerulescens),Pearly Parakeet (coerulescens)
crbpar1,Crimson-bellied Parakeet,Crimson-bellied Parakeet
gncpar,绿颊锥尾鹦鹉,Green-cheeked Parakeet
pfrpar1,Pfrimer's Parakeet,Pfrimer's Parakeet
gybpar1,Grey-breasted Parakeet,Gray-breasted Parakeet
mafpar3,White-eared Parakeet,Maroon-faced Parakeet
mafpar2,Grey-breasted/White-eared Parakeet,Gray-breasted/Maroon-faced Parakeet
paipar1,Painted/Venezuelan Parakeet,Subandean Parakeet
paipar3,Painted Parakeet (Azuero),Subandean Parakeet (Azuero)
paipar4,Painted Parakeet (Sinu),Subandean Parakeet (Sinu)
paipar5,Painted Parakeet (Todd's),Perija Parakeet
paipar6,Venezuelan Parakeet,Venezuelan Parakeet
paipar2,Painted Parakeet (Painted),Painted Parakeet
sanpar2,Santarem Parakeet,Santarem Parakeet
sanpar3,Santarem Parakeet (Santarem),Santarem Parakeet (Santarem)
sanpar4,Santarem Parakeet (Madeira),Santarem Parakeet (Madeira)
sanpar5,Santarem Parakeet (Cristalino),Santarem Parakeet (Cristalino)
bonpar1,Bonaparte's Parakeet,Bonaparte's Parakeet
rofpar3,Rose-fronted Parakeet,Rose-fronted Parakeet
rofpar5,Rose-fronted Parakeet (Wavy-breasted),Rose-fronted Parakeet (Wavy-breasted)
rofpar1,Rose-fronted Parakeet (Garlepp's),Rose-fronted Parakeet (Garlepp's)
rofpar4,Rose-fronted Parakeet (Rose-fronted),Rose-fronted Parakeet (Rose-fronted)
sampar1,Santa Marta Parakeet,Santa Marta Parakeet
fispar1,Fiery-shouldered Parakeet,Fiery-shouldered Parakeet
matpar2,Maroon-tailed Parakeet,Maroon-tailed Parakeet
matpar4,Maroon-tailed Parakeet (Choco),Maroon-tailed Parakeet (Choco)
matpar5,Maroon-tailed Parakeet (Huila),Maroon-tailed Parakeet (Huila)
matpar3,Maroon-tailed Parakeet (Maroon-tailed),Maroon-tailed Parakeet (Maroon-tailed)
elopar1,El Oro Parakeet,El Oro Parakeet
blcpar1,Black-capped Parakeet,Black-capped Parakeet
whnpar1,White-breasted Parakeet,White-necked Parakeet
brbpar2,Flame-winged Parakeet,Brown-breasted Parakeet
reepar1,Blood-eared Parakeet,Red-eared Parakeet
rohpar1,Rose-crowned Parakeet,Rose-headed Parakeet
suwpar1,Sulphur-winged Parakeet,Sulphur-winged Parakeet
pyrrhu1,Pyrrhura sp.,Pyrrhura sp.
auspar1,Austral Parakeet,Austral Parakeet
slbpar1,Slender-billed Parakeet,Slender-billed Parakeet
y00877,Austral/Slender-billed Parakeet,Austral/Slender-billed Parakeet
burpar,Burrowing Parrot,Burrowing Parakeet
burpar1,Burrowing Parrot (Olive),Burrowing Parakeet (Olive)
burpar3,Burrowing Parrot (Burrowing),Burrowing Parakeet (Burrowing)
burpar2,Burrowing Parrot (Chilean),Burrowing Parakeet (Chilean)
hyamac1,Hyacinth Macaw,Hyacinth Macaw
glamac1,Glaucous Macaw,Glaucous Macaw
indmac1,Lear's Macaw,Indigo Macaw
thbpar,Thick-billed Parrot,Thick-billed Parrot
mafpar1,Maroon-fronted Parrot,Maroon-fronted Parrot
oltpar1,Olive-throated Parakeet,Olive-throated Parakeet
oltpar2,Olive-throated Parakeet (Aztec),Olive-throated Parakeet (Aztec)
oltpar3,Olive-throated Parakeet (Jamaican),Olive-throated Parakeet (Jamaican)
orfpar,Orange-fronted Parakeet,Orange-fronted Parakeet
pefpar1,Peach-fronted Parakeet,Peach-fronted Parakeet
brtpar1,Brown-throated Parakeet,Brown-throated Parakeet
bntpar1,Brown-throated Parakeet (Veraguas),Brown-throated Parakeet (Veraguas)
bntpar16,Brown-throated Parakeet (Colombian),Brown-throated Parakeet (Colombian)
bntpar17,Brown-throated Parakeet (Gold-faced),Brown-throated Parakeet (Gold-faced)
bntpar18,Brown-throated Parakeet (Venezuelan),Brown-throated Parakeet (Venezuelan)
bntpar19,Brown-throated Parakeet (Amazonian),Brown-throated Parakeet (Amazonian)
cacpar1,Caatinga Parakeet,Cactus Parakeet
carpar,Carolina Parakeet,Carolina Parakeet
duhpar,Dusky-headed Parakeet,Dusky-headed Parakeet
bkhpar,Nanday Parakeet,Nanday Parakeet
sunpar1,Sun Parakeet,Sun Parakeet
subpar1,Sulphur-breasted Parakeet,Sulphur-breasted Parakeet
janpar1,Jandaya Parakeet,Jandaya Parakeet
gocpar2,Golden-capped Parakeet,Golden-capped Parakeet
spimac1,Spix's Macaw,Spix's Macaw
rebmac2,Red-bellied Macaw,Red-bellied Macaw
buwmac1,Blue-winged Macaw,Blue-winged Macaw
buhmac1,Blue-headed Macaw,Blue-headed Macaw
yecmac,Golden-collared Macaw,Yellow-collared Macaw
baymac,Blue-and-yellow Macaw,Blue-and-yellow Macaw
bltmac1,Blue-throated Macaw,Blue-throated Macaw
chfmac1,Chestnut-fronted Macaw,Chestnut-fronted Macaw
cubmac1,Cuban Macaw,Cuban Macaw
refmac1,Red-fronted Macaw,Red-fronted Macaw
milmac,Military Macaw,Military Macaw
grgmac,Great Green Macaw,Great Green Macaw
scamac1,Scarlet Macaw,Scarlet Macaw
x00888,Blue-and-yellow x Scarlet Macaw (hybrid),Blue-and-yellow x Scarlet Macaw (hybrid)
x00405,Great Green x Scarlet Macaw (hybrid),Great Green x Scarlet Macaw (hybrid)
ragmac1,Red-and-green Macaw,Red-and-green Macaw
x00406,Blue-and-yellow x Red-and-green Macaw (hybrid),Blue-and-yellow x Red-and-green Macaw (hybrid)
y00792,Scarlet/Red-and-green Macaw,Scarlet/Red-and-green Macaw
larmac1,large macaw sp.,large macaw sp.
goppar1,Golden-plumed Parakeet,Golden-plumed Parakeet
yeepar1,Yellow-eared Parrot,Yellow-eared Parrot
golpar3,Golden Parakeet,Golden Parakeet
bucpar,Blue-crowned Parakeet,Blue-crowned Parakeet
bucpar1,Blue-crowned Parakeet (Blue-crowned),Blue-crowned Parakeet (Blue-crowned)
bucpar9,Blue-crowned Parakeet (Blue-headed),Blue-crowned Parakeet (Blue-headed)
resmac2,Red-shouldered Macaw,Red-shouldered Macaw
resmac1,Red-shouldered Macaw (Northern),Red-shouldered Macaw (Northern)
resmac3,Red-shouldered Macaw (Southern),Red-shouldered Macaw (Southern)
smamac1,small macaw sp.,small macaw sp.
grnpar,Green/Red-throated Parakeet,Green Parakeet
grnpar1,Green Parakeet,Green Parakeet (Green)
grnpar3,Red-throated Parakeet,Green Parakeet (Red-throated)
grnpar2,Socorro Parakeet,Socorro Parakeet
pacpar1,Pacific Parakeet,Pacific Parakeet
x01022,Green x Pacific Parakeet (hybrid),Green x Pacific Parakeet (hybrid)
y00878,Red-throated/Green/Pacific Parakeet,Green/Pacific Parakeet
crfpar,Finsch's Parakeet,Crimson-fronted Parakeet
x00959,Green x Crimson-fronted Parakeet (hybrid),Green x Crimson-fronted Parakeet (hybrid)
scfpar2,Scarlet-fronted Parakeet,Scarlet-fronted Parakeet
scfpar3,Cordilleran Parakeet,Cordilleran Parakeet
scfpar1,Scarlet-fronted/Cordilleran Parakeet,Scarlet-fronted/Cordilleran Parakeet
mitpar,Mitred Parakeet,Mitred Parakeet
mitpar1,Mitred Parakeet (Mitred),Mitred Parakeet (Mitred)
mitpar2,Mitred Parakeet (Chapman's),Mitred Parakeet (Chapman's)
y00793,Scarlet-fronted/Mitred Parakeet,Cordilleran/Mitred Parakeet
rempar,Red-masked Parakeet,Red-masked Parakeet
y00794,Mitred/Red-masked Parakeet,Mitred/Red-masked Parakeet
whepar2,White-eyed Parakeet,White-eyed Parakeet
cubpar2,Cuban Parakeet,Cuban Parakeet
hispar,Hispaniolan Parakeet,Hispaniolan Parakeet
purpar2,Puerto Rican Parakeet,Puerto Rican Parakeet
guapar2,Guadeloupe Parakeet,Guadeloupe Parakeet
psitta2,Psittacara sp.,Psittacara sp.
aratin,large parakeet sp. (former Aratinga sp.),large parakeet sp. (former Aratinga sp.)
parake,未识别的鹦哥类,parakeet sp.
parrot,未识别的鹦鹉类,parrot sp.
stiwre1,Lyall's Wren,Stephens Island Wren
riflem1,Rifleman,Rifleman
buswre1,Bushwren,Bush Wren
soiwre1,New Zealand Rockwren,South Island Wren
afrbro1,African Broadbill,African Broadbill
gyhbro1,Grey-headed Broadbill,Gray-headed Broadbill
gyhbro2,Grey-headed Broadbill (Zenker's),Gray-headed Broadbill (Zenker's)
gyhbro3,Grey-headed Broadbill (Sharpe's),Gray-headed Broadbill (Sharpe's)
gyhbro4,Grey-headed Broadbill (Grey-headed),Gray-headed Broadbill (Gray-headed)
rusbro1,Rufous-sided Broadbill,Rufous-sided Broadbill
smitho1,Smithornis sp.,Smithornis sp.
grebro1,Green Broadbill,Green Broadbill
hosbro1,Hose's Broadbill,Hose's Broadbill
whibro1,Whitehead's Broadbill,Whitehead's Broadbill
grabro1,Grauer's Broadbill,Grauer's Broadbill
lotbro1,长尾阔嘴鸟,Long-tailed Broadbill
dusbro1,Dusky Broadbill,Dusky Broadbill
visbro1,Visayan Broadbill,Visayan Broadbill
watbro1,Wattled Broadbill,Wattled Broadbill
sibbro3,银胸丝冠鸟,Silver-breasted Broadbill
sibbro2,灰眼先丝冠鸟,Gray-lored Broadbill
sibbro1,银胸丝冠鸟/灰眼先丝冠鸟,Silver-breasted/Gray-lored Broadbill
barbro1,Black-and-red Broadbill,Black-and-red Broadbill
barbro2,Black-and-red Broadbill (Irrawaddy),Black-and-red Broadbill (Irrawaddy)
barbro3,Black-and-red Broadbill (Black-and-red),Black-and-red Broadbill (Black-and-red)
banbro1,Banded Broadbill,Banded Broadbill
banbro2,Banded Broadbill (Banded),Banded Broadbill (Banded)
banbro3,Banded Broadbill (Javan),Banded Broadbill (Javan)
baybro1,Black-and-yellow Broadbill,Black-and-yellow Broadbill
y00879,Banded/Black-and-yellow Broadbill,Banded/Black-and-yellow Broadbill
asibro1,asian broadbill sp.,asian broadbill sp.
sapayo1,Sapayoa,Sapayoa
velasi1,Velvet Asity,Velvet Asity
schasi1,Schlegel's Asity,Schlegel's Asity
sunasi1,Common Sunbird-Asity,Common Sunbird-Asity
yebasi1,Yellow-bellied Sunbird-Asity,Yellow-bellied Sunbird-Asity
y00880,Common/Yellow-bellied Sunbird-Asity,Common/Yellow-bellied Sunbird-Asity
whipit1,Whiskered Pitta,Whiskered Pitta
rebpit1,Philippine Pitta,Philippine Pitta
bubpit1,Philippine Pitta (Philippine),Philippine Pitta (Philippine)
talpit1,Philippine Pitta (Talaud),Philippine Pitta (Talaud)
sulpit1,Sula Pitta,Sula Pitta
sulpit4,Sulawesi Pitta,Sulawesi Pitta
sulpit3,Sulawesi Pitta (Sulawesi),Sulawesi Pitta (Sulawesi)
sanpit1,Sulawesi Pitta (Sangihe),Sulawesi Pitta (Sangihe)
siapit1,Sulawesi Pitta (Siau),Sulawesi Pitta (Siau)
molpit1,North Moluccan Pitta,North Moluccan Pitta
sompit1,South Moluccan Pitta,South Moluccan Pitta
pappit1,Papuan Pitta,Papuan Pitta
pappit2,Papuan Pitta (Northern),Papuan Pitta (Northern)
soppit1,Papuan Pitta (Southern),Papuan Pitta (Southern)
pappit5,Papuan Pitta (D'Entrecasteaux),Papuan Pitta (D'Entrecasteaux)
bispit1,Bismarck Pitta,Bismarck Pitta
neipit1,Bismarck Pitta (New Ireland),Bismarck Pitta (New Ireland)
tabpit1,Bismarck Pitta (Tabar),Bismarck Pitta (Tabar)
nebpit1,Bismarck Pitta (New Britain),Bismarck Pitta (New Britain)
loupit1,Louisiade Pitta,Louisiade Pitta
blcpit1,Graceful Pitta,Graceful Pitta
bkhpit1,Black-crowned Pitta,Black-crowned Pitta
blbpit1,Blue-banded Pitta,Blue-banded Pitta
garpit1,Garnet Pitta,Garnet Pitta
erythr1,Erythropitta sp.,Erythropitta sp.
earpit1,双辫八色鸫,Eared Pitta
runpit1,栗头八色鸫,Rusty-naped Pitta
blnpit1,蓝枕八色鸫,Blue-naped Pitta
blrpit1,蓝背八色鸫,Blue-rumped Pitta
giapit1,Giant Pitta,Giant Pitta
schpit1,Schneider's Pitta,Schneider's Pitta
banpit3,Malayan Banded Pitta,Malayan Banded-Pitta
banpit2,Javan Banded Pitta,Javan Banded-Pitta
banpit4,Bornean Banded Pitta,Bornean Banded-Pitta
blhpit1,Blue-headed Pitta,Blue-headed Pitta
blupit1,蓝八色鸫,Blue Pitta
babpit1,Bar-bellied Pitta,Bar-bellied Pitta
gurpit1,Gurney's Pitta,Gurney's Pitta
hydror1,Hydrornis sp.,Hydrornis sp.
afrpit1,African Pitta,African Pitta
grbpit1,Green-breasted Pitta,Green-breasted Pitta
indpit1,印度八色鸫,Indian Pitta
blwpit1,蓝翅八色鸫,Blue-winged Pitta
faipit1,仙八色鸫,Fairy Pitta
hoopit4,Nicobar Hooded Pitta,Nicobar Hooded Pitta
wehpit1,绿胸八色鸫,Western Hooded Pitta
hoopit3,绿胸八色鸫 (栗顶),Western Hooded Pitta (Chestnut-crowned)
hoopit5,绿胸八色鸫 (mulleri/bangkana),Western Hooded Pitta (Sunda)
hoopit6,绿胸八色鸫 (sordida/palawanensis),Western Hooded Pitta (Philippine)
hoopit7,绿胸八色鸫 (sanghirana),Western Hooded Pitta (Sangihe)
y01247,Nicobar/Western Hooded Pitta,Nicobar/Western Hooded Pitta
hoopit8,Minahasa Hooded Pitta,Minahasa Hooded Pitta
eahpit1,Eastern Hooded Pitta,Eastern Hooded Pitta
hoopit9,Eastern Hooded Pitta (Papuan),Eastern Hooded Pitta (Papuan)
hoopit10,Eastern Hooded Pitta (Numfor),Eastern Hooded Pitta (Numfor)
hoopit11,Biak Hooded Pitta,Biak Hooded Pitta
azbpit1,Azure-breasted Pitta,Azure-breasted Pitta
noipit1,Noisy Pitta,Noisy Pitta
ivbpit1,Ivory-breasted Pitta,Ivory-breasted Pitta
ivbpit2,Ivory-breasted Pitta (Ivory-breasted),Ivory-breasted Pitta (Ivory-breasted)
ivbpit3,Ivory-breasted Pitta (Morotai),Ivory-breasted Pitta (Morotai)
elepit2,Ornate Pitta,Ornate Pitta
elepit7,Elegant Pitta,Elegant Pitta
elepit6,Banda Sea Pitta,Banda Sea Pitta
y00403,Ornate/Elegant/Banda Sea Pitta,Ornate/Elegant/Banda Sea Pitta
blfpit1,Black-faced Pitta,Black-faced Pitta
bkfpit1,Black-faced Pitta (Bougainville),Black-faced Pitta (Bougainville)
bkfpit4,Black-faced Pitta (Central Solomons),Black-faced Pitta (Central Solomons)
manpit1,Mangrove Pitta,Mangrove Pitta
suppit1,Superb Pitta,Superb Pitta
raipit1,Rainbow Pitta,Rainbow Pitta
pitta2,Pitta sp. (genus Pitta),Pitta sp. (genus Pitta)
pitta1,未识别的八色鸫,pitta sp. (genus Erythropitta/Hydrornis/Pitta)
rurant1,Rufous-rumped Antwren,Rufous-rumped Antwren
chsant1,Chestnut-shouldered Antwren,Chestnut-shouldered Antwren
yerant1,Yellow-rumped Antwren,Yellow-rumped Antwren
aswant1,Ash-winged Antwren,Ash-winged Antwren
euchre1,Euchrepomis sp.,Euchrepomis sp.
fasant1,Fasciated Antshrike,Fasciated Antshrike
bamant1,Bamboo Antshrike,Bamboo Antshrike
spbant3,Spot-backed Antshrike,Spot-backed Antshrike
giaant2,Giant Antshrike,Giant Antshrike
latant1,Large-tailed Antshrike,Large-tailed Antshrike
tufant1,Tufted Antshrike,Tufted Antshrike
bltant3,Black-throated Antshrike,Black-throated Antshrike
undant2,Undulated Antshrike,Undulated Antshrike
fulant1,Fulvous Antshrike,Fulvous Antshrike
y00966,Undulated/Fulvous Antshrike,Undulated/Fulvous Antshrike
greant1,Great Antshrike,Great Antshrike
blcant4,Black-crested Antshrike,Black-crested Antshrike
bkcant1,Black-crested Antshrike (Streak-fronted),Black-crested Antshrike (Streak-fronted)
bkcant2,Black-crested Antshrike (Black-crested),Black-crested Antshrike (Black-crested)
gloant1,Glossy Antshrike,Glossy Antshrike
sicant1,Silvery-cheeked Antshrike,Silvery-cheeked Antshrike
sicant2,Silvery-cheeked Antshrike (Northern),Silvery-cheeked Antshrike (Northern)
sicant3,Silvery-cheeked Antshrike (Southern),Silvery-cheeked Antshrike (Southern)
caaant1,Caatinga Antwren,Caatinga Antwren
whbant2,White-bearded Antshrike,White-bearded Antshrike
barant1,Barred Antshrike,Barred Antshrike
barant4,Barred Antshrike (Barred),Barred Antshrike (Barred)
barant3,Barred Antshrike (Caatinga),Barred Antshrike (Caatinga)
rucant1,Rufous-capped Antshrike,Rufous-capped Antshrike
rucant4,Rufous-capped Antshrike (Northern),Rufous-capped Antshrike (Northern)
rucant5,Rufous-capped Antshrike (Southern),Rufous-capped Antshrike (Southern)
ruwant2,Rufous-winged Antshrike,Rufous-winged Antshrike
y01248,Rufous-capped/Rufous-winged Antshrike,Rufous-capped/Rufous-winged Antshrike
chaant1,Chapman's Antshrike,Chapman's Antshrike
bacant2,Bar-crested Antshrike,Bar-crested Antshrike
linant1,Lined Antshrike,Lined Antshrike
chbant2,Chestnut-backed Antshrike,Chestnut-backed Antshrike
colant2,Collared Antshrike (Collared),Collared Antshrike
colant3,Collared Antshrike (shumbae),Marañon Antshrike
colant1,Collared Antshrike,Collared/Marañon Antshrike
iniant1,Inirida Antshrike (undescribed form),Inirida Antshrike (undescribed form)
wesant1,Black-crowned Antshrike,Black-crowned Antshrike
blhant2,Black-hooded Antshrike,Black-hooded Antshrike
plwant1,Plain-winged Antshrike,Plain-winged Antshrike
mocant1,Mouse-colored Antshrike,Mouse-colored Antshrike
y01143,Plain-winged/Mouse-colored Antshrike,Plain-winged/Mouse-colored Antshrike
blaant1,Black Antshrike,Black Antshrike
cocant1,Cocha Antshrike,Cocha Antshrike
casant1,Castelnau's Antshrike,Castelnau's Antshrike
blgant2,Blackish-grey Antshrike,Blackish-gray Antshrike
norsla1,Northern Slaty Antshrike,Northern Slaty-Antshrike
norsla2,Northern Slaty Antshrike (Guianan),Northern Slaty-Antshrike (Guianan)
norsla3,Northern Slaty Antshrike (Peruvian),Northern Slaty-Antshrike (Peruvian)
natsla1,Natterer's Slaty Antshrike,Natterer's Slaty-Antshrike
bolsla1,Bolivian Slaty Antshrike,Bolivian Slaty-Antshrike
plasla1,Planalto Slaty Antshrike,Planalto Slaty-Antshrike
soosla1,Sooretama Slaty Antshrike,Sooretama Slaty-Antshrike
varant1,Variable Antshrike,Variable Antshrike
uniant2,Uniform Antshrike,Uniform Antshrike
whsant2,White-shouldered Antshrike,White-shouldered Antshrike
uplant1,Upland Antshrike,Upland Antshrike
blbant1,Black-backed Antshrike,Black-backed Antshrike
batant2,Band-tailed Antshrike,Band-tailed Antshrike
amaant2,Amazonian Antshrike,Amazonian Antshrike
stbant1,Streak-backed Antshrike,Streak-backed Antshrike
acrant1,Acre Antshrike,Acre Antshrike
thamno1,Thamnophilus sp.,Thamnophilus sp.
sttant1,Star-throated Antwren,Star-throated Antwren
peaant1,Pearly Antshrike,Pearly Antshrike
blabus1,Black Bushbird,Black Bushbird
rebbus1,Recurve-billed Bushbird,Recurve-billed Bushbird
ronbus1,Rondonia Bushbird,Rondonia Bushbird
rusant1,Russet Antshrike,Russet Antshrike
rusant2,Russet Antshrike (Tawny),Russet Antshrike (Tawny)
rusant3,Russet Antshrike (Andean),Russet Antshrike (Andean)
rufant12,Rufescent Antshrike,Rufescent Antshrike
y01114,Russet/Rufescent Antshrike,Russet/Rufescent Antshrike
antshr1,antshrike sp.,antshrike sp.
spbant5,Spot-breasted Antvireo,Spot-breasted Antvireo
plaant1,Plain Antvireo,Plain Antvireo
stcant1,Streak-crowned Antvireo,Streak-crowned Antvireo
spcant1,Spot-crowned Antvireo,Spot-crowned Antvireo
rubant2,Rufous-backed Antvireo,Rufous-backed Antvireo
bicant4,Bicolored Antvireo,Bicolored Antvireo
pluant3,Plumbeous Antvireo,Plumbeous Antvireo
whsant4,White-streaked Antvireo,White-streaked Antvireo
whsant3,White-streaked Antvireo (White-streaked),White-streaked Antvireo (White-streaked)
pluant4,White-streaked Antvireo (Venezuelan),White-streaked Antvireo (Venezuelan)
antvir1,antvireo sp.,antvireo sp.
dutant2,Dusky-throated Antshrike,Dusky-throated Antshrike
satant1,Saturnine Antshrike,Saturnine Antshrike
y00881,Dusky-throated/Saturnine Antshrike,Dusky-throated/Saturnine Antshrike
cinant1,Cinereous Antshrike,Cinereous Antshrike
blsant1,Bluish-slate Antshrike,Bluish-slate Antshrike
y00703,Cinereous/Bluish-slate Antshrike,Cinereous/Bluish-slate Antshrike
spfant1,Speckled Antshrike,Spiny-faced Antshrike
pltant1,Plain-throated Antwren,Plain-throated Antwren
rubant3,Rufous-bellied Antwren,Rufous-bellied Antwren
spwant2,Spot-winged Antshrike,Spot-winged Antshrike
chtant1,Checker-throated Stipplethroat,Checker-throated Stipplethroat
brbant2,Brown-bellied Stipplethroat,Brown-bellied Stipplethroat
wheant1,White-eyed Stipplethroat,White-eyed Stipplethroat
rubsti1,Rufous-backed Stipplethroat,Rufous-backed Stipplethroat
sttant4,Rufous-backed Stipplethroat (Rio Negro),Rufous-backed Stipplethroat (Rio Negro)
bnbant1,Rufous-backed Stipplethroat (Yasuni),Rufous-backed Stipplethroat (Yasuni)
sttant5,Rufous-backed Stipplethroat (Rufous-backed),Rufous-backed Stipplethroat (Rufous-backed)
x00931,Rufous-backed Stipplethroat (Yasuni x Rufous-backed),Rufous-backed Stipplethroat (Yasuni x Rufous-backed)
madant1,Rio Madeira Stipplethroat,Rio Madeira Stipplethroat
sttant6,Rio Madeira Stipplethroat (Madeira),Rio Madeira Stipplethroat (Madeira)
rooant1,Rio Madeira Stipplethroat (Roosevelt),Rio Madeira Stipplethroat (Roosevelt)
y01113,Rufous-backed/Rio Madeira Stipplethroat,Rufous-backed/Rio Madeira Stipplethroat
fooant1,Foothill Stipplethroat,Foothill Stipplethroat
ornant1,Ornate Stipplethroat,Ornate Stipplethroat
ornant2,Ornate Stipplethroat (Western),Ornate Stipplethroat (Western)
ornsti4,Ornate Stipplethroat (Plain-backed),Ornate Stipplethroat (Plain-backed)
ornant3,Ornate Stipplethroat (Eastern),Ornate Stipplethroat (Eastern)
rutant3,Rufous-tailed Stipplethroat,Rufous-tailed Stipplethroat
epinec1,stipplethroat sp.,stipplethroat sp.
pygant1,Pygmy Antwren,Pygmy Antwren
mouant,Moustached Antwren,Moustached Antwren
mouant3,Moustached Antwren (Moustached),Moustached Antwren (Moustached)
mouant2,Moustached Antwren (Short-billed),Moustached Antwren (Short-billed)
yetant1,Yellow-throated Antwren,Yellow-throated Antwren
sclant1,Sclater's Antwren,Sclater's Antwren
guista1,Guianan Streaked Antwren,Guianan Streaked-Antwren
amasta1,Amazonian Streaked Antwren,Amazonian Streaked-Antwren
pacant,Pacific Antwren,Pacific Antwren
cheant1,Cherrie's Antwren,Cherrie's Antwren
klaant1,Klages's Antwren,Klages's Antwren
stcant4,Stripe-chested Antwren,Stripe-chested Antwren
whfant2,White-flanked/Silvery-flanked Antwren,White-flanked Antwren
whfant21,White-flanked Antwren (Black-backed),White-flanked Antwren (Black-backed)
whfant5,White-flanked Antwren (Grey-backed),White-flanked Antwren (Gray-backed)
whfant6,Silvery-flanked Antwren,White-flanked Antwren (Silvery-flanked)
slaant1,Slaty Antwren,Slaty Antwren
slaant2,Slaty Antwren (Western),Slaty Antwren (Western)
slaant5,Slaty Antwren (Eastern),Slaty Antwren (Eastern)
risant1,Rio Suno Antwren,Rio Suno Antwren
salant1,Salvadori's Antwren,Salvadori's Antwren
lowant1,Long-winged Antwren,Long-winged Antwren
lowant2,Long-winged Antwren (Northern),Long-winged Antwren (Northern)
lowant8,Long-winged Antwren (Western),Long-winged Antwren (Western)
lowant9,Long-winged Antwren (Southern),Long-winged Antwren (Southern)
batant3,Band-tailed Antwren,Band-tailed Antwren
iheant1,Ihering's Antwren,Ihering's Antwren
iheant2,Ihering's Antwren (Purus),Ihering's Antwren (Purus)
iheant3,Ihering's Antwren (Ihering's),Ihering's Antwren (Ihering's)
bamant2,Ihering's Antwren (Bamboo),Ihering's Antwren (Bamboo)
rdjant2,Rio de Janeiro Antwren,Rio de Janeiro Antwren
ashant1,Yungas Antwren,Ashy Antwren
uniant1,Unicolored Antwren,Unicolored Antwren
alaant1,Alagoas Antwren,Alagoas Antwren
plwant2,Plain-winged Antwren,Plain-winged Antwren
plwant10,Plain-winged Antwren (Tepui),Plain-winged Antwren (Tepui)
plwant9,Plain-winged Antwren (Ecuadorian),Plain-winged Antwren (Ecuadorian)
gryant1,Grey Antwren,Gray Antwren
gryant13,Grey Antwren (North Amazonian),Gray Antwren (North Amazonian)
gryant14,Grey Antwren (West Amazonian),Gray Antwren (West Amazonian)
gryant7,Grey Antwren (Northeastern),Gray Antwren (Northeastern)
leaant1,Leaden Antwren,Leaden Antwren
myrmot1,Myrmotherula sp.,Myrmotherula sp.
banant2,Banded Antbird,Banded Antbird
stbant2,Stripe-backed Antbird,Stripe-backed Antbird
bahant1,Bahia Antwren,Bahia Antwren
blcant2,Black-capped Antwren,Black-capped Antwren
mapant1,Predicted Antwren,Predicted Antwren
ajpant1,Aripuana Antwren,Aripuana Antwren
crbant1,Creamy-bellied Antwren,Creamy-bellied Antwren
astant1,Ash-throated Antwren,Ash-throated Antwren
intant1,Inambari-Tambopata Antwren (undescribed form),Inambari-Tambopata Antwren (undescribed form)
lorant1,Loreto Antwren (undescribed form),Loreto Antwren (undescribed form)
sptant1,Spot-tailed Antwren,Spot-tailed Antwren
dugant1,Dugand's Antwren,Dugand's Antwren
todant1,Todd's Antwren,Todd's Antwren
ancant1,Ancient Antwren,Ancient Antwren
spbant4,Spot-backed Antwren,Spot-backed Antwren
rorant1,Roraiman Antwren,Roraiman Antwren
pecant1,Pectoral Antwren,Pectoral Antwren
labant1,Large-billed Antwren,Large-billed Antwren
yebant2,Yellow-breasted Antwren,Yellow-breasted Antwren
ruwant3,Rusty-winged Antwren,Rusty-winged Antwren
ruwant4,Rufous-margined Antwren,Rufous-margined Antwren
herpsi1,Herpsilochmus sp.,Herpsilochmus sp.
dowant1,Dot-winged Antwren,Dot-winged Antwren
dowant3,Dot-winged Antwren (Boucard's),Dot-winged Antwren (Boucard's)
dowant5,Dot-winged Antwren (microstictus),Dot-winged Antwren (microstictus)
dowant7,Dot-winged Antwren (quixensis),Dot-winged Antwren (quixensis)
dowant6,Dot-winged Antwren (nigriventris),Dot-winged Antwren (nigriventris)
dowant8,Dot-winged Antwren (White-tailed),Dot-winged Antwren (White-tailed)
dowant2,Dot-winged Antwren (bicolor),Dot-winged Antwren (bicolor)
dowant4,Dot-winged Antwren (emiliae),Dot-winged Antwren (emiliae)
nabant1,Narrow-billed Antwren,Narrow-billed Antwren
blhant4,Black-hooded Antwren,Black-hooded Antwren
whfant4,Northern White-fringed Antwren,Northern White-fringed Antwren
whfant3,Southern White-fringed Antwren,Southern White-fringed Antwren
whfant1,Northern/Southern White-fringed Antwren,Northern/Southern White-fringed Antwren
serant4,Serra Antwren,Serra Antwren
serant1,Serra Antwren (Serra),Serra Antwren (Serra)
resant1,Serra Antwren (Restinga),Serra Antwren (Restinga)
blbant2,Black-bellied Antwren,Black-bellied Antwren
rubant4,Rusty-backed Antwren,Rusty-backed Antwren
sinant1,Sincora Antwren,Sincora Antwren
parant1,Marsh Antwren,Marsh Antwren
parant3,Marsh Antwren (Parana),Marsh Antwren (Parana)
parant4,Marsh Antwren (Sao Paulo),Marsh Antwren (Sao Paulo)
antwre1,antwren sp.,antwren sp.
ferant1,Ferruginous Antbird,Ferruginous Antbird
berant1,Bertoni's Antbird,Bertoni's Antbird
rutant1,Rufous-tailed Antbird,Rufous-tailed Antbird
ocrant1,Ochre-rumped Antbird,Ochre-rumped Antbird
dutant1,Dusky-tailed Antbird,Dusky-tailed Antbird
scaant2,Scaled Antbird,Scaled Antbird
strant2,Striated Antbird,Striated Antbird
strant1,Striated Antbird (Western),Striated Antbird (Western)
strant4,Striated Antbird (Eastern),Striated Antbird (Eastern)
lotant1,East Andean Antbird,East Andean Antbird
klaant2,Klages's Antbird,Klages's Antbird
samant2,Santa Marta Antbird,Santa Marta Antbird
sthant1,Streak-headed Antbird,Streak-headed Antbird
drymop1,Drymophila sp.,Drymophila sp.
guiwaa1,Guianan Warbling Antbird,Guianan Warbling-Antbird
imewaa1,Imeri Warbling Antbird,Imeri Warbling-Antbird
perwaa1,Peruvian Warbling Antbird,Peruvian Warbling-Antbird
yebwaa1,Yellow-breasted Warbling Antbird,Yellow-breasted Warbling-Antbird
ronwaa1,Rondonia Warbling Antbird,Rondonia Warbling-Antbird
spiwaa1,Spix's Warbling Antbird,Spix's Warbling-Antbird
x00407,Rondonia x Spix's Warbling Antbird (hybrid),Rondonia x Spix's Warbling-Antbird (hybrid)
manwaa1,Manicore Warbling Antbird,Manicore Warbling-Antbird
warant1,warbling antbird sp.,warbling-antbird sp.
yebant3,Yellow-browed Antbird,Yellow-browed Antbird
orbant1,Orange-bellied Antwren,Orange-bellied Antwren
stcant3,Streak-capped Antwren,Streak-capped Antwren
wilant1,Willis's Antbird,Willis's Antbird
parant2,Parker's Antbird,Parker's Antbird
dusant1,Dusky Antbird,Dusky Antbird
dusant2,Dusky Antbird (tyrannina/crepera),Dusky Antbird (tyrannina/crepera)
dusant3,Dusky Antbird (saturatior/vicina),Dusky Antbird (saturatior/vicina)
blaant2,Black Antbird,Black Antbird
blaant4,Blackish Antbird,Blackish Antbird
blaant6,Blackish Antbird (Guianan),Blackish Antbird (Guianan)
blaant11,Blackish Antbird (Andean),Blackish Antbird (Andean)
blaant12,Blackish Antbird (Amazonian),Blackish Antbird (Amazonian)
blaant5,Riparian Antbird,Riparian Antbird
y00967,Blackish/Riparian Antbird,Blackish/Riparian Antbird
cercom1,Cercomacroides sp.,Cercomacroides sp.
manant1,Manu Antbird,Manu Antbird
gryant2,Grey Antbird,Gray Antbird
gryant15,Grey Antbird (Northern),Gray Antbird (Northern)
gryant12,Grey Antbird (Southern),Gray Antbird (Southern)
rdjant1,Rio de Janeiro Antbird,Rio de Janeiro Antbird
magant1,Mato Grosso Antbird,Mato Grosso Antbird
banant1,Bananal Antbird,Bananal Antbird
jetant1,Jet Antbird,Jet Antbird
ribant1,Rio Branco Antbird,Rio Branco Antbird
wesfie1,Western Fire-eye,Western Fire-eye
whbfie1,Western Fire-eye (Pacific),Western Fire-eye (Pacific)
whbfie2,Western Fire-eye (Black-bellied),Western Fire-eye (Black-bellied)
whbfie3,Western Fire-eye (Black-headed),Western Fire-eye (Black-headed)
wesfie2,Western Fire-eye (maura Group),Western Fire-eye (maura Group)
whbfie9,Tapajos Fire-eye,Tapajos Fire-eye
eaafie1,East Amazonian Fire-eye,East Amazonian Fire-eye
fbfeye1,Fringe-backed Fire-eye,Fringe-backed Fire-eye
wsfeye1,White-shouldered Fire-eye,White-shouldered Fire-eye
sleant1,Slender Antbird,Slender Antbird
whbant6,White-browed Antbird,White-browed Antbird
asbant1,Ash-breasted Antbird,Ash-breasted Antbird
blfant2,Black-faced Antbird,Black-faced Antbird
bltant1,Black-tailed Antbird,Black-tailed Antbird
whlant1,White-lined Antbird,White-lined Antbird
blcant3,Black-chinned Antbird,Black-chinned Antbird
batant1,Band-tailed Antbird,Band-tailed Antbird
bawant1,Black-and-white Antbird,Black-and-white Antbird
bacant1,Bare-crowned Antbird,Bare-crowned Antbird
silant1,Silvered Antbird,Silvered Antbird
silant6,Silvered Antbird (Eastern),Silvered Antbird (Eastern)
silant5,Silvered Antbird (Western),Silvered Antbird (Western)
blhant3,Black-headed Antbird,Black-headed Antbird
bkhant1,Black-headed Antbird (Amazonas),Black-headed Antbird (Amazonas)
bkhant2,Black-headed Antbird (Hellmayr's),Black-headed Antbird (Hellmayr's)
allant1,Allpahuayo Antbird,Allpahuayo Antbird
slcant3,Slate-colored Antbird,Slate-colored Antbird
rorant2,Roraiman Antbird,Roraiman Antbird
pluant1,Plumbeous Antbird,Plumbeous Antbird
spwant3,Spot-winged Antbird,Spot-winged Antbird
humant1,Humaita Antbird,Humaita Antbird
brhant1,Brownish-headed Antbird,Brownish-headed Antbird
rufant4,Rufous-faced Antbird,Rufous-faced Antbird
cauant2,Caura Antbird,Caura Antbird
schist1,Myrmelastes sp.,Myrmelastes sp.
whbant1,White-bellied Antbird,White-bellied Antbird
chbant1,Chestnut-backed Antbird,Chestnut-backed Antbird
chbant3,Chestnut-backed Antbird (Chestnut-backed),Chestnut-backed Antbird (Chestnut-backed)
chbant4,Chestnut-backed Antbird (Short-tailed),Chestnut-backed Antbird (Short-tailed)
gyhant1,Grey-headed Antbird,Gray-headed Antbird
dumant1,Dull-mantled Antbird,Dull-mantled Antbird
dumant3,Magdalena Antbird,Magdalena Antbird
esmant1,Esmeraldas Antbird,Esmeraldas Antbird
sttant3,Stub-tailed Antbird,Stub-tailed Antbird
chtant2,Southern Chestnut-tailed Antbird,Chestnut-tailed Antbird
chtant3,Southern Chestnut-tailed Antbird (hemimelaena),Chestnut-tailed Antbird (hemimelaena)
chtant4,Southern Chestnut-tailed Antbird (pallens),Chestnut-tailed Antbird (pallens)
ariant1,Aripuana Antbird (undescribed form),Aripuana Antbird (undescribed form)
zimant1,Northern Chestnut-tailed Antbird,Zimmer's Antbird
y00690,Southern/Northern Chestnut-tailed Antbird,Chestnut-tailed/Zimmer's Antbird
febant1,Ferruginous-backed Antbird,Ferruginous-backed Antbird
whiant1,Cordillera Azul Antbird,Cordillera Azul Antbird
scaant3,Scalloped Antbird,Scalloped Antbird
whbant4,White-bibbed Antbird,White-bibbed Antbird
squant1,Squamate Antbird,Squamate Antbird
whsant1,White-shouldered Antbird,White-shouldered Antbird
goeant1,Goeldi's Antbird,Goeldi's Antbird
sooant1,Sooty Antbird,Sooty Antbird
zelant1,Zeledon's Antbird,Zeledon's Antbird
immant5,Zeledon's Antbird (Zeledon's),Zeledon's Antbird (Zeledon's)
immant4,Zeledon's Antbird (Choco),Zeledon's Antbird (Choco)
immant1,Blue-lored Antbird,Blue-lored Antbird
immant3,Blue-lored Antbird (Andean),Blue-lored Antbird (Andean)
immant2,Blue-lored Antbird (Concepcion),Blue-lored Antbird (Concepcion)
yapant1,Yapacana Antbird,Yapacana Antbird
bltant2,Black-throated Antbird,Black-throated Antbird
gybant1,Grey-bellied Antbird,Gray-bellied Antbird
wibant1,Wing-banded Antbird,Wing-banded Antbird
wibant2,Wing-banded Antbird (Buff-banded),Wing-banded Antbird (Buff-banded)
wibant3,Wing-banded Antbird (Wing-banded),Wing-banded Antbird (Wing-banded)
whpant1,White-plumed Antbird,White-plumed Antbird
whmant2,White-masked Antbird,White-masked Antbird
bicant2,Bicolored Antbird,Bicolored Antbird
whcant1,White-cheeked Antbird,White-cheeked Antbird
rutant4,Rufous-throated Antbird,Rufous-throated Antbird
whtant1,White-throated Antbird,White-throated Antbird
lunant2,Lunulated Antbird,Lunulated Antbird
baeant1,Bare-eyed Antbird,Bare-eyed Antbird
harant1,Harlequin Antbird,Harlequin Antbird
whbant5,White-breasted Antbird,White-breasted Antbird
x01102,Bare-eyed x White-breasted Antbird (hybrid),Bare-eyed x White-breasted Antbird (hybrid)
x01103,Harlequin x White-breasted Antbird (hybrid),Harlequin x White-breasted Antbird (hybrid)
chcant1,Chestnut-crested Antbird,Chestnut-crested Antbird
hacant1,Hairy-crested Antbird,Hairy-crested Antbird
hacant2,Hairy-crested Antbird (Grey-crested),Hairy-crested Antbird (Gray-crested)
hacant5,Hairy-crested Antbird (Rufous-crested),Hairy-crested Antbird (Rufous-crested)
spoant1,Spotted Antbird,Spotted Antbird
spbant6,Spot-backed Antbird,Spot-backed Antbird
dobant2,Dot-backed Antbird,Dot-backed Antbird
scbant3,Common Scale-backed Antbird,Common Scale-backed Antbird
scbant7,Common Scale-backed Antbird (Common Scale-backed),Common Scale-backed Antbird (Common Scale-backed)
scbant6,Common Scale-backed Antbird (Buff-breasted),Common Scale-backed Antbird (Buff-breasted)
scbant5,Common Scale-backed Antbird (Black-bibbed),Common Scale-backed Antbird (Black-bibbed)
scbant4,Common Scale-backed Antbird (Grey-breasted),Common Scale-backed Antbird (Gray-breasted)
scbant8,Xingu Scale-backed Antbird,Xingu Scale-backed Antbird
scbant1,Xingu Scale-backed Antbird (Tapajos),Xingu Scale-backed Antbird (Tapajos)
xsbant1,Xingu Scale-backed Antbird (Xingu),Xingu Scale-backed Antbird (Xingu)
x01058,Common x Xingu Scale-backed Antbird (hybrid),Common x Xingu Scale-backed Antbird (hybrid)
antbir1,antbird sp.,antbird sp.
bsbeye1,Black-spotted Bare-eye,Black-spotted Bare-eye
rwbeye1,Reddish-winged Bare-eye,Reddish-winged Bare-eye
pafant1,Pale-faced Bare-eye,Pale-faced Bare-eye
oceant1,Ocellated Antbird,Ocellated Antbird
colcre1,Collared/Double-collared Crescentchest,Collared Crescentchest
colcre2,Double-collared Crescentchest,Collared Crescentchest (Double-collared)
colcre3,Collared Crescentchest,Collared Crescentchest (Collared)
olccre1,Olive-crowned Crescentchest,Olive-crowned Crescentchest
olccre5,Olive-crowned Crescentchest (Sierran),Olive-crowned Crescentchest (Sierran)
olccre4,Olive-crowned Crescentchest (Chaco),Olive-crowned Crescentchest (Chaco)
marcre1,Maranon Crescentchest,Marañon Crescentchest
elecre1,Elegant Crescentchest,Elegant Crescentchest
blcant1,Black-crowned Antpitta,Black-crowned Antpitta
rucant3,Rufous-crowned Antpitta,Rufous-crowned Antpitta
blbgna1,Black-bellied Gnateater,Black-bellied Gnateater
blcgna1,Black-cheeked Gnateater,Black-cheeked Gnateater
chbgna1,Chestnut-belted Gnateater,Chestnut-belted Gnateater
chbgna3,Black-breasted Gnateater,Black-breasted Gnateater
astgna1,Ash-throated Gnateater,Ash-throated Gnateater
rufgna2,Ceara Gnateater,Ceara Gnateater
hoogna1,Hooded Gnateater,Hooded Gnateater
rufgna3,Rufous Gnateater,Rufous Gnateater
chcgna1,Chestnut-crowned Gnateater,Chestnut-crowned Gnateater
slagna1,Slaty Gnateater,Slaty Gnateater
undant1,Undulated Antpitta,Undulated Antpitta
giaant1,Giant Antpitta,Giant Antpitta
giaant7,Giant Antpitta (Western),Giant Antpitta (Western)
giaant9,Giant Antpitta (Eastern),Giant Antpitta (Eastern)
greant2,Great Antpitta,Great Antpitta
varant2,Variegated Antpitta,Variegated Antpitta
varant16,Variegated Antpitta (Amazonian),Variegated Antpitta (Amazonian)
varant17,Variegated Antpitta (Atlantic),Variegated Antpitta (Atlantic)
mouant1,Moustached Antpitta,Moustached Antpitta
scaant1,Scaled Antpitta,Scaled Antpitta
scaant4,Scaled Antpitta (guatimalensis Group),Scaled Antpitta (guatimalensis Group)
scaant5,Scaled Antpitta (princeps/chocoensis),Scaled Antpitta (princeps/chocoensis)
scaant6,Scaled Antpitta (aripoensis),Scaled Antpitta (aripoensis)
scaant7,Scaled Antpitta (roraimae),Scaled Antpitta (roraimae)
scaant8,Scaled Antpitta (regulus/carmelitae),Scaled Antpitta (regulus/carmelitae)
scaant9,Scaled Antpitta (sororia),Scaled Antpitta (sororia)
tacant1,Tachira Antpitta,Tachira Antpitta
plbant1,Plain-backed Antpitta,Plain-backed Antpitta
ocsant1,Ochre-striped Antpitta,Ochre-striped Antpitta
eluant1,Elusive Antpitta,Elusive Antpitta
chcant2,Chestnut-crowned Antpitta,Chestnut-crowned Antpitta
watant1,Watkins's Antpitta,Watkins's Antpitta
samant1,Santa Marta Antpitta,Santa Marta Antpitta
cunant1,Cundinamarca Antpitta,Cundinamarca Antpitta
sthant2,Stripe-headed Antpitta,Stripe-headed Antpitta
gynant1,Grey-naped Antpitta,Gray-naped Antpitta
jocant1,Jocotoco Antpitta,Jocotoco Antpitta
chnant1,Chestnut-naped Antpitta,Chestnut-naped Antpitta
pabant1,Pale-billed Antpitta,Pale-billed Antpitta
whtant2,White-throated Antpitta,White-throated Antpitta
yebant1,Yellow-breasted Antpitta,Yellow-breasted Antpitta
whbant3,White-bellied Antpitta,White-bellied Antpitta
rutant5,Rusty-tinged Antpitta,Rusty-tinged Antpitta
bayant1,Bay Antpitta,Bay Antpitta
rawant1,Red-and-white Antpitta,Red-and-white Antpitta
rufant5,Sierra Nevada Antpitta,Sierra Nevada Antpitta
rufant6,Perija Antpitta,Perija Antpitta
bicant3,Bicolored Antpitta,Bicolored Antpitta
rufant7,Muisca Antpitta,Muisca Antpitta
oxaant1,Oxapampa Antpitta,Oxapampa Antpitta
ayaant1,Ayacucho Antpitta,Ayacucho Antpitta
rufant10,Urubamba Antpitta,Urubamba Antpitta
punant1,Puno Antpitta,Puno Antpitta
rufant11,Bolivian Antpitta,Bolivian Antpitta
chaant4,Chami Antpitta,Chami Antpitta
equant1,Equatorial Antpitta,Equatorial Antpitta
y00404,Muisca/Equatorial Antpitta,Muisca/Equatorial Antpitta
rufant8,Cajamarca Antpitta,Cajamarca Antpitta
cheant2,Chestnut Antpitta,Chestnut Antpitta
chaant5,Chachapoyas Antpitta,Chachapoyas Antpitta
panant1,Panao Antpitta,Panao Antpitta
rufant9,Junin Antpitta,Junin Antpitta
rufant1,antpitta sp. (Rufous/Chestnut Antpitta complex),antpitta sp. (Rufous/Chestnut Antpitta complex)
tawant2,Boyaca Antpitta,Boyaca Antpitta
tawant3,Tawny Antpitta,Tawny Antpitta
paiant1,Paisa Antpitta (undescribed form),Paisa Antpitta (undescribed form)
tawant4,Atuen Antpitta,Atuen Antpitta
antant1,Urrao Antpitta,Urrao Antpitta
brbant1,Brown-banded Antpitta,Brown-banded Antpitta
rufant2,Rufous-faced Antpitta,Rufous-faced Antpitta
gralla1,Grallaria sp.,Grallaria sp.
spbant1,Speckle-breasted Antpitta,Speckle-breasted Antpitta
stcant2,Streak-chested Antpitta,Streak-chested Antpitta
stcant6,Streak-chested Antpitta (Atlantic Slope),Streak-chested Antpitta (Atlantic Slope)
stcant7,Streak-chested Antpitta (Pacific Slope),Streak-chested Antpitta (Pacific Slope)
stcant5,Streak-chested Antpitta (Eastern Panama),Streak-chested Antpitta (Eastern Panama)
stcant8,Streak-chested Antpitta (Baudo),Streak-chested Antpitta (Baudo)
stcant9,Streak-chested Antpitta (Colombian Valleys),Streak-chested Antpitta (Colombian Valleys)
spoant6,Spotted Antpitta,Spotted Antpitta
spoant4,Spotted Antpitta (Spotted),Spotted Antpitta (Spotted)
spoant3,Spotted Antpitta (Zimmer's),Spotted Antpitta (Zimmer's)
spoant5,Snethlage's Antpitta,Snethlage's Antpitta
alfant1,Alta Floresta Antpitta,Alta Floresta Antpitta
masant1,Masked Antpitta,Masked Antpitta
whbant7,White-browed Antpitta,White-browed Antpitta
whlant2,White-lored Antpitta,White-lored Antpitta
amaant1,Amazonian Antpitta,Amazonian Antpitta
thiant1,Thicket Antpitta,Thicket Antpitta
thlant2,Thrush-like Antpitta,Thrush-like Antpitta
thlant3,Tapajos Antpitta,Tapajos Antpitta
tepant1,Tepui Antpitta,Tepui Antpitta
y00882,Thrush-like/Tepui Antpitta,Thrush-like/Tepui Antpitta
ocbant1,Ochre-breasted Antpitta,Ochre-breasted Antpitta
scbant2,Scallop-breasted Antpitta,Scallop-breasted Antpitta
hooant1,Hooded Antpitta,Hooded Antpitta
calant1,Cali Antpitta (undescribed form),Cali Antpitta (undescribed form)
perant1,Peruvian Antpitta,Peruvian Antpitta
ocfant1,Ochre-fronted Antpitta,Ochre-fronted Antpitta
rubant5,Rusty-breasted Antpitta,Rusty-breasted Antpitta
rubant8,Rusty-breasted Antpitta (rara),Rusty-breasted Antpitta (rara)
rubant6,Rusty-breasted Antpitta (Rusty-breasted),Rusty-breasted Antpitta (Rusty-breasted)
rubant7,Rufous-breasted Antpitta,Leymebamba Antpitta
slcant2,Slaty-crowned Antpitta,Slate-crowned Antpitta
slcant4,Slaty-crowned Antpitta (Slate-crowned),Slate-crowned Antpitta (Slate-crowned)
slcant6,Slaty-crowned Antpitta (Guianan),Slate-crowned Antpitta (Guianan)
slcant5,Sucre Antpitta,Sucre Antpitta
crfant1,Crescent-faced Antpitta,Crescent-faced Antpitta
cthhue1,Chestnut-throated Huet-huet,Chestnut-throated Huet-huet
bthhue1,Black-throated Huet-huet,Black-throated Huet-huet
moutur1,Moustached Turca,Moustached Turca
whttap1,White-throated Tapaculo,White-throated Tapaculo
chutap1,Chucao Tapaculo,Chucao Tapaculo
rubtap1,Rusty-belted Tapaculo,Rusty-belted Tapaculo
ocetap1,Ocellated Tapaculo,Ocellated Tapaculo
cregal1,Crested Gallito,Crested Gallito
sangal1,Sandy Gallito,Sandy Gallito
spobam1,Spotted Bamboowren,Spotted Bamboowren
slabri1,Slaty Bristlefront,Slaty Bristlefront
strbri1,Stresemann's Bristlefront,Stresemann's Bristlefront
ocftap1,Ochre-flanked Tapaculo,Ochre-flanked Tapaculo
asctap1,Ash-colored Tapaculo,Ash-colored Tapaculo
whbtap1,White-breasted Tapaculo,White-breasted Tapaculo
bahtap1,Bahia Tapaculo,Bahia Tapaculo
martap1,Marsh Tapaculo,Marsh Tapaculo
diatap2,Diamantina Tapaculo,Diamantina Tapaculo
bratap1,Brasilia Tapaculo,Brasilia Tapaculo
roctap1,Rock Tapaculo,Rock Tapaculo
platap1,Planalto Tapaculo,Planalto Tapaculo
sertap1,Boa Nova Tapaculo,Boa Nova Tapaculo
moctap1,Mouse-colored Tapaculo,Mouse-colored Tapaculo
dustap1,Dusky Tapaculo,Dusky Tapaculo
magtap1,Magellanic Tapaculo,Magellanic Tapaculo
anctap1,Ancash Tapaculo,Ancash Tapaculo
whwtap1,White-winged Tapaculo,White-winged Tapaculo
partap4,Loja Tapaculo,Loja Tapaculo
partap2,Paramo Tapaculo,Paramo Tapaculo
partap1,Paramillo Tapaculo,Paramillo Tapaculo
whbtap2,White-browed Tapaculo,White-browed Tapaculo
zimtap1,Zimmer's Tapaculo,Zimmer's Tapaculo
puntap1,Puna Tapaculo,Puna Tapaculo
diatap1,Diademed Tapaculo,Diademed Tapaculo
viltap1,Vilcabamba Tapaculo,Vilcabamba Tapaculo
amptap1,Ampay Tapaculo,Ampay Tapaculo
amptap2,Ampay Tapaculo (Apurimac),Ampay Tapaculo (Apurimac)
amptap3,Ampay Tapaculo (Ayacucho),Ampay Tapaculo (Ayacucho)
miltap1,Jalca Tapaculo,Jalca Tapaculo
nebtap1,Neblina Tapaculo,Neblina Tapaculo
tritap1,Trilling Tapaculo,Trilling Tapaculo
boltap1,Bolivian Tapaculo,Bolivian Tapaculo
whctap1,White-crowned Tapaculo,White-crowned Tapaculo
samtap1,Santa Marta Tapaculo,Santa Marta Tapaculo
lottap1,Long-tailed Tapaculo,Long-tailed Tapaculo
ruvtap1,Rufous-vented Tapaculo,Rufous-vented Tapaculo
blatap2,Utcubamba Tapaculo,Utcubamba Tapaculo
laftap1,Large-footed Tapaculo,Large-footed Tapaculo
juntap1,Junin Tapaculo,Junin Tapaculo
unitap1,Unicolored Tapaculo,Unicolored Tapaculo
tsctap1,Tschudi's Tapaculo,Tschudi's Tapaculo
blatap1,Blackish Tapaculo,Blackish Tapaculo
blatap3,Blackish Tapaculo (Blackish),Blackish Tapaculo (Blackish)
blatap4,Blackish Tapaculo (Pacific),Blackish Tapaculo (Pacific)
lamtap1,Lambayeque Tapaculo (undescribed form),Lambayeque Tapaculo (undescribed form)
siftap1,Silvery-fronted Tapaculo,Silvery-fronted Tapaculo
siftap2,Silvery-fronted Tapaculo (Silvery-fronted),Silvery-fronted Tapaculo (Silvery-fronted)
siftap3,Silvery-fronted Tapaculo (Chiriqui),Silvery-fronted Tapaculo (Chiriqui)
nartap2,Narino Tapaculo,Nariño Tapaculo
tactap1,Tacarcuna Tapaculo,Tacarcuna Tapaculo
chotap1,Choco Tapaculo,Choco Tapaculo
upmtap1,Magdalena Tapaculo,Magdalena Tapaculo
magtap2,Magdalena Tapaculo (Yariguies),Magdalena Tapaculo (Yariguies)
magtap3,Magdalena Tapaculo (Upper Magdalena),Magdalena Tapaculo (Upper Magdalena)
stitap1,Stiles's Tapaculo,Stiles's Tapaculo
alptap1,Tatama Tapaculo,Tatama Tapaculo
ecutap1,El Oro Tapaculo,Ecuadorian Tapaculo
cartap1,Caracas Tapaculo,Caracas Tapaculo
turtap1,Turimiquire Tapaculo (undescribed form),Turimiquire Tapaculo (undescribed form)
mattap1,Pale-bellied Tapaculo,Pale-bellied Tapaculo
brrtap1,Brown-rumped Tapaculo,Brown-rumped Tapaculo
pertap1,Perija Tapaculo,Perija Tapaculo
mertap1,Merida Tapaculo,Merida Tapaculo
mertap2,Merida Tapaculo (Merida),Merida Tapaculo (Merida)
lartap1,Merida Tapaculo (Lara),Merida Tapaculo (Lara)
chutap2,Chusquea Tapaculo,Chusquea Tapaculo
spitap2,Spillmann's Tapaculo,Spillmann's Tapaculo
scytal1,Scytalopus sp.,Scytalopus sp.
tapacu1,tapaculo sp.,tapaculo sp.
rucant2,Rufous-capped Antthrush,Rufous-capped Antthrush
rucant18,Rufous-capped Antthrush (Rufous-capped),Rufous-capped Antthrush (Rufous-capped)
rucant17,Rufous-capped Antthrush (Rufous-fronted),Rufous-capped Antthrush (Rufous-fronted)
bkfant2,Mayan Antthrush,Mayan Antthrush
blfant1,Black-faced Antthrush,Black-faced Antthrush
bkfant1,Black-faced Antthrush (Central American),Black-faced Antthrush (Central American)
bkfant3,Black-faced Antthrush (Black-faced),Black-faced Antthrush (Black-faced)
rufant3,Rufous-fronted Antthrush,Rufous-fronted Antthrush
bkhant7,Black-headed Antthrush (Central American),Black-capped Antthrush
bkhant8,Black-headed Antthrush (Choco),Black-hooded Antthrush
rubant1,Rufous-breasted Antthrush,Rufous-breasted Antthrush
rubant16,Rufous-breasted Antthrush (Rufous-breasted),Rufous-breasted Antthrush (Rufous-breasted)
rubant15,Rufous-breasted Antthrush (Southern),Rufous-breasted Antthrush (Southern)
formic1,Formicarius sp.,Formicarius sp.
shtant1,Short-tailed Antthrush,Short-tailed Antthrush
shtant14,Short-tailed Antthrush (Tepui),Short-tailed Antthrush (Tepui)
shtant15,Short-tailed Antthrush (North Andean),Short-tailed Antthrush (North Andean)
shtant16,Short-tailed Antthrush (South Andean),Short-tailed Antthrush (South Andean)
shtant17,Short-tailed Antthrush (Atlantic),Short-tailed Antthrush (Atlantic)
strant3,Striated Antthrush,Striated Antthrush
strant8,Striated Antthrush (Striated),Striated Antthrush (Striated)
strant7,Striated Antthrush (Ochre-breasted),Striated Antthrush (Ochre-breasted)
sucant1,Cryptic Antthrush,Such's Antthrush
schant1,Schwartz's Antthrush,Schwartz's Antthrush
rutant2,Rufous-tailed Antthrush,Rufous-tailed Antthrush
barant2,Barred Antthrush,Barred Antthrush
barant16,Barred Antthrush (Barred),Barred Antthrush (Barred)
barant17,Barred Antthrush (Yungas),Barred Antthrush (Yungas)
chamae1,Chamaeza sp.,Chamaeza sp.
antthr1,antthrush sp.,antthrush sp.
tatlea1,Tawny-throated Leaftosser,Middle American Leaftosser
tatlea5,Tawny-throated Leaftosser (Mexican),Middle American Leaftosser (Mexican)
tatlea8,Tawny-throated Leaftosser (Costa Rican),Middle American Leaftosser (Costa Rican)
soalea1,Dusky Leaftosser,South American Leaftosser
tatlea2,Dusky Leaftosser (Andean),South American Leaftosser (Andean)
tatlea6,Dusky Leaftosser (Dusky),South American Leaftosser (Dusky)
tatlea7,Dusky Leaftosser (Amazonian),South American Leaftosser (Amazonian)
tatlea4,Dusky Leaftosser (Guianan),South American Leaftosser (Guianan)
tatlea3,Dusky Leaftosser (Atlantic),South American Leaftosser (Atlantic)
y00405,Tawny-throated/Dusky Leaftosser,Middle American/South American Leaftosser
shblea1,Short-billed Leaftosser,Short-billed Leaftosser
sctlea1,Scaly-throated Leaftosser,Scaly-throated Leaftosser
bltlea1,Black-tailed Leaftosser,Black-tailed Leaftosser
grtlea1,Grey-throated Leaftosser,Gray-throated Leaftosser
gytlea1,Grey-throated Leaftosser (Central American),Gray-throated Leaftosser (Central American)
gytlea8,Grey-throated Leaftosser (South American),Gray-throated Leaftosser (South American)
rublea1,Rufous-breasted Leaftosser,Rufous-breasted Leaftosser
rublea2,Rufous-breasted Leaftosser (Ceara),Rufous-breasted Leaftosser (Ceara)
rublea3,Rufous-breasted Leaftosser (Rufous-breasted),Rufous-breasted Leaftosser (Rufous-breasted)
leafto1,leaftosser sp.,leaftosser sp.
coamin1,Coastal Miner,Coastal Miner
slbmin1,Slender-billed Miner,Slender-billed Miner
commin1,Common Miner,Common Miner
commin3,Common Miner (Altiplano),Common Miner (Altiplano)
commin6,Common Miner (georgei),Common Miner (georgei)
commin4,Common Miner (Coastal Desert),Common Miner (Coastal Desert)
commin5,Common Miner (Central Chile),Common Miner (Central Chile)
commin2,Common Miner (Patagonian),Common Miner (Patagonian)
punmin1,Puna Miner,Puna Miner
y00795,Common/Puna Miner,Common/Puna Miner
cammin2,Campo Miner,Campo Miner
thbmin1,Thick-billed Miner,Thick-billed Miner
rubmin1,Rufous-banded Miner,Rufous-banded Miner
gramin1,Greyish Miner,Grayish Miner
shbmin1,Short-billed Miner,Short-billed Miner
dawmin1,Dark-winged Miner,Dark-winged Miner
crrmin1,Creamy-rumped Miner,Creamy-rumped Miner
miner1,miner sp. (Geositta sp.),miner sp. (Geositta sp.)
sptwoo1,Spot-throated Woodcreeper,Spot-throated Woodcreeper
oliwoo1,Olivaceous Woodcreeper,Olivaceous Woodcreeper
oliwoo3,Olivaceous Woodcreeper (Greyish),Olivaceous Woodcreeper (Grayish)
oliwoo4,Olivaceous Woodcreeper (Pacific),Olivaceous Woodcreeper (Pacific)
oliwoo5,Olivaceous Woodcreeper (Amazonian),Olivaceous Woodcreeper (Amazonian)
oliwoo6,Olivaceous Woodcreeper (Reiser's),Olivaceous Woodcreeper (Reiser's)
oliwoo7,Olivaceous Woodcreeper (Olivaceous),Olivaceous Woodcreeper (Olivaceous)
lotwoo3,Little Long-tailed Woodcreeper,Piping Long-tailed Woodcreeper
lotwoo4,Northern Long-tailed Woodcreeper,Whistling Long-tailed Woodcreeper
lotwoo5,Southern Long-tailed Woodcreeper,Mournful Long-tailed Woodcreeper
yunwoo1,Yungas Long-tailed Woodcreeper (undescribed form),Yungas Long-tailed Woodcreeper (undescribed form)
tyrwoo1,Tyrannine Woodcreeper,Tyrannine Woodcreeper
whcwoo1,White-chinned Woodcreeper,White-chinned Woodcreeper
whcwoo9,White-chinned Woodcreeper (Northern),White-chinned Woodcreeper (Northern)
whcwoo10,White-chinned Woodcreeper (Southern),White-chinned Woodcreeper (Southern)
rudwoo1,Ruddy Woodcreeper,Ruddy Woodcreeper
tawwoo1,Tawny-winged Woodcreeper,Tawny-winged Woodcreeper
plbwoo1,Plain-brown Woodcreeper,Plain-brown Woodcreeper
plbwoo2,Plain-brown Woodcreeper (Plain-brown),Plain-brown Woodcreeper (Plain-brown)
plbwoo3,Plain-brown Woodcreeper (Line-throated),Plain-brown Woodcreeper (Line-throated)
plbwoo17,Plain-brown Woodcreeper (atrirostris/trumaii),Plain-brown Woodcreeper (atrirostris/trumaii)
plwwoo1,Plain-winged Woodcreeper,Plain-winged Woodcreeper
plbwoo4,Plain-winged Woodcreeper (Pernambuco),Plain-winged Woodcreeper (Pernambuco)
plbwoo5,Plain-winged Woodcreeper (Plain-winged),Plain-winged Woodcreeper (Plain-winged)
dendro2,Dendrocincla sp.,Dendrocincla sp.
webwoo1,Wedge-billed Woodcreeper,Wedge-billed Woodcreeper
webwoo2,Wedge-billed Woodcreeper (pectoralis Group),Wedge-billed Woodcreeper (pectoralis Group)
webwoo3,Wedge-billed Woodcreeper (spirurus Group),Wedge-billed Woodcreeper (spirurus Group)
webwoo4,Wedge-billed Woodcreeper (albigularis),Wedge-billed Woodcreeper (albigularis)
webwoo5,Wedge-billed Woodcreeper (cuneatus Group),Wedge-billed Woodcreeper (cuneatus Group)
citwoo1,Cinnamon-throated Woodcreeper,Cinnamon-throated Woodcreeper
citwoo2,Cinnamon-throated Woodcreeper (devillei),Cinnamon-throated Woodcreeper (devillei)
citwoo3,Cinnamon-throated Woodcreeper (rufigula),Cinnamon-throated Woodcreeper (rufigula)
citwoo4,Cinnamon-throated Woodcreeper (paraensis/moniliger),Cinnamon-throated Woodcreeper (paraensis/moniliger)
lobwoo1,Long-billed Woodcreeper,Long-billed Woodcreeper
nobwoo1,Northern Barred Woodcreeper,Northern Barred-Woodcreeper
norbaw1,Northern Barred Woodcreeper (Western),Northern Barred-Woodcreeper (Western)
norbaw2,Northern Barred Woodcreeper (Eastern),Northern Barred-Woodcreeper (Eastern)
amabaw1,Amazonian Barred Woodcreeper,Amazonian Barred-Woodcreeper
amabaw2,Amazonian Barred Woodcreeper (Napo),Amazonian Barred-Woodcreeper (Napo)
amabaw3,Amazonian Barred Woodcreeper (Amazonian),Amazonian Barred-Woodcreeper (Amazonian)
amabaw4,Amazonian Barred Woodcreeper (Jurua),Amazonian Barred-Woodcreeper (Jurua)
amabaw5,Amazonian Barred Woodcreeper (Plain-colored),Amazonian Barred-Woodcreeper (Plain-colored)
amabaw6,Amazonian Barred Woodcreeper (Ridgway's),Amazonian Barred-Woodcreeper (Ridgway's)
xinwoo1,Amazonian Barred Woodcreeper (Xingu),Amazonian Barred-Woodcreeper (Xingu)
amabaw7,Amazonian Barred Woodcreeper (Todd's),Amazonian Barred-Woodcreeper (Todd's)
blbwoo1,Black-banded Woodcreeper,Black-banded Woodcreeper
bkbwoo7,Black-banded Woodcreeper (Mexican),Black-banded Woodcreeper (Mexican)
bkbwoo10,Black-banded Woodcreeper (Costa Rican),Black-banded Woodcreeper (Costa Rican)
bkbwoo8,Black-banded Woodcreeper (Caribbean),Black-banded Woodcreeper (Caribbean)
bkbwoo11,Black-banded Woodcreeper (Andean),Black-banded Woodcreeper (Andean)
bkbwoo2,Black-banded Woodcreeper (Amazonian),Black-banded Woodcreeper (Amazonian)
bkbwoo14,Black-banded Woodcreeper (Tapajos),Black-banded Woodcreeper (Tapajos)
bkbwoo9,Black-banded Woodcreeper (Bolivian),Black-banded Woodcreeper (Bolivian)
bkbwoo3,Black-banded Woodcreeper (Southern),Black-banded Woodcreeper (Southern)
hofwoo2,Hoffmanns's Woodcreeper,Hoffmanns's Woodcreeper
plawoo1,Planalto Woodcreeper,Planalto Woodcreeper
dendro4,Dendrocolaptes sp.,Dendrocolaptes sp.
babwoo1,Bar-bellied Woodcreeper,Bar-bellied Woodcreeper
rebwoo1,Red-billed Woodcreeper,Red-billed Woodcreeper
uniwoo1,Uniform/Brigida's Woodcreeper,Uniform Woodcreeper
rebwoo3,Uniform Woodcreeper,Uniform Woodcreeper (Uniform)
rebwoo4,Brigida's Woodcreeper,Uniform Woodcreeper (Brigida's)
stbwoo1,Strong-billed Woodcreeper,Strong-billed Woodcreeper
stbwoo6,Strong-billed Woodcreeper (Central American),Strong-billed Woodcreeper (Central American)
stbwoo7,Strong-billed Woodcreeper (Andean/Northern),Strong-billed Woodcreeper (Andean/Northern)
stbwoo8,Strong-billed Woodcreeper (Amazonian),Strong-billed Woodcreeper (Amazonian)
stbwoo9,Strong-billed Woodcreeper (Carajas),Strong-billed Woodcreeper (Carajas)
mouwoo1,Moustached Woodcreeper,Moustached Woodcreeper
whtwoo1,White-throated Woodcreeper,White-throated Woodcreeper
grrwoo1,Great Rufous Woodcreeper,Great Rufous Woodcreeper
strwoo2,Striped Woodcreeper,Striped Woodcreeper
leswoo4,Ceara Woodcreeper,Ceara Woodcreeper
leswoo2,Lesser Woodcreeper,Lesser Woodcreeper
chrwoo1,Chestnut-rumped Woodcreeper,Chestnut-rumped Woodcreeper
ocewoo1,Ocellated Woodcreeper,Ocellated Woodcreeper
ocewoo2,Ocellated Woodcreeper (Tschudi's),Ocellated Woodcreeper (Tschudi's)
ocewoo4,Ocellated Woodcreeper (Line-crowned),Ocellated Woodcreeper (Line-crowned)
ocewoo3,Ocellated Woodcreeper (Ocellated),Ocellated Woodcreeper (Ocellated)
elewoo1,Elegant Woodcreeper,Elegant Woodcreeper
spiwoo1,Spix's Woodcreeper,Spix's Woodcreeper
cocwoo1,Cocoa Woodcreeper,Cocoa Woodcreeper
cocwoo2,Cocoa Woodcreeper (Lawrence's),Cocoa Woodcreeper (Lawrence's)
cocwoo3,Cocoa Woodcreeper (Cocoa),Cocoa Woodcreeper (Cocoa)
butwoo1,Buff-throated Woodcreeper,Buff-throated Woodcreeper
butwoo2,Buff-throated Woodcreeper (Buff-throated),Buff-throated Woodcreeper (Buff-throated)
butwoo3,Buff-throated Woodcreeper (Lafresnaye's),Buff-throated Woodcreeper (Lafresnaye's)
butwoo4,Buff-throated Woodcreeper (Dusky-billed),Buff-throated Woodcreeper (Dusky-billed)
ivbwoo1,Ivory-billed Woodcreeper,Ivory-billed Woodcreeper
blswoo1,Black-striped Woodcreeper,Black-striped Woodcreeper
spowoo1,Spotted Woodcreeper,Spotted Woodcreeper
spowoo2,Spotted Woodcreeper (Spotted),Spotted Woodcreeper (Spotted)
spowoo3,Spotted Woodcreeper (Berlepsch's),Spotted Woodcreeper (Berlepsch's)
olbwoo1,Olive-backed Woodcreeper,Olive-backed Woodcreeper
xiphor1,Xiphorhynchus sp.,Xiphorhynchus sp.
stbwoo2,Straight-billed Woodcreeper,Straight-billed Woodcreeper
zimwoo2,Zimmer's Woodcreeper,Zimmer's Woodcreeper
y00706,Straight-billed/Zimmer's Woodcreeper,Straight-billed/Zimmer's Woodcreeper
rebscy1,Red-billed Scythebill,Red-billed Scythebill
rebscy14,Red-billed Scythebill (Northern),Red-billed Scythebill (Northern)
rebscy15,Red-billed Scythebill (Trans-Andean),Red-billed Scythebill (Trans-Andean)
rebscy16,Red-billed Scythebill (Amazonian),Red-billed Scythebill (Amazonian)
blbscy1,Black-billed Scythebill,Black-billed Scythebill
cubscy1,Curve-billed Scythebill,Curve-billed Scythebill
cubscy2,Curve-billed Scythebill (Zimmer's),Curve-billed Scythebill (Zimmer's)
cubscy3,Curve-billed Scythebill (Curve-billed),Curve-billed Scythebill (Curve-billed)
tupscy1,Curve-billed Scythebill (Tupana),Curve-billed Scythebill (Tupana)
tapscy2,Tapajos Scythebill,Tapajos Scythebill
cubscy4,Tapajos Scythebill (Rondonia),Tapajos Scythebill (Rondonia)
tapscy1,Tapajos Scythebill (Tapajos),Tapajos Scythebill (Tapajos)
cubscy5,Xingu Scythebill,Xingu Scythebill
brbscy1,Brown-billed Scythebill,Brown-billed Scythebill
scythe1,scythebill sp.,scythebill sp.
grescy1,Greater Scythebill,Greater Scythebill
scbwoo4,Scimitar-billed Woodcreeper,Scimitar-billed Woodcreeper
sthwoo1,Streak-headed Woodcreeper,Streak-headed Woodcreeper
nabwoo1,Narrow-billed Woodcreeper,Narrow-billed Woodcreeper
whswoo1,White-striped Woodcreeper,White-striped Woodcreeper
spcwoo1,Spot-crowned Woodcreeper,Spot-crowned Woodcreeper
spcwoo4,Spot-crowned Woodcreeper (Northern),Spot-crowned Woodcreeper (Northern)
spcwoo5,Spot-crowned Woodcreeper (Southern),Spot-crowned Woodcreeper (Southern)
monwoo1,Montane Woodcreeper,Montane Woodcreeper
scawoo1,Scaled Woodcreeper,Scaled Woodcreeper
scawoo4,Scaled Woodcreeper (Wagler's),Scaled Woodcreeper (Wagler's)
scawoo3,Scaled Woodcreeper (Scaled),Scaled Woodcreeper (Scaled)
scawoo2,Scalloped Woodcreeper,Scalloped Woodcreeper
linwoo4,Duida Woodcreeper,Duida Woodcreeper
linwoo3,Guianan Woodcreeper,Guianan Woodcreeper
inawoo1,Inambari Woodcreeper,Inambari Woodcreeper
y00968,Duida/Inambari Woodcreeper,Duida/Inambari Woodcreeper
ducwoo1,Dusky-capped Woodcreeper,Dusky-capped Woodcreeper
linwoo5,Dusky-capped Woodcreeper (Rondonia),Dusky-capped Woodcreeper (Rondonia)
linwoo6,Dusky-capped Woodcreeper (Layard's),Dusky-capped Woodcreeper (Layard's)
lepido1,Lepidocolaptes sp.,Lepidocolaptes sp.
woodcr1,woodcreeper sp.,woodcreeper sp.
slbxen1,Slender-billed Xenops,Slender-billed Xenops
plaxen2,Northern Plain Xenops,Northern Plain-Xenops
plaxen3,Amazonian Plain Xenops,Amazonian Plain-Xenops
plaxen4,Atlantic Plain Xenops,Atlantic Plain-Xenops
strxen1,Streaked Xenops,Streaked Xenops
y00738,Slender-billed/Streaked Xenops,Slender-billed/Streaked Xenops
xenops1,xenops sp.,xenops sp.
potpal1,Point-tailed Palmcreeper,Point-tailed Palmcreeper
rutxen1,Rufous-tailed Xenops,Rufous-tailed Xenops
whttre2,White-throated Treerunner,White-throated Treerunner
rocear1,Rock Earthcreeper,Rock Earthcreeper
stbear2,Straight-billed Earthcreeper,Straight-billed Earthcreeper
batear1,Band-tailed Earthcreeper,Band-tailed Earthcreeper
crachi1,Crag Chilia,Crag Chilia
buftuf1,Buffy Tuftedcheek,Buffy Tuftedcheek
buftuf3,Pacific Tuftedcheek,Pacific Tuftedcheek
strtuf1,Streaked Tuftedcheek,Streaked Tuftedcheek
ruwbar1,Rusty-winged Barbtail,Rusty-winged Barbtail
bolear1,Bolivian Earthcreeper,Bolivian Earthcreeper
chaear1,Chaco Earthcreeper,Chaco Earthcreeper
wibhor1,Band-tailed Hornero,Wing-banded Hornero
palhor4,Pacific Hornero,Pacific Hornero
palhor5,Caribbean Hornero,Caribbean Hornero
palhor3,Pale-legged Hornero,Pale-legged Hornero
pabhor2,Bay Hornero,Pale-billed Hornero
leshor1,Lesser Hornero,Lesser Hornero
rufhor2,Rufous Hornero,Rufous Hornero
crehor1,Crested Hornero,Crested Hornero
horner1,hornero sp.,hornero sp.
shtstr1,Sharp-tailed Streamcreeper,Sharp-tailed Streamcreeper
wrlrus1,Wren-like Rushbird,Wren-like Rushbird
cubree1,Curve-billed Reedhaunter,Curve-billed Reedhaunter
strear1,Striated Earthcreeper,Striated Earthcreeper
pafear1,Patagonian Forest Earthcreeper,Patagonian Forest Earthcreeper
sctear1,Scale-throated Earthcreeper,Scale-throated Earthcreeper
y01384,Patagonian Forest/Scale-throated Earthcreeper,Patagonian Forest/Scale-throated Earthcreeper
whtear1,White-throated Earthcreeper,White-throated Earthcreeper
bubear2,Buff-breasted Earthcreeper,Buff-breasted Earthcreeper
plbear1,Buff-breasted Earthcreeper (Plain-breasted),Buff-breasted Earthcreeper (Plain-breasted)
bubear1,Buff-breasted Earthcreeper (Buff-breasted),Buff-breasted Earthcreeper (Buff-breasted)
upucer1,Upucerthia sp.,Upucerthia sp.
lotcin1,Long-tailed Cinclodes,Long-tailed Cinclodes
lotcin2,Long-tailed Cinclodes (Cipo),Long-tailed Cinclodes (Cipo)
lotcin3,Long-tailed Cinclodes (Long-tailed),Long-tailed Cinclodes (Long-tailed)
buwcin1,Buff-winged Cinclodes,Buff-winged Cinclodes
blacin1,Blackish Cinclodes,Blackish Cinclodes
blacin2,Blackish Cinclodes (Black),Blackish Cinclodes (Black)
blacin3,Blackish Cinclodes (Blackish),Blackish Cinclodes (Blackish)
corcin1,Cordoba Cinclodes,Cordoba Cinclodes
chwcin1,Chestnut-winged Cinclodes,Chestnut-winged Cinclodes
olrcin1,Olrog's Cinclodes,Olrog's Cinclodes
crwcin1,Cream-winged Cinclodes,Cream-winged Cinclodes
bawcin1,bar-winged cinclodes sp.,bar-winged cinclodes sp.
gyfcin1,Grey-flanked Cinclodes,Gray-flanked Cinclodes
stbcin1,Stout-billed Cinclodes,Stout-billed Cinclodes
roycin1,Royal Cinclodes,Royal Cinclodes
whbcin1,White-bellied Cinclodes,White-bellied Cinclodes
whwcin1,White-winged Cinclodes,White-winged Cinclodes
dabcin1,Dark-bellied Cinclodes,Dark-bellied Cinclodes
surcin1,Peruvian Seaside Cinclodes,Surf Cinclodes
seacin1,Chilean Seaside Cinclodes,Seaside Cinclodes
cinclo1,Cinclodes sp.,cinclodes sp.
ducfog1,Bamboo Foliage-gleaner,Dusky-cheeked Foliage-gleaner
wcfgle1,White-collared Foliage-gleaner,White-collared Foliage-gleaner
grexen1,Great Xenops,Great Xenops
pabtre1,Pale-browed Treehunter,Pale-browed Treehunter
pabtre2,Pale-browed Treehunter (Pale-tailed),Pale-browed Treehunter (Pale-tailed)
pabtre3,Pale-browed Treehunter (Rufous-tailed),Pale-browed Treehunter (Rufous-tailed)
crytre1,Cryptic Treehunter,Cryptic Treehunter
shbtre1,Sharp-billed Treehunter,Sharp-billed Treehunter
bahtre1,Bahia Treehunter (undescribed form),Bahia Treehunter (undescribed form)
swfgle,Slaty-winged Foliage-gleaner,Slaty-winged Foliage-gleaner
slwfog1,Slaty-winged Foliage-gleaner (Dusky-winged),Slaty-winged Foliage-gleaner (Dusky-winged)
slwfog2,Slaty-winged Foliage-gleaner (Rufous-backed),Slaty-winged Foliage-gleaner (Rufous-backed)
rurfog1,Rufous-rumped Foliage-gleaner,Rufous-rumped Foliage-gleaner
alfgle1,Alagoas Foliage-gleaner,Alagoas Foliage-gleaner
y00969,Cryptic Treehunter/Alagoas Foliage-Gleaner,Cryptic Treehunter/Alagoas Foliage-gleaner
bcfgle1,Black-capped Foliage-gleaner,Black-capped Foliage-gleaner
crfgle1,Cinnamon-rumped Foliage-gleaner,Cinnamon-rumped Foliage-gleaner
philyd1,Philydor sp.,Philydor sp.
stfgle1,Scaly-throated Foliage-gleaner,Scaly-throated Foliage-gleaner
sctfog1,Scaly-throated Foliage-gleaner (Scaly-throated),Scaly-throated Foliage-gleaner (Scaly-throated)
sctfog2,Scaly-throated Foliage-gleaner (Spot-breasted),Scaly-throated Foliage-gleaner (Spot-breasted)
mofgle1,Montane Foliage-gleaner,Montane Foliage-gleaner
rutfog1,Rufous-tailed Foliage-gleaner,Rufous-tailed Foliage-gleaner
whbfog1,White-browed Foliage-gleaner,White-browed Foliage-gleaner
obfgle2,Ochre-breasted Foliage-gleaner,Ochre-breasted Foliage-gleaner
anabac1,Anabacerthia sp.,Anabacerthia sp.
gufgle1,Guttulate Foliage-gleaner,Guttulate Foliage-gleaner
lifgle1,Lineated Foliage-gleaner,Lineated Foliage-gleaner
bbfgle1,Buff-browed Foliage-gleaner,Buff-browed Foliage-gleaner
rnfgle1,Rufous-necked Foliage-gleaner,Rufous-necked Foliage-gleaner
rumfog1,Planalto Foliage-gleaner,Russet-mantled Foliage-gleaner
wtfgle1,Tepui Foliage-gleaner,White-throated Foliage-gleaner
perrec1,Peruvian Recurvebill,Peruvian Recurvebill
bolrec1,Bolivian Recurvebill,Bolivian Recurvebill
syndac1,Syndactyla sp.,Syndactyla sp.
chwhoo1,Chestnut-winged Hookbill,Chestnut-winged Hookbill
bffgle,Buff-fronted Foliage-gleaner,Buff-fronted Foliage-gleaner
chwfog1,Chestnut-winged Foliage-gleaner,Chestnut-winged Foliage-gleaner
ccfgle1,Henna-capped Foliage-gleaner,Chestnut-capped Foliage-gleaner
cangro1,Canebrake Groundcreeper,Canebrake Groundcreeper
hhfgle1,Henna-hooded Foliage-gleaner,Henna-hooded Foliage-gleaner
rufgle1,Ruddy Foliage-gleaner,Ruddy Foliage-gleaner
rudfog1,Ruddy Foliage-gleaner (Rusty),Ruddy Foliage-gleaner (Rusty)
rudfog2,Ruddy Foliage-gleaner (Black-tailed),Ruddy Foliage-gleaner (Black-tailed)
rudfog3,Ruddy Foliage-gleaner (Cinnamon-throated),Ruddy Foliage-gleaner (Cinnamon-throated)
rudfog4,Ruddy Foliage-gleaner (Dusky),Ruddy Foliage-gleaner (Dusky)
rudfog5,Ruddy Foliage-gleaner (Watkins's),Ruddy Foliage-gleaner (Watkins's)
samfog1,Santa Marta Foliage-gleaner,Santa Marta Foliage-gleaner
unitre1,Uniform Treehunter,Uniform Treehunter
flatre1,Flammulated Treehunter,Flammulated Treehunter
rubtre1,Peruvian Treehunter,Rufous-backed Treehunter
strtre1,Striped Treehunter,Striped Treehunter
stctre1,Streak-capped Treehunter,Streak-capped Treehunter
stbtre1,Streak-breasted Treehunter,Streak-breasted Treehunter
blbtre1,Black-billed Treehunter,Black-billed Treehunter
ccfgle2,Chestnut-crowned Foliage-gleaner,Chestnut-crowned Foliage-gleaner
brfgle1,Brown-rumped Foliage-gleaner,Brown-rumped Foliage-gleaner
butfog9,Fawn-throated Foliage-gleaner,Fawn-throated Foliage-gleaner
butfog1,Fawn-throated Foliage-gleaner (Mexican),Fawn-throated Foliage-gleaner (Mexican)
butfog3,Fawn-throated Foliage-gleaner (hypophaeus),Fawn-throated Foliage-gleaner (hypophaeus)
butfog4,Chiriqui Foliage-gleaner,Chiriqui Foliage-gleaner
btfgle1,Ochre-throated Foliage-gleaner,Ochre-throated Foliage-gleaner
butfog5,Ochre-throated Foliage-gleaner (pallidigularis),Ochre-throated Foliage-gleaner (pallidigularis)
butfog6,Ochre-throated Foliage-gleaner (turdinus),Ochre-throated Foliage-gleaner (turdinus)
butfog7,Ochre-throated Foliage-gleaner (ochrolaemus),Ochre-throated Foliage-gleaner (ochrolaemus)
butfog8,Ochre-throated Foliage-gleaner (auricularis),Ochre-throated Foliage-gleaner (auricularis)
y01220,Fawn-throated/Ochre-throated Foliage-gleaner,Fawn-throated/Ochre-throated Foliage-gleaner
strwoo5,Western Woodhaunter,Western Woodhaunter
strwoo4,Eastern Woodhaunter,Eastern Woodhaunter
obfgle3,Olive-backed Foliage-gleaner,Olive-backed Foliage-gleaner
olbfog2,Olive-backed Foliage-gleaner (Olive-capped),Olive-backed Foliage-gleaner (Olive-capped)
olbfog1,Olive-backed Foliage-gleaner (Olive-backed),Olive-backed Foliage-gleaner (Olive-backed)
parfog1,Para Foliage-gleaner,Para Foliage-gleaner
perfog1,Pernambuco Foliage-gleaner,Pernambuco Foliage-gleaner
wefgle1,White-eyed Foliage-gleaner,White-eyed Foliage-gleaner
automo1,Automolus sp.,Automolus sp.
foliag1,foliage-gleaner sp.,foliage-gleaner sp.
spobar1,Spotted Barbtail,Spotted Barbtail
whtbar1,White-throated Barbtail,White-throated Barbtail
whtbar2,White-throated Barbtail (White-throated),White-throated Barbtail (White-throated)
whtbar3,White-throated Barbtail (Paria),White-throated Barbtail (Paria)
beatre1,Beautiful Treerunner,Beautiful Treerunner
rudtre1,Ruddy Treerunner,Ruddy Treerunner
fudtre1,Star-chested Treerunner,Fulvous-dotted Treerunner
peatre1,Pearled Treerunner,Pearled Treerunner
thtray1,Thorn-tailed Rayadito,Thorn-tailed Rayadito
masray1,Masafuera Rayadito,Masafuera Rayadito
demwir1,Des Murs's Wiretail,Des Murs's Wiretail
tatspi1,Tawny Tit-Spinetail,Tawny Tit-Spinetail
bctspi1,Brown-capped Tit-Spinetail,Brown-capped Tit-Spinetail
tutspi1,Tufted Tit-Spinetail,Tufted Tit-Spinetail
pmtspi1,Plain-mantled Tit-Spinetail,Plain-mantled Tit-Spinetail
plmtis3,Plain-mantled Tit-Spinetail (grisescens),Plain-mantled Tit-Spinetail (grisescens)
plmtis2,Plain-mantled Tit-Spinetail (berlepschi),Plain-mantled Tit-Spinetail (berlepschi)
plmtis1,Plain-mantled Tit-Spinetail (aegithaloides),Plain-mantled Tit-Spinetail (aegithaloides)
plmtis4,Plain-mantled Tit-Spinetail (pallida),Plain-mantled Tit-Spinetail (pallida)
sttspi2,Striolated Tit-Spinetail,Striolated Tit-Spinetail
rctspi1,Rusty-crowned Tit-Spinetail,Rusty-crowned Tit-Spinetail
wbtspi1,White-browed Tit-Spinetail,White-browed Tit-Spinetail
sttspi1,Streak-backed Tit-Spinetail,Streaked Tit-Spinetail
strtis4,Streak-backed Tit-Spinetail (Streak-throated),Streaked Tit-Spinetail (Streak-throated)
strtis2,Streak-backed Tit-Spinetail (White-throated),Streaked Tit-Spinetail (White-throated)
antspi1,Andean Tit-Spinetail,Andean Tit-Spinetail
artspi1,Araucaria Tit-Spinetail,Araucaria Tit-Spinetail
titspi1,tit-spinetail sp.,tit-spinetail sp.
ruftho3,Plain Thornbird,Plain Thornbird
ruftho1,Rufous-fronted Thornbird,Rufous-fronted Thornbird
ruftho2,Rufous-fronted Thornbird (Rufous-fronted),Rufous-fronted Thornbird (Rufous-fronted)
ruftho7,Rufous-fronted Thornbird (Rufous-winged),Rufous-fronted Thornbird (Rufous-winged)
mantho1,Mantaro Thornbird (undescribed form),Mantaro Thornbird (undescribed form)
stftho1,Streak-fronted Thornbird,Streak-fronted Thornbird
littho1,Little Thornbird,Little Thornbird
chbtho1,Chestnut-backed Thornbird,Chestnut-backed Thornbird
spbtho1,Spot-breasted Thornbird,Spot-breasted Thornbird
frbtho1,Freckle-breasted Thornbird,Freckle-breasted Thornbird
gretho2,Greater Thornbird,Greater Thornbird
oretho1,Orange-eyed Thornbird,Orange-eyed Thornbird
orbtho1,Orange-breasted Thornbird,Orange-breasted Thornbird
reetho1,Orange-eyed/Orange-breasted Thornbird,Orange-eyed/Orange-breasted Thornbird
thornb2,thornbird sp.,thornbird sp.
whbspi2,White-browed Spinetail,White-browed Spinetail
whbspi3,White-browed Spinetail (gularis),White-browed Spinetail (gularis)
whbspi4,White-browed Spinetail (brunneidorsalis),White-browed Spinetail (brunneidorsalis)
whbspi5,White-browed Spinetail (cinereiventris),White-browed Spinetail (cinereiventris)
whbspi6,White-browed Spinetail (rufiventris),White-browed Spinetail (rufiventris)
firgat1,Firewood-gatherer,Firewood-gatherer
lalbru1,Lark-like Brushrunner,Lark-like Brushrunner
patcan1,Pale-tailed Canastero,Pale-tailed Canastero
patcan3,Pale-tailed Canastero (Santa Valley),Pale-tailed Canastero (Santa Valley)
crbcan5,Pale-tailed Canastero (Huancavelica),Pale-tailed Canastero (Huancavelica)
crbcan3,Pale-tailed Canastero (Pale-tailed),Pale-tailed Canastero (Pale-tailed)
crbcan4,Dark-winged Canastero,Dark-winged Canastero
dawcan1,Dark-winged Canastero (Ayacucho),Dark-winged Canastero (Ayacucho)
dawcan2,Dark-winged Canastero (Southern),Dark-winged Canastero (Southern)
crbcan2,Rusty-vented Canastero,Rusty-vented Canastero
bercan1,Berlepsch's Canastero,Berlepsch's Canastero
shbcan1,Short-billed Canastero,Short-billed Canastero
cipcan1,Cipo Canastero,Cipo Canastero
hudcan1,Hudson's Canastero,Hudson's Canastero
auscan1,Austral Canastero,Austral Canastero
lifcan1,Line-fronted Canastero,Line-fronted Canastero
mascan1,Many-striped Canastero,Many-striped Canastero
juncan1,Junin Canastero,Junin Canastero
sctcan1,Scribble-tailed Canastero,Scribble-tailed Canastero
stbcan9,Streak-backed/Puna Canastero,Streak-backed Canastero
stbcan1,Streak-backed Canastero,Streak-backed Canastero (Streak-backed)
puncan1,Puna Canastero,Streak-backed Canastero (Puna)
sttcan1,Streak-throated Canastero,Streak-throated Canastero
corcan1,Cordilleran Canastero,Cordilleran Canastero
itaspi1,Itatiaia Spinetail,Itatiaia Spinetail
shbcan2,Sharp-billed Canastero,Sharp-billed Canastero
bltthi1,Black-throated Thistletail,Black-throated Thistletail
punthi1,Puna Thistletail,Puna Thistletail
vilthi3,Ayacucho Thistletail,Ayacucho Thistletail
vilthi2,Vilcabamba Thistletail,Vilcabamba Thistletail
cancan1,Canyon Canastero,Canyon Canastero
rufcan1,Rusty-fronted Canastero,Rusty-fronted Canastero
maqcan1,Maquis Canastero,Maquis Canastero
eyrthi1,Eye-ringed Thistletail,Eye-ringed Thistletail
ocbthi1,Ochre-browed Thistletail,Ochre-browed Thistletail
perthi1,Perija Thistletail,Perija Thistletail
whcthi1,White-chinned Thistletail,White-chinned Thistletail
whcthi2,White-chinned Thistletail (fumigata),White-chinned Thistletail (fumigata)
whcthi3,White-chinned Thistletail (fuliginosa),White-chinned Thistletail (fuliginosa)
whcthi6,White-chinned Thistletail (peruviana/plengei),White-chinned Thistletail (peruviana/plengei)
mocthi1,Mouse-colored Thistletail,Mouse-colored Thistletail
canast1,canastero sp.,canastero sp.
pilgra1,Pink-legged Graveteiro,Pink-legged Graveteiro
orfplu2,Orange-fronted Plushcrown,Orange-fronted Plushcrown
dobgra1,Double-banded Greytail,Double-banded Graytail
equgra1,Equatorial Greytail,Equatorial Graytail
spepri1,Spectacled Prickletail,Spectacled Prickletail
rorbar1,Roraiman Barbtail,Roraiman Barbtail
spespi1,Speckled Spinetail,Speckled Spinetail
strsof1,Striated Softtail,Striated Softtail
orisof1,Orinoco Softtail,Orinoco Softtail
deasof1,Delta Amacuro Softtail,Delta Amacuro Softtail
plasof1,Plain Softtail,Plain Softtail
plasof2,Plain Softtail (dimorpha),Plain Softtail (dimorpha)
plasof4,Plain Softtail (obidensis),Plain Softtail (obidensis)
plasof3,Plain Softtail (fusciceps),Plain Softtail (fusciceps)
softta1,softtail sp.,softtail sp.
stbree2,Straight-billed Reedhaunter,Straight-billed Reedhaunter
y00686,Curve-billed/Straight-billed Reedhaunter,Curve-billed/Straight-billed Reedhaunter
sutspi1,Sulphur-bearded Reedhaunter,Sulphur-bearded Reedhaunter
rumsof1,Russet-mantled Softtail,Russet-mantled Softtail
marspi1,Vilcabamba Spinetail,Vilcabamba Spinetail
marspi4,Marcapata Spinetail,Marcapata Spinetail
licspi1,Light-crowned Spinetail,Light-crowned Spinetail
licspi3,Light-crowned Spinetail (White-crowned),Light-crowned Spinetail (White-crowned)
licspi4,Light-crowned Spinetail (Buffy-crowned),Light-crowned Spinetail (Buffy-crowned)
rubspi4,Rusty-backed Spinetail,Rusty-backed Spinetail
rubspi5,Coiba Spinetail,Coiba Spinetail
parspi1,Parker's Spinetail,Parker's Spinetail
crespi1,Crested Spinetail,Crested Spinetail
stcspi2,Stripe-crowned Spinetail,Stripe-crowned Spinetail
bolspi1,Bolivian Spinetail,Bolivian Spinetail
olispi1,Olive Spinetail,Olive Spinetail
x00740,Stripe-crowned x Olive Spinetail (hybrid),Stripe-crowned x Olive Spinetail (hybrid)
palspi1,Pallid Spinetail,Pallid Spinetail
gyhspi1,Grey-headed Spinetail,Gray-headed Spinetail
crcspi1,Creamy-crested Spinetail,Creamy-crested Spinetail
refspi1,Red-faced Spinetail,Red-faced Spinetail
tepspi1,Tepui Spinetail,Tepui Spinetail
stcspi1,Streak-capped Spinetail,Streak-capped Spinetail
asbspi1,Ash-browed Spinetail,Ash-browed Spinetail
licspi5,Line-cheeked Spinetail,Line-cheeked Spinetail
licspi2,Line-cheeked Spinetail (Line-cheeked),Line-cheeked Spinetail (Line-cheeked)
barspi1,Line-cheeked Spinetail (Baron's),Line-cheeked Spinetail (Baron's)
scaspi1,Scaled Spinetail,Scaled Spinetail
cranio1,Cranioleuca sp.,Cranioleuca sp.
dutcan1,Dusky-tailed Canastero,Dusky-tailed Canastero
patcan2,Patagonian Canastero,Patagonian Canastero
stecan1,Steinbach's Canastero,Steinbach's Canastero
caccan1,Cactus Canastero,Cactus Canastero
bcwspi1,Bay-capped Wren-Spinetail,Bay-capped Wren-Spinetail
caacac1,Caatinga Cacholote,Caatinga Cacholote
rufcac2,Grey-crested Cacholote,Rufous Cacholote
brncac1,Brown Cacholote,Brown Cacholote
whtcac2,White-throated Cacholote,White-throated Cacholote
yecspi2,Yellow-chinned Spinetail,Yellow-chinned Spinetail
rawspi2,Red-and-white Spinetail,Red-and-white Spinetail
y00970,Yellow-chinned/Red-and-white Spinetail,Yellow-chinned/Red-and-white Spinetail
arrspi1,Tocantins Spinetail (undescribed form),Tocantins Spinetail (undescribed form)
whbspi1,White-bellied Spinetail,White-bellied Spinetail
chospi2,Chotoy Spinetail,Chotoy Spinetail
occspi1,Ochre-cheeked Spinetail,Ochre-cheeked Spinetail
gybspi1,Grey-bellied Spinetail,Gray-bellied Spinetail
plcspi1,Plain-crowned Spinetail,Plain-crowned Spinetail
whlspi1,White-lored Spinetail,White-lored Spinetail
whlspi3,Araguaia Spinetail,Araguaia Spinetail
marspi3,Maranon Spinetail,Marañon Spinetail
grespi2,Great Spinetail,Great Spinetail
necspi1,Necklaced Spinetail,Necklaced Spinetail
necspi4,Necklaced Spinetail (La Libertad),Necklaced Spinetail (La Libertad)
necspi3,Chinchipe Spinetail,Chinchipe Spinetail
rubspi3,Russet-bellied Spinetail,Russet-bellied Spinetail
slaspi1,Slaty Spinetail,Slaty Spinetail
sitspi1,Silvery-throated Spinetail,Silvery-throated Spinetail
resspi2,Red-shouldered Spinetail,Red-shouldered Spinetail
rucspi1,Rufous-capped Spinetail,Rufous-capped Spinetail
bahspi1,Bahia Spinetail,Bahia Spinetail
pinspi1,Pinto's Spinetail,Pinto's Spinetail
amaspi1,Amazonian Spinetail (undescribed form),Amazonian Spinetail (undescribed form)
dusspi1,Dusky Spinetail,Dusky Spinetail
mccspi1,McConnell's Spinetail,McConnell's Spinetail
cabspi1,Cabanis's Spinetail,Cabanis's Spinetail
cibspi1,Cinereous-breasted Spinetail,Cinereous-breasted Spinetail
spispi1,Spix's Spinetail,Spix's Spinetail
dabspi1,Dark-breasted Spinetail,Dark-breasted Spinetail
riospi1,Rio Orinoco Spinetail,Rio Orinoco Spinetail
pabspi1,Pale-breasted Spinetail,Pale-breasted Spinetail
pabspi15,Pale-breasted Spinetail (Pale-breasted),Pale-breasted Spinetail (Pale-breasted)
pabspi14,Pale-breasted Spinetail (Austral),Pale-breasted Spinetail (Austral)
sofspi1,Sooty-fronted Spinetail,Sooty-fronted Spinetail
azaspi1,Azara's Spinetail,Azara's Spinetail
manspi1,Mantaro Spinetail (undescribed form),Mantaro Spinetail (undescribed form)
apuspi1,Apurimac Spinetail,Apurimac Spinetail
y00700,Azara's/Apurimac Spinetail,Azara's/Apurimac Spinetail
hotspi1,Hoary-throated Spinetail,Hoary-throated Spinetail
rubspi2,Rufous-breasted Spinetail,Rufous-breasted Spinetail
whwspi1,White-whiskered Spinetail,White-whiskered Spinetail
blhspi1,Blackish-headed Spinetail,Blackish-headed Spinetail
ruhspi1,Rusty-headed Spinetail,Rusty-headed Spinetail
rufspi1,Rufous Spinetail,Rufous Spinetail
rufspi2,Rufous Spinetail (unirufa),Rufous Spinetail (unirufa)
rufspi3,Rufous Spinetail (munoztebari),Rufous Spinetail (munoztebari)
rufspi4,Rufous Spinetail (meridana),Rufous Spinetail (meridana)
rufspi5,Rufous Spinetail (ochrogaster),Rufous Spinetail (ochrogaster)
bltspi1,Black-throated Spinetail,Black-throated Spinetail
stbspi1,Stripe-breasted Spinetail,Stripe-breasted Spinetail
rudspi1,Ruddy Spinetail,Ruddy Spinetail
rudspi9,Ruddy Spinetail (Ruddy),Ruddy Spinetail (Ruddy)
rudspi7,Ruddy Spinetail (Sooty),Ruddy Spinetail (Sooty)
chtspi1,Chestnut-throated Spinetail,Chestnut-throated Spinetail
synall1,Synallaxis sp.,Synallaxis sp.
spinet1,spinetail sp.,spinetail sp.
furnar1,Furnariid sp.,furnariid sp.
dwtman1,Dwarf Tyrant-Manakin,Dwarf Tyrant-Manakin
titman1,Tiny Tyrant-Manakin,Tiny Tyrant-Manakin
pbtman1,Pale-bellied Tyrant-Manakin,Pale-bellied Tyrant-Manakin
sctman1,Saffron-crested Tyrant-Manakin,Saffron-crested Tyrant-Manakin
witman1,Wied's Tyrant-Manakin,Wied's Tyrant-Manakin
sbtman1,Sulphur-bellied Tyrant-Manakin,Sulphur-bellied Tyrant-Manakin
sdmman1,Serra do Mar Tyrant-Manakin,Serra do Mar Tyrant-Manakin
yehman2,Yellow-headed Manakin,Yellow-headed Manakin
jetman2,Jet Manakin,Jet Manakin
araman1,Araripe Manakin,Araripe Manakin
helman1,Helmeted Manakin,Helmeted Manakin
latman1,Lance-tailed Manakin,Lance-tailed Manakin
lotman1,Long-tailed Manakin,Long-tailed Manakin
blbman1,Blue-backed Manakin,Blue-backed Manakin
bubman2,Blue-backed Manakin (pareola/atlantica),Blue-backed Manakin (pareola/atlantica)
bubman1,Blue-backed Manakin (napensis),Blue-backed Manakin (napensis)
bubman3,Blue-backed Manakin (regina),Blue-backed Manakin (regina)
x01090,Helmeted x Blue-backed Manakin (hybrid),Helmeted x Blue-backed Manakin (hybrid)
yunman1,Yungas Manakin,Yungas Manakin
swtman1,Blue Manakin,Swallow-tailed Manakin
x00960,Helmeted x Blue Manakin (hybrid),Helmeted x Swallow-tailed Manakin (hybrid)
pitman1,Pin-tailed Manakin,Pin-tailed Manakin
gowman1,Golden-winged Manakin,Golden-winged Manakin
whrman1,White-ruffed Manakin,White-ruffed Manakin
whbman2,White-bibbed Manakin,White-bibbed Manakin
whtman1,White-throated Manakin,White-throated Manakin
oliman2,Olive Manakin,Olive Manakin
blaman1,Black Manakin,Black Manakin
grnman1,Choco Manakin,Choco Manakin
greman2,Green Manakin,Green Manakin
bucman1,Velvety Manakin,Velvety Manakin
blcman1,Blue-capped Manakin,Blue-capped Manakin
bucman2,Blue-capped Manakin (Blue-capped),Blue-capped Manakin (Blue-capped)
bucman3,Blue-capped Manakin (Exquisite),Blue-capped Manakin (Exquisite)
sncman1,Snow-capped Manakin,Snow-capped Manakin
gocman2,Golden-crowned Manakin,Golden-crowned Manakin
opcman1,Opal-crowned Manakin,Opal-crowned Manakin
orbman1,Orange-bellied Manakin,Orange-bellied Manakin
whfman1,White-fronted Manakin,White-fronted Manakin
y00886,Orange-bellied/White-fronted Manakin,Orange-bellied/White-fronted Manakin
blrman1,Blue-rumped Manakin,Blue-rumped Manakin
cecman1,Cerulean-capped Manakin,Cerulean-capped Manakin
lepido2,Lepidothrix sp.,Lepidothrix sp.
orcman3,Orange-crested Manakin,Orange-crowned Manakin
yecman2,Yellow-crested Manakin,Yellow-crowned Manakin
flcman2,Flame-crested Manakin,Flame-crowned Manakin
hetero1,Heterocercus sp.,Heterocercus sp.
whcman1,White-collared Manakin,White-collared Manakin
orcman1,Orange-collared Manakin,Orange-collared Manakin
gocman1,Golden-collared Manakin,Golden-collared Manakin
x00811,White-collared x Golden-collared Manakin (hybrid),White-collared x Golden-collared Manakin (hybrid)
whbman1,White-bearded Manakin,White-bearded Manakin
x01166,Golden-collared x White-bearded Manakin (hybrid),Golden-collared x White-bearded Manakin (hybrid)
y01327,Golden-collared/White-bearded Manakin,Golden-collared/White-bearded Manakin
crhman1,Crimson-hooded Manakin,Crimson-hooded Manakin
witman2,Wire-tailed Manakin,Wire-tailed Manakin
batman1,Band-tailed Manakin,Band-tailed Manakin
clwman1,Club-winged Manakin,Club-winged Manakin
strman5,Striolated Manakin,Striolated Manakin
strman3,Striolated Manakin (Striolated),Striolated Manakin (Striolated)
strman4,Striolated Manakin (aureopectus),Striolated Manakin (aureopectus)
paiman1,Painted Manakin,Painted Manakin
y01121,Striolated/Painted Manakin,Striolated/Painted Manakin
strman2,Kinglet Manakin,Kinglet Manakin
ficman1,Fiery-capped Manakin,Fiery-capped Manakin
whcman2,White-crowned Manakin,White-crowned Manakin
whcman3,White-crowned Manakin (Zeledon's),White-crowned Manakin (Zeledon's)
whcman7,White-crowned Manakin (Choco),White-crowned Manakin (Choco)
whcman17,White-crowned Manakin (Colombian),White-crowned Manakin (Colombian)
whcman6,White-crowned Manakin (Foothills),White-crowned Manakin (Foothills)
whcman18,White-crowned Manakin (Subtropical),White-crowned Manakin (Subtropical)
whcman9,White-crowned Manakin (Guianan),White-crowned Manakin (Guianan)
whcman19,White-crowned Manakin (Amazonian),White-crowned Manakin (Amazonian)
whcman16,White-crowned Manakin (Atlantic),White-crowned Manakin (Atlantic)
schman1,Scarlet-horned Manakin,Scarlet-horned Manakin
recman1,Red-capped Manakin,Red-capped Manakin
gohman1,Golden-headed Manakin,Golden-headed Manakin
rehman1,Red-headed Manakin,Red-headed Manakin
rotman1,Round-tailed Manakin,Round-tailed Manakin
manaki1,manakin sp.,manakin sp.
hoober2,Hooded Berryeater,Hooded Berryeater
bkhber1,Black-headed Berryeater,Black-headed Berryeater
gabfru1,Green-and-black Fruiteater,Green-and-black Fruiteater
gabfru4,Green-and-black Fruiteater (Green-and-black),Green-and-black Fruiteater (Green-and-black)
gabfru3,Green-and-black Fruiteater (Sira),Green-and-black Fruiteater (Sira)
batfru1,Band-tailed Fruiteater,Band-tailed Fruiteater
batfru2,Band-tailed Fruiteater (intermedia),Band-tailed Fruiteater (intermedia)
batfru3,Band-tailed Fruiteater (signata),Band-tailed Fruiteater (signata)
barfru1,Barred Fruiteater,Barred Fruiteater
gobfru1,Golden-breasted Fruiteater,Golden-breasted Fruiteater
orbfru1,Orange-breasted Fruiteater,Orange-breasted Fruiteater
blcfru1,Black-chested Fruiteater,Black-chested Fruiteater
masfru1,Masked Fruiteater,Masked Fruiteater
scbfru1,Scarlet-breasted Fruiteater,Scarlet-breasted Fruiteater
scbfru2,Scarlet-breasted Fruiteater (squamipectus),Scarlet-breasted Fruiteater (squamipectus)
scbfru3,Scarlet-breasted Fruiteater (frontalis),Scarlet-breasted Fruiteater (frontalis)
fitfru1,Fiery-throated Fruiteater,Fiery-throated Fruiteater
hanfru1,Handsome Fruiteater,Handsome Fruiteater
rebfru1,Red-banded Fruiteater,Red-banded Fruiteater
pipreo1,Pipreola sp.,Pipreola sp.
scafru1,Scaled Fruiteater,Scaled Fruiteater
whccot1,White-cheeked Cotinga,White-cheeked Cotinga
perpla1,Peruvian Plantcutter,Peruvian Plantcutter
whtpla1,White-tipped Plantcutter,White-tipped Plantcutter
rutpla1,Rufous-tailed Plantcutter,Rufous-tailed Plantcutter
swtcot1,Swallow-tailed/Palkachupa Cotinga,Swallow-tailed Cotinga
swtcot2,Palkachupa Cotinga,Swallow-tailed Cotinga (Palkachupa)
swtcot3,Swallow-tailed Cotinga,Swallow-tailed Cotinga (Swallow-tailed)
chbcot1,Chestnut-bellied Cotinga,Chestnut-bellied Cotinga
bavcot1,Bay-vented Cotinga,Bay-vented Cotinga
reccot1,Red-crested Cotinga,Red-crested Cotinga
chccot1,Chestnut-crested Cotinga,Chestnut-crested Cotinga
gurcot1,Guianan Red Cotinga,Guianan Red-Cotinga
bnrcot1,Black-necked Red Cotinga,Black-necked Red-Cotinga
gcoroc1,Guianan Cock-of-the-rock,Guianan Cock-of-the-rock
andcot1,Andean Cock-of-the-rock,Andean Cock-of-the-rock
gytpih1,Grey-tailed Piha,Gray-tailed Piha
olipih2,Olivaceous Piha,Olivaceous Piha
crifru1,Crimson Fruitcrow,Crimson Fruitcrow
putfru1,Purple-throated Fruitcrow,Purple-throated Fruitcrow
rerfru1,Red-ruffed Fruitcrow,Red-ruffed Fruitcrow
banumb1,Bare-necked Umbrellabird,Bare-necked Umbrellabird
amaumb1,Amazonian Umbrellabird,Amazonian Umbrellabird
lowumb1,Long-wattled Umbrellabird,Long-wattled Umbrellabird
capuch1,Capuchinbird,Capuchinbird
lovcot1,Lovely Cotinga,Lovely Cotinga
turcot1,Turquoise Cotinga,Turquoise Cotinga
blucot1,Blue Cotinga,Blue Cotinga
pltcot1,Plum-throated Cotinga,Plum-throated Cotinga
pubcot1,Purple-breasted Cotinga,Purple-breasted Cotinga
bancot1,Banded Cotinga,Banded Cotinga
spacot1,Spangled Cotinga,Spangled Cotinga
blucot2,blue cotinga sp.,blue cotinga sp.
rufpih1,Rufous Piha,Rufous Piha
rocpih1,Rose-collared Piha,Rose-collared Piha
scrpih1,Screaming Piha,Screaming Piha
civpih1,Cinnamon-vented Piha,Cinnamon-vented Piha
bagcot1,Black-and-gold Cotinga,Black-and-gold Cotinga
gywcot1,Grey-winged Cotinga,Gray-winged Cotinga
chcpih1,Chestnut-capped Piha,Chestnut-capped Piha
duspih1,Dusky Piha,Dusky Piha
scwpih1,Scimitar-winged Piha,Scimitar-winged Piha
thwbel,Three-wattled Bellbird,Three-wattled Bellbird
whibel2,White Bellbird,White Bellbird
beabel1,Bearded Bellbird,Bearded Bellbird
batbel1,Bare-throated Bellbird,Bare-throated Bellbird
putcot1,Purple-throated Cotinga,Purple-throated Cotinga
bltcot1,Black-tipped Cotinga,Black-tipped Cotinga
yebcot1,Yellow-billed Cotinga,Yellow-billed Cotinga
snocot1,Snowy Cotinga,Snowy Cotinga
pomcot1,Pompadour Cotinga,Pompadour Cotinga
whtcot1,White-tailed Cotinga,White-tailed Cotinga
whwcot1,White-winged Cotinga,White-winged Cotinga
banfru1,Bare-necked Fruitcrow,Bare-necked Fruitcrow
blfcot1,Black-faced Cotinga,Black-faced Cotinga
blttit1,Black-tailed Tityra,Black-tailed Tityra
bkttit4,Black-tailed Tityra (Eastern),Black-tailed Tityra (Eastern)
bkttit5,Black-tailed Tityra (Western),Black-tailed Tityra (Western)
blctit1,Black-crowned Tityra,Black-crowned Tityra
whttit2,White-tailed Tityra,White-tailed Tityra
mastit1,Masked Tityra,Masked Tityra
tityra1,Tityra sp.,tityra sp.
varsch1,Varzea Schiffornis,Varzea Schiffornis
thlsch7,Guianan Schiffornis,Olivaceous Schiffornis
thlsch2,Northern Schiffornis,Northern Schiffornis
norsch1,Northern Schiffornis (Northern),Northern Schiffornis (Northern)
thlsch5,Northern Schiffornis (Ecuadorian),Northern Schiffornis (Ecuadorian)
thlsch8,Foothill Schiffornis,Foothill Schiffornis
thlsch4,Russet-winged Schiffornis,Russet-winged Schiffornis
thlsch3,Brown-winged Schiffornis,Brown-winged Schiffornis
thlsch6,Brown-winged Schiffornis (West Amazonian),Brown-winged Schiffornis (West Amazonian)
bnwsch2,Brown-winged Schiffornis (East Amazonian),Brown-winged Schiffornis (East Amazonian)
bnwsch3,Brown-winged Schiffornis (Peruvian),Brown-winged Schiffornis (Peruvian)
bnwsch1,Brown-winged Schiffornis (Atlantic),Brown-winged Schiffornis (Atlantic)
gresch2,Greenish Schiffornis,Greenish Schiffornis
thlsch,Schiffornis sp.,schiffornis sp.
cinmou1,Cinereous Mourner,Cinereous Mourner
spemou1,Speckled Mourner,Speckled Mourner
whbpur1,White-browed Purpletuft,White-browed Purpletuft
duspur1,Dusky Purpletuft,Dusky Purpletuft
butpur1,Buff-throated Purpletuft,Buff-throated Purpletuft
butpur2,Buff-throated Purpletuft (Northern),Buff-throated Purpletuft (Northern)
butpur3,Buff-throated Purpletuft (Southern),Buff-throated Purpletuft (Southern)
shlcot2,Andean Laniisoma,Andean Laniisoma
shlcot3,Brazilian Laniisoma,Brazilian Laniisoma
whnxen1,White-naped Xenopsaris,White-naped Xenopsaris
grbbec1,Green-backed/Yellow-cheeked Becard,Green-backed Becard
gnbbec2,Yellow-cheeked Becard,Green-backed Becard (Yellow-cheeked)
gnbbec3,Green-backed Becard (Green-cheeked),Green-backed Becard (Green-cheeked)
gnbbec1,Green-backed Becard (Green-backed),Green-backed Becard (Green-backed)
barbec1,Barred Becard,Barred Becard
slabec1,Slaty Becard,Slaty Becard
cinbec2,Cinereous Becard,Cinereous Becard
cinbec1,Cinnamon Becard,Cinnamon Becard
chcbec1,Chestnut-crowned Becard,Chestnut-crowned Becard
whwbec1,White-winged Becard,White-winged Becard
bawbec7,Black-and-white Becard,Black-and-white Becard
bawbec6,Cryptic Becard,Cryptic Becard
bawbec1,Black-and-white/Cryptic Becard,Black-and-white/Cryptic Becard
grcbec1,Grey-collared Becard,Gray-collared Becard
gycbec2,Grey-collared Becard (Western),Gray-collared Becard (Western)
gycbec1,Grey-collared Becard (Eastern),Gray-collared Becard (Eastern)
blcbec1,Black-capped Becard,Black-capped Becard
glbbec1,Glossy-backed Becard,Glossy-backed Becard
rotbec,Rose-throated Becard,Rose-throated Becard
jambec1,Jamaican Becard,Jamaican Becard
oncbec1,One-colored Becard,One-colored Becard
pitbec1,Pink-throated Becard,Pink-throated Becard
crebec1,Crested Becard,Crested Becard
becard1,becard sp.,becard sp.
sharpb1,Sharpbill,Sharpbill
royfly1,Tropical Royal Flycatcher,Tropical Royal Flycatcher
royfly2,Tropical Royal Flycatcher (Northern),Tropical Royal Flycatcher (Northern)
royfly3,Tropical Royal Flycatcher (Pacific),Tropical Royal Flycatcher (Pacific)
royfly4,Tropical Royal Flycatcher (Amazonian),Tropical Royal Flycatcher (Amazonian)
royfly5,Atlantic Royal Flycatcher,Atlantic Royal Flycatcher
rutfly2,Ruddy-tailed Flycatcher,Ruddy-tailed Flycatcher
tabfly1,Tawny-breasted Myiobius,Tawny-breasted Flycatcher
surfly1,Sulphur-rumped Myiobius,Sulphur-rumped Flycatcher
whifly1,Whiskered Myiobius,Whiskered Flycatcher
surfly4,Whiskered Myiobius (Whiskered),Whiskered Flycatcher (Whiskered)
surfly5,Whiskered Myiobius (Yellow-rumped),Whiskered Flycatcher (Yellow-rumped)
bltfly1,Black-tailed Myiobius,Black-tailed Flycatcher
bktfly1,Black-tailed Myiobius (Black-tailed),Black-tailed Flycatcher (Black-tailed)
bktfly2,Black-tailed Myiobius (Buff-rumped),Black-tailed Flycatcher (Buff-rumped)
y01037,Sulphur-rumped/Black-tailed Myiobus,Sulphur-rumped/Black-tailed Flycatcher
y01038,Whiskered/Black-tailed Myiobus,Whiskered/Black-tailed Flycatcher
myiobi1,Myiobius sp.,Myiobius sp.
wibpip1,Wing-barred Piprites,Wing-barred Piprites
grhpip1,Grey-headed Piprites,Gray-headed Piprites
bkcpip1,Black-capped Piprites,Black-capped Piprites
cinmat1,Cinnamon Neopipo,Cinnamon Manakin-Tyrant
kincal1,Kinglet Calyptura,Kinglet Calyptura
cicspa1,Cinnamon-crested Spadebill,Cinnamon-crested Spadebill
sttspa1,Stub-tailed Spadebill,Stub-tailed Spadebill
whtspa1,White-throated Spadebill,White-throated Spadebill
whtspa2,White-throated Spadebill (Western),White-throated Spadebill (Western)
whtspa3,White-throated Spadebill (Eastern),White-throated Spadebill (Eastern)
gocspa1,Golden-crowned Spadebill,Golden-crowned Spadebill
yetspa1,Yellow-throated Spadebill,Yellow-throated Spadebill
whcspa1,White-crested Spadebill,White-crested Spadebill
ruwspa1,Russet-winged Spadebill,Russet-winged Spadebill
spadeb1,spadebill sp.,spadebill sp.
mcrtyr1,Many-colored Rush Tyrant,Many-colored Rush Tyrant
stnfly1,Streak-necked Flycatcher,Streak-necked Flycatcher
olsfly2,Olive-streaked Flycatcher,Olive-streaked Flycatcher
olsfly1,Olive-striped Flycatcher,Olive-striped Flycatcher
y00796,Streak-necked/Olive-striped Flycatcher,Streak-necked/Olive-striped Flycatcher
y01249,Olive-streaked/Olive-striped Flycatcher,Olive-streaked/Olive-striped Flycatcher
ocbfly1,Ochre-bellied Flycatcher,Ochre-bellied Flycatcher
ocbfly3,Ochre-bellied Flycatcher (assimilis),Ochre-bellied Flycatcher (assimilis)
ocbfly4,Ochre-bellied Flycatcher (parcus),Ochre-bellied Flycatcher (parcus)
ocbfly5,Ochre-bellied Flycatcher (pacificus),Ochre-bellied Flycatcher (pacificus)
ocbfly10,Ochre-bellied Flycatcher (oleagineus Group),Ochre-bellied Flycatcher (oleagineus Group)
mccfly1,McConnell's Flycatcher,McConnell's Flycatcher
mccfly2,McConnell's Flycatcher (Guianan),McConnell's Flycatcher (Guianan)
mccfly4,McConnell's Flycatcher (Inambari),McConnell's Flycatcher (Inambari)
y00797,Ochre-bellied/McConnell's Flycatcher,Ochre-bellied/McConnell's Flycatcher
mccfly3,Sierra de Lema Flycatcher,Sierra de Lema Flycatcher
y00406,McConnell's/Sierra de Lema Flycatcher,McConnell's/Sierra de Lema Flycatcher
gyhfly1,Grey-hooded Flycatcher,Gray-hooded Flycatcher
mionec1,Mionectes sp.,Mionectes sp.
secfly1,Sepia-capped Flycatcher,Sepia-capped Flycatcher
slcfly1,Slaty-capped Flycatcher,Slaty-capped Flycatcher
slcfly4,Slaty-capped Flycatcher (transandinus),Slaty-capped Flycatcher (transandinus)
slcfly2,Slaty-capped Flycatcher (superciliaris),Slaty-capped Flycatcher (superciliaris)
slcfly3,Slaty-capped Flycatcher (albidiventer),Slaty-capped Flycatcher (albidiventer)
rubfly2,Rufous-breasted Flycatcher,Rufous-breasted Flycatcher
incfly1,Inca Flycatcher,Inca Flycatcher
sdmtyr2,Serra do Mar Bristle Tyrant,Serra do Mar Bristle-Tyrant
sobtyr2,Southern Bristle Tyrant,Southern Bristle-Tyrant
mfbtyr1,Marble-faced Bristle Tyrant,Marble-faced Bristle-Tyrant
anbtyr1,Antioquia Bristle Tyrant,Antioquia Bristle-Tyrant
saptyr1,Sao Paulo Bristle Tyrant,Sao Paulo Bristle-Tyrant
vabtyr1,Variegated Bristle Tyrant,Variegated Bristle-Tyrant
vebtyr2,Venezuelan Bristle Tyrant,Venezuelan Bristle-Tyrant
spbtyr1,Spectacled Bristle Tyrant,Spectacled Bristle-Tyrant
chabrt1,Chapman's Bristle Tyrant,Chapman's Bristle-Tyrant
oustyr1,Oustalet's Tyrannulet,Oustalet's Tyrannulet
yegtyr1,Panama Tyrannulet,Yellow-green Tyrannulet
olgtyr1,Olive-green Tyrannulet,Olive-green Tyrannulet
moctyr2,Mottle-cheeked Tyrannulet,Mottle-cheeked Tyrannulet
bahtyr1,Bahia Tyrannulet,Bahia Tyrannulet
restyr1,Restinga Tyrannulet,Restinga Tyrannulet
bartyr1,Bay-ringed Tyrannulet,Bay-ringed Tyrannulet
alatyr1,Alagoas Tyrannulet,Alagoas Tyrannulet
migtyr1,Minas Gerais Tyrannulet,Minas Gerais Tyrannulet
rubtyr1,Rufous-browed Tyrannulet,Rufous-browed Tyrannulet
blftyr1,Black-fronted Tyrannulet,Black-fronted Tyrannulet
rultyr1,Rufous-lored Tyrannulet,Rufous-lored Tyrannulet
ecutyr1,Ecuadorian Tyrannulet,Ecuadorian Tyrannulet
ciftyr1,Cinnamon-faced Tyrannulet,Cinnamon-faced Tyrannulet
phyllo2,Phylloscartes sp.,Phylloscartes sp.
boptyr1,Bronze-olive Pygmy Tyrant,Bronze-olive Pygmy-Tyrant
bropyt1,Bronze-olive Pygmy Tyrant (annectens/berlepschi),Bronze-olive Pygmy-Tyrant (annectens/berlepschi)
bropyt2,Bronze-olive Pygmy Tyrant (pelzelni/peruvianus),Bronze-olive Pygmy-Tyrant (pelzelni/peruvianus)
hfptyr1,Hazel-fronted Pygmy Tyrant,Hazel-fronted Pygmy-Tyrant
rhptyr1,Rufous-headed Pygmy Tyrant,Rufous-headed Pygmy-Tyrant
rinant2,Ringed Antpipit,Ringed Antpipit
souant1,Southern Antpipit,Southern Antpipit
eaptyr1,Eared Pygmy Tyrant,Eared Pygmy-Tyrant
earpyt3,Eared Pygmy Tyrant (Pernambuco),Eared Pygmy-Tyrant (Pernambuco)
mappyt1,Maranhao-Piaui Pygmy Tyrant (undescribed form),Maranhao-Piaui Pygmy-Tyrant (undescribed form)
wbptyr1,White-bellied Pygmy Tyrant,White-bellied Pygmy-Tyrant
bcptyr1,Black-capped Pygmy Tyrant,Black-capped Pygmy-Tyrant
stptyr1,Short-tailed Pygmy Tyrant,Short-tailed Pygmy-Tyrant
scptyr1,Scale-crested Pygmy Tyrant,Scale-crested Pygmy-Tyrant
dbptyr1,Double-banded Pygmy Tyrant,Double-banded Pygmy-Tyrant
lcptyr1,Long-crested Pygmy Tyrant,Long-crested Pygmy-Tyrant
heptyr1,Helmeted Pygmy Tyrant,Helmeted Pygmy-Tyrant
lophot1,Lophotriccus sp.,Lophotriccus sp.
peptyr1,Pale-eyed Pygmy Tyrant,Pale-eyed Pygmy-Tyrant
norben1,Northern Bentbill,Northern Bentbill
souben1,Southern Bentbill,Southern Bentbill
snttyr1,Snethlage's Tody-Tyrant,Snethlage's Tody-Tyrant
snetot1,Snethlage's Tody-Tyrant (Igapo),Snethlage's Tody-Tyrant (Igapo)
snetot2,Snethlage's Tody-Tyrant (E of Madeira),Snethlage's Tody-Tyrant (E of Madeira)
snetot5,Snethlage's Tody Tyrant (W of Madeira),Snethlage's Tody-Tyrant (W of Madeira)
yuttyr1,Yungas Tody-Tyrant,Yungas Tody-Tyrant
acrtot1,Acre Tody-Tyrant,Acre Tody-Tyrant
flapyt1,Flammulated Bamboo Tyrant,Flammulated Pygmy-Tyrant
drbpyt1,Drab-breasted Bamboo Tyrant,Drab-breasted Pygmy-Tyrant
bnbpyt1,Brown-breasted Bamboo Tyrant,Brown-breasted Pygmy-Tyrant
bbttyr1,Boat-billed Tody-Tyrant,Boat-billed Tody-Tyrant
wettyr1,White-eyed Tody-Tyrant,White-eyed Tody-Tyrant
whetot4,White-eyed Tody-Tyrant (White-eyed),White-eyed Tody-Tyrant (White-eyed)
whetot3,White-eyed Tody-Tyrant (Guianan),White-eyed Tody-Tyrant (Guianan)
whbtot1,White-bellied Tody-Tyrant,White-bellied Tody-Tyrant
whbtot2,White-bellied Tody-Tyrant (White-bellied),White-bellied Tody-Tyrant (White-bellied)
whbtot3,White-bellied Tody-Tyrant (Pernambuco),White-bellied Tody-Tyrant (Pernambuco)
erttyr1,Eye-ringed Tody-Tyrant,Eye-ringed Tody-Tyrant
jottyr1,Johannes's Tody-Tyrant,Johannes's Tody-Tyrant
snttyr2,Stripe-necked Tody-Tyrant,Stripe-necked Tody-Tyrant
hattyr1,Hangnest Tody-Tyrant,Hangnest Tody-Tyrant
pvttyr1,Pearly-vented Tody-Tyrant,Pearly-vented Tody-Tyrant
pettyr1,Pelzeln's Tody-Tyrant,Pelzeln's Tody-Tyrant
zittyr1,Zimmer's Tody-Tyrant,Zimmer's Tody-Tyrant
btttyr1,Black-throated Tody-Tyrant,Black-throated Tody-Tyrant
cbttyr1,Cinnamon-breasted Tody-Tyrant,Cinnamon-breasted Tody-Tyrant
bbttyr2,Buff-breasted Tody-Tyrant,Buff-breasted Tody-Tyrant
kattyr1,Kaempfer's Tody-Tyrant,Kaempfer's Tody-Tyrant
btttyr2,Buff-throated Tody-Tyrant,Buff-throated Tody-Tyrant
fotpyt1,Fork-tailed Tody-Tyrant,Fork-tailed Pygmy-Tyrant
hemitr1,Hemitriccus sp.,Hemitriccus sp.
rcttyr1,Rufous-crowned Tody-Flycatcher,Rufous-crowned Tody-Flycatcher
johtot1,Lulu's Tody-Flycatcher,Johnson's Tody-Flycatcher
wcttyr1,White-cheeked Tody-Flycatcher,White-cheeked Tody-Flycatcher
bawtyr1,Black-and-white Tody-Flycatcher,Black-and-white Tody-Flycatcher
buctof1,Buff-cheeked Tody-Flycatcher,Buff-cheeked Tody-Flycatcher
rudtof1,Ruddy Tody-Flycatcher,Ruddy Tody-Flycatcher
ocftof1,Ochre-faced Tody-Flycatcher,Ochre-faced Tody-Flycatcher
smftof1,Smoky-fronted Tody-Flycatcher,Smoky-fronted Tody-Flycatcher
ruftof1,Rusty-fronted Tody-Flycatcher,Rusty-fronted Tody-Flycatcher
shtfly1,Slaty-headed Tody-Flycatcher,Slate-headed Tody-Flycatcher
gowtof1,Golden-winged Tody-Flycatcher,Golden-winged Tody-Flycatcher
bkbtof1,Black-backed Tody-Flycatcher,Black-backed Tody-Flycatcher
poecil1,Poecilotriccus sp.,Poecilotriccus sp.
blctyr2,Black-chested Tyrant,Black-chested Tyrant
sptfly1,Spotted Tody-Flycatcher,Spotted Tody-Flycatcher
gyhtof1,Yellow-lored Tody-Flycatcher,Gray-headed Tody-Flycatcher
cotfly1,Common Tody-Flycatcher,Common Tody-Flycatcher
comtof1,Common Tody-Flycatcher (cinereum Group),Common Tody-Flycatcher (cinereum Group)
comtof2,Common Tody-Flycatcher (sclateri),Common Tody-Flycatcher (sclateri)
matfly1,Maracaibo Tody-Flycatcher,Maracaibo Tody-Flycatcher
bhtfly1,Black-headed Tody-Flycatcher,Black-headed Tody-Flycatcher
patfly1,Painted Tody-Flycatcher,Painted Tody-Flycatcher
ybtfly1,Yellow-browed Tody-Flycatcher,Yellow-browed Tody-Flycatcher
todiro1,Todirostrum sp.,Todirostrum sp.
brofly1,Brownish Twistwing,Brownish Twistwing
ruftwi1,Rufous Twistwing,Rufous Twistwing
eyrfla1,Eye-ringed Flatbill,Eye-ringed Flatbill
olifla2,Western Olivaceous Flatbill,Western Olivaceous Flatbill
weofla2,Western Olivaceous Flatbill (Western),Western Olivaceous Flatbill (Western)
weofla1,Western Olivaceous Flatbill (Cryptic),Western Olivaceous Flatbill (Cryptic)
olifla3,Eastern Olivaceous Flatbill,Eastern Olivaceous Flatbill
eaofla1,Eastern Olivaceous Flatbill (Guianan),Eastern Olivaceous Flatbill (Guianan)
olifla12,Eastern Olivaceous Flatbill (Olivaceous),Eastern Olivaceous Flatbill (Olivaceous)
olifla1,Western/Eastern Olivaceous Flatbill,Western/Eastern Olivaceous Flatbill
pacfla1,Pacific Flatbill,Pacific Flatbill
fubfla1,Fulvous-breasted Flatbill,Fulvous-breasted Flatbill
flatbi1,Rhynchocyclus sp.,Rhynchocyclus sp.
yeofly1,Yellow-olive Flatbill,Yellow-olive Flatbill
yeofly6,Yellow-olive Flatbill (Grey-headed),Yellow-olive Flatbill (Gray-headed)
yeofly7,Yellow-olive Flatbill (Yellow-olive),Yellow-olive Flatbill (Yellow-olive)
yeofly8,Yellow-olive Flatbill (asemus),Yellow-olive Flatbill (asemus)
yeofly9,Yellow-olive Flatbill (confusus),Yellow-olive Flatbill (confusus)
yeofly10,Yellow-olive Flatbill (exortivus),Yellow-olive Flatbill (exortivus)
yeofly11,Yellow-olive Flatbill (Trinidad),Yellow-olive Flatbill (Trinidad)
yeofly12,Yellow-olive Flatbill (Guianan),Yellow-olive Flatbill (Guianan)
yeofly2,Yellow-olive Flatbill (Equatorial),Yellow-olive Flatbill (Equatorial)
yeofly4,Yellow-olive Flatbill (Andes),Yellow-olive Flatbill (Andes)
yeofly3,Yellow-olive Flatbill (Riverine),Yellow-olive Flatbill (Riverine)
yeofly13,Yellow-olive Flatbill (Para),Yellow-olive Flatbill (Para)
yeofly14,Yellow-olive Flatbill (inornatus),Yellow-olive Flatbill (inornatus)
yeofly5,Yellow-olive Flatbill (Mato Grosso),Yellow-olive Flatbill (Mato Grosso)
yeofly15,Yellow-olive Flatbill (grisescens),Yellow-olive Flatbill (grisescens)
yeofly16,Yellow-olive Flatbill (Sooretama),Yellow-olive Flatbill (Sooretama)
orefly1,Orange-eyed Flatbill,Orange-eyed Flatbill
yemfly2,Yellow-winged Flatbill,Yellow-winged Flatbill
yemfly1,Yellow-margined Flatbill,Yellow-margined Flatbill
yemfly4,Yellow-margined Flatbill (neglectus),Yellow-margined Flatbill (neglectus)
yemfly5,Yellow-margined Flatbill (examinatus),Yellow-margined Flatbill (examinatus)
yemfly6,Yellow-margined Flatbill (obscuriceps),Yellow-margined Flatbill (obscuriceps)
yemfly7,Yellow-margined Flatbill (assimilis Group),Yellow-margined Flatbill (assimilis Group)
sucfly1,Yellow-margined Flatbill (Sucunduri),Yellow-margined Flatbill (Sucunduri)
yemfly8,Yellow-margined Flatbill (paraensis),Yellow-margined Flatbill (paraensis)
gycfly1,Grey-crowned Flatbill,Gray-crowned Flatbill
yebfly4,Olive-faced Flatbill,Olive-faced Flatbill
yebfly3,Ochre-lored Flatbill,Ochre-lored Flatbill
yebfly1,Olive-faced/Ochre-lored Flatbill,Olive-faced/Ochre-lored Flatbill
tolmom1,Tolmomyias sp.,Tolmomyias sp.
cinfly2,Cinnamon Flycatcher,Cinnamon Flycatcher
cinfly3,Cinnamon Flycatcher (Santa Marta),Cinnamon Flycatcher (Santa Marta)
cinfly4,Cinnamon Flycatcher (Venezuelan),Cinnamon Flycatcher (Venezuelan)
cinfly1,Cinnamon Flycatcher (Andean),Cinnamon Flycatcher (Andean)
clifly1,Cliff Flycatcher,Cliff Flycatcher
clifly2,Cliff Flycatcher (Cliff),Cliff Flycatcher (Cliff)
clifly3,Cliff Flycatcher (Swallow),Cliff Flycatcher (Swallow)
ornfly1,Ornate Flycatcher,Ornate Flycatcher
ornfly2,Ornate Flycatcher (Western),Ornate Flycatcher (Western)
ornfly3,Ornate Flycatcher (Eastern),Ornate Flycatcher (Eastern)
hanfly1,Handsome Flycatcher,Handsome Flycatcher
orbfly1,Orange-banded Flycatcher,Orange-banded Flycatcher
ocbfly2,Ochraceous-breasted Flycatcher,Ochraceous-breasted Flycatcher
yebtyr1,Yellow-bellied Tyrannulet,Yellow-bellied Tyrannulet
brctyr,Brown-capped Tyrannulet,Brown-capped Tyrannulet
whltyr1,White-lored Tyrannulet,White-lored Tyrannulet
nobtyr,Northern Beardless Tyrannulet,Northern Beardless-Tyrannulet
norbet1,Northern Beardless Tyrannulet (Northern),Northern Beardless-Tyrannulet (Northern)
norbet2,Northern Beardless Tyrannulet (Yucatan),Northern Beardless-Tyrannulet (Yucatan)
sobtyr1,Southern Beardless Tyrannulet,Southern Beardless-Tyrannulet
soubet1,Southern Beardless Tyrannulet (Northern),Southern Beardless-Tyrannulet (Central American)
soubet6,Southern Beardless Tyrannulet (Colombian),Southern Beardless-Tyrannulet (Colombian)
soubet7,Southern Beardless Tyrannulet (Caribbean),Southern Beardless-Tyrannulet (Caribbean)
soubet16,Southern Beardless Tyrannulet (Amazonian),Southern Beardless-Tyrannulet (Amazonian)
soubet17,Southern Beardless Tyrannulet (Peruvian),Southern Beardless-Tyrannulet (Peruvian)
soubet2,Southern Beardless Tyrannulet (Southern),Southern Beardless-Tyrannulet (Southern)
suifly1,Suiriri Flycatcher,Suiriri Flycatcher
whttyr1,White-tailed Tyrannulet,White-tailed Tyrannulet
bubtyr1,Buff-banded Tyrannulet,Buff-banded Tyrannulet
whbtyr1,White-banded Tyrannulet,White-banded Tyrannulet
whttyr2,White-throated Tyrannulet,White-throated Tyrannulet
ruwtyr1,Rufous-winged Tyrannulet,Rufous-winged Tyrannulet
subtyr1,Sulphur-bellied Tyrannulet,Sulphur-bellied Tyrannulet
bkctit1,Black-crested Tit-Tyrant,Black-crested Tit-Tyrant
pcttyr1,Pied-crested Tit-Tyrant,Pied-crested Tit-Tyrant
abttyr1,Ash-breasted Tit-Tyrant,Ash-breasted Tit-Tyrant
coctit1,Cocuy Tit-Tyrant (undescribed form),Cocuy Tit-Tyrant (undescribed form)
ybttyr1,Yellow-billed Tit-Tyrant,Yellow-billed Tit-Tyrant
tuttyr1,Tufted Tit-Tyrant,Tufted Tit-Tyrant
jfttyr1,Juan Fernandez Tit-Tyrant,Juan Fernandez Tit-Tyrant
anaire1,Anairetes sp.,Anairetes sp.
agitit1,Agile Tit-Tyrant,Agile Tit-Tyrant
unstit1,Unstreaked Tit-Tyrant,Unstreaked Tit-Tyrant
moctyr6,Tumbesian Tyrannulet,Tumbesian Tyrannulet
moctyr4,Maranon Tyrannulet,Marañon Tyrannulet
y01203,Tumbesian/Marañon Tyrannulet,Tumbesian/Marañon Tyrannulet
cocfly1,Cocos Tyrannulet,Cocos Tyrannulet
y01204,Northern/Southern Mouse-colored Tyrannulet,Mouse-colored Tyrannulet
moctyr7,Northern Mouse-colored Tyrannulet,Mouse-colored Tyrannulet (Northern)
moctyr3,Southern Mouse-colored Tyrannulet,Mouse-colored Tyrannulet (Southern)
moctyr1,Nesotriccus sp.,Nesotriccus sp.
yeltyr1,Yellow Tyrannulet,Yellow Tyrannulet
beatac1,Bearded Tachuri,Bearded Tachuri
gybtac1,Grey-backed Tachuri,Gray-backed Tachuri
shttyr1,Sharp-tailed Grass Tyrant,Sharp-tailed Tyrant
credor1,Crested Doradito,Crested Doradito
subdor1,Subtropical Doradito,Subtropical Doradito
dindor2,Dinelli's Doradito,Dinelli's Doradito
wardor1,Warbling Doradito,Warbling Doradito
ticdor1,Ticking Doradito,Ticking Doradito
y00660,Warbling/Ticking Doradito,Warbling/Ticking Doradito
doradi1,doradito sp.,doradito sp.
yectyr1,Yellow-crowned Tyrannulet,Yellow-crowned Tyrannulet
forela1,Forest Elaenia,Forest Elaenia
gryela1,Choco Elaenia,Choco Elaenia
gryela2,Amazonian Elaenia,Amazonian Elaenia
fooela1,Foothill Elaenia,Foothill Elaenia
fooela3,Foothill Elaenia (Antioquia),Foothill Elaenia (Antioquia)
fooela2,Foothill Elaenia (Perija),Foothill Elaenia (Perija)
fooela4,Foothill Elaenia (Foothill),Foothill Elaenia (Foothill)
gryela3,Grey-headed Elaenia,Gray-headed Elaenia
pacela1,Pacific Elaenia,Pacific Elaenia
yecela1,Yellow-crowned Elaenia,Yellow-crowned Elaenia
jamela1,Jamaican Elaenia,Jamaican Elaenia
greela,Greenish Elaenia,Greenish Elaenia
greela2,Greenish Elaenia (West Mexico),Greenish Elaenia (West Mexico)
greela3,Greenish Elaenia (Greenish),Greenish Elaenia (Greenish)
myiopa1,elaenia sp. (genus Myiopagis),elaenia sp. (genus Myiopagis)
plcela1,Plain-crested Elaenia,Plain-crested Elaenia
rucela1,Rufous-crowned Elaenia,Rufous-crowned Elaenia
slaela1,Slaty Elaenia,Slaty Elaenia
mobela1,Mottle-backed Elaenia,Mottle-backed Elaenia
higela3,Small-headed Elaenia,Small-headed Elaenia
greela1,Great Elaenia,Great Elaenia
higela2,Highland Elaenia,Highland Elaenia
yebela1,Yellow-bellied Elaenia,Yellow-bellied Elaenia
smbela1,Small-billed Elaenia,Small-billed Elaenia
broela1,Brownish Elaenia,Brownish Elaenia
larela1,Large Elaenia,Large Elaenia
norela1,Noronha Elaenia,Noronha Elaenia
oliela1,Olivaceous Elaenia,Olivaceous Elaenia
lesela1,Lesser Elaenia,Lesser Elaenia
cooela1,Coopmans's Elaenia,Coopmans's Elaenia
whcela1,White-crested/Chilean Elaenia,White-crested Elaenia
whcela2,White-crested Elaenia (White-crested),White-crested Elaenia (White-crested)
whcela4,Chilean Elaenia,White-crested Elaenia (Chilean)
whcela3,White-crested Elaenia (Peruvian),White-crested Elaenia (Peruvian)
y00739,White-crested/Chilean/Small-billed Elaenia,Small-billed/White-crested Elaenia
sieela3,Sierran Elaenia,Sierran Elaenia
mouela1,Mountain Elaenia,Mountain Elaenia
sieela2,Tepui Elaenia,Tepui Elaenia
carela1,Caribbean Elaenia,Caribbean Elaenia
carela2,Caribbean Elaenia (Caribbean),Caribbean Elaenia (Caribbean)
carela3,Caribbean Elaenia (Chinchorro),Caribbean Elaenia (Chinchorro)
graela3,Greater Antillean Elaenia (Jamaican),Blue Mountain Elaenia
graela4,Greater Antillean Elaenia (Hispaniolan),Hispaniolan Elaenia
elaeni1,elaenia sp. (genus Elaenia),elaenia sp. (genus Elaenia)
tortyr1,Torrent Tyrannulet,Torrent Tyrannulet
rivtyr1,River Tyrannulet,River Tyrannulet
sootyr1,Sooty Tyrannulet,Sooty Tyrannulet
y01036,White-crested Tyrannulet,White-crested Tyrannulet
whctyr1,White-crested Tyrannulet (Sulphur-bellied),White-crested Tyrannulet (Sulphur-bellied)
whbtyr2,White-crested Tyrannulet (White-bellied),White-crested Tyrannulet (White-bellied)
gyctyr2,Straneck's Tyrannulet,Straneck's Tyrannulet
y00884,White-crested/Straneck's Tyrannulet,White-crested/Straneck's Tyrannulet
serpop1,Serpophaga sp.,Serpophaga sp.
gretyr1,Greenish Tyrannulet,Greenish Tyrannulet
reityr1,Reiser's Tyrannulet,Reiser's Tyrannulet
urityr1,Urich's Tyrannulet,Urich's Tyrannulet
scltyr1,Sclater's Tyrannulet,Sclater's Tyrannulet
platyr2,Planalto Tyrannulet,Planalto Tyrannulet
yuntyr1,Yungas Tyrannulet,Yungas Tyrannulet
sohtyr1,Sooty-headed Tyrannulet,Sooty-headed Tyrannulet
sohtyr2,Sooty-headed Tyrannulet (griseiceps),Sooty-headed Tyrannulet (griseiceps)
sohtyr3,Sooty-headed Tyrannulet (cristatus),Sooty-headed Tyrannulet (cristatus)
sohtyr4,Sooty-headed Tyrannulet (caucae),Sooty-headed Tyrannulet (caucae)
sohtyr5,Sooty-headed Tyrannulet (pallidiceps),Sooty-headed Tyrannulet (pallidiceps)
plctyr1,Plumbeous-crowned Tyrannulet,Plumbeous-crowned Tyrannulet
gyctyr1,Grey-capped Tyrannulet,Gray-capped Tyrannulet
phyllo3,Phyllomyias sp.,Phyllomyias sp.
roltyr1,White-fronted Tyrannulet,White-fronted Tyrannulet
roltyr2,White-fronted Tyrannulet (Zeledon's),White-fronted Tyrannulet (Zeledon's)
roltyr4,White-fronted Tyrannulet (White-fronted),White-fronted Tyrannulet (White-fronted)
roltyr3,Rough-legged Tyrannulet,Rough-legged Tyrannulet
blctyr1,Black-capped Tyrannulet,Black-capped Tyrannulet
ashtyr1,Ashy-headed Tyrannulet,Ashy-headed Tyrannulet
tartyr1,Tawny-rumped Tyrannulet,Tawny-rumped Tyrannulet
rebtyr2,Red-billed Tyrannulet,Red-billed Tyrannulet
mistyr1,Mishana Tyrannulet,Mishana Tyrannulet
chityr1,Chico's Tyrannulet,Chico's Tyrannulet
guityr1,Guianan Tyrannulet,Guianan Tyrannulet
paltyr2,Guatemalan Tyrannulet,Guatemalan Tyrannulet
paltyr3,Mistletoe Tyrannulet,Mistletoe Tyrannulet
y01089,Guatemalan/Mistletoe Tyrannulet,Guatemalan/Mistletoe Tyrannulet
chotyr1,Choco Tyrannulet,Choco Tyrannulet
paltyr4,Spectacled Tyrannulet,Spectacled Tyrannulet
goftyr1,Golden-faced/Coopmans's/Loja Tyrannulet,Golden-faced Tyrannulet
goftyr5,Coopmans's Tyrannulet,Golden-faced Tyrannulet (Coopmans's)
goftyr3,Golden-faced Tyrannulet,Golden-faced Tyrannulet (Golden-faced)
pertyr1,Peruvian/Loja Tyrannulet,Peruvian Tyrannulet
goftyr4,Loja Tyrannulet,Peruvian Tyrannulet (Loja)
pertyr2,Peruvian Tyrannulet,Peruvian Tyrannulet (Peruvian)
goftyr2,Peruvian Tyrannulet (Amazonas),Peruvian Tyrannulet (Amazonas)
boltyr1,Bolivian Tyrannulet,Bolivian Tyrannulet
paltyr5,Venezuelan Tyrannulet,Venezuelan Tyrannulet
slftyr1,Slender-footed Tyrannulet,Slender-footed Tyrannulet
zimmer1,Zimmerius sp.,Zimmerius sp.
tacpyt2,Fulvous-faced Scrub Tyrant,Fulvous-faced Scrub-Tyrant
tacpyt1,Fulvous-crowned Scrub Tyrant,Fulvous-crowned Scrub-Tyrant
rsptyr1,Rufous-sided Scrub Tyrant,Rufous-sided Scrub-Tyrant
gawtyr2,Grey-and-white Tyrannulet,Gray-and-white Tyrannulet
lewtyr1,Lesser Wagtail-Tyrant,Lesser Wagtail-Tyrant
leswat2,Bahia Wagtail-Tyrant,Bahia Wagtail-Tyrant
oriwat1,Orinoco Wagtail-Tyrant (undescribed form),Orinoco Wagtail-Tyrant (undescribed form)
grwtyr1,Greater Wagtail-Tyrant,Greater Wagtail-Tyrant
grewat1,Greater Wagtail-Tyrant (Greater),Greater Wagtail-Tyrant (Greater)
grewat2,Greater Wagtail-Tyrant (Caatinga),Greater Wagtail-Tyrant (Caatinga)
slbtyr1,Slender-billed Inezia,Slender-billed Tyrannulet
platyr1,Plain Inezia,Plain Tyrannulet
amatyr1,Amazonian Inezia,Amazonian Tyrannulet
pattyr3,Pale-tipped Inezia,Pale-tipped Tyrannulet
flafly2,Flavescent Flycatcher,Flavescent Flycatcher
orcfly1,Orange-crested Flycatcher,Orange-crested Flycatcher
unafly1,Unadorned Flycatcher,Unadorned Flycatcher
rorfly1,Roraiman Flycatcher,Roraiman Flycatcher
olcfly1,Olive-chested Flycatcher,Olive-chested Flycatcher
brcfly1,Bran-colored Flycatcher,Bran-colored Flycatcher
brcfly4,Mouse-grey Flycatcher,Mouse-gray Flycatcher
y01205,Bran-colored/Mouse-grey Flycatcher,Bran-colored/Mouse-gray Flycatcher
brcfly3,Rufescent Flycatcher,Rufescent Flycatcher
y01206,Mouse-grey/Rufescent Flycatcher,Mouse-gray/Rufescent Flycatcher
myioph1,Myiophobus sp.,Myiophobus sp.
eulfly1,Euler's Flycatcher,Euler's Flycatcher
eulfly2,Euler's Flycatcher (Lawrence's),Euler's Flycatcher (Lawrence's)
eulfly3,Euler's Flycatcher (Euler's),Euler's Flycatcher (Euler's)
gybfly1,Grey-breasted Flycatcher,Gray-breasted Flycatcher
tacfly1,Tawny-chested Flycatcher,Tawny-chested Flycatcher
blbfly1,Black-billed Flycatcher,Black-billed Flycatcher
belfly1,Belted Flycatcher,Belted Flycatcher
pilfly1,Pileated Flycatcher,Pileated Flycatcher
tuffly,Northern Tufted Flycatcher,Tufted Flycatcher
tuffly1,Northern Tufted Flycatcher (Mexican),Tufted Flycatcher (Mexican)
tuffly2,Northern Tufted Flycatcher (Costa Rican),Tufted Flycatcher (Costa Rican)
tuffly3,Northern Tufted Flycatcher (South American),Tufted Flycatcher (South American)
olifly2,Olive Tufted Flycatcher,Olive Flycatcher
olsfly,Olive-sided Flycatcher,Olive-sided Flycatcher
ochpew1,Ochraceous Pewee,Ochraceous Pewee
grepew,Greater Pewee,Greater Pewee
grepew1,Greater Pewee (Mexican),Greater Pewee (Mexican)
grepew2,Greater Pewee (Central American),Greater Pewee (Central American)
darpew1,Dark Pewee,Dark Pewee
smcpew1,Smoke-colored Pewee,Smoke-colored Pewee
jampew1,Jamaican Pewee,Jamaican Pewee
tropew2,Tumbes Pewee,Tumbes Pewee
whtpew1,White-throated Pewee,White-throated Pewee
blapew1,Blackish Pewee,Blackish Pewee
tropew3,Southern Tropical Pewee,Southern Tropical Pewee
wewpew,Western Wood Pewee,Western Wood-Pewee
tropew4,Northern Tropical Pewee,Northern Tropical Pewee
tropew1,tropical pewee sp.,tropical pewee sp.
eawpew,Eastern Wood Pewee,Eastern Wood-Pewee
x00858,Western x Eastern Wood-Pewee (hybrid),Western x Eastern Wood-Pewee (hybrid)
woopew,Western/Eastern Wood Pewee,Western/Eastern Wood-Pewee
cubpew1,Cuban Pewee,Cuban Pewee
hispew1,Hispaniolan Pewee,Hispaniolan Pewee
leapew1,Lesser Antillean Pewee,Lesser Antillean Pewee
leapew2,Lesser Antillean Pewee (Lesser Antilles),Lesser Antillean Pewee (Lesser Antilles)
leapew3,Lesser Antillean Pewee (Puerto Rico),Lesser Antillean Pewee (Puerto Rico)
leapew4,Lesser Antillean Pewee (St. Lucia),Lesser Antillean Pewee (St. Lucia)
pewee1,pewee sp. (Contopus sp.),pewee sp. (Contopus sp.)
fusfly1,Fuscous Flycatcher,Fuscous Flycatcher
fusfly3,Fuscous Flycatcher (Campina),Fuscous Flycatcher (Campina)
fusfly2,Fuscous Flycatcher (Fuscous),Fuscous Flycatcher (Fuscous)
yebfly,Yellow-bellied Flycatcher,Yellow-bellied Flycatcher
acafly,Acadian Flycatcher,Acadian Flycatcher
aldfly,Alder Flycatcher,Alder Flycatcher
wilfly,Willow Flycatcher,Willow Flycatcher
wilfly1,Willow Flycatcher (Eastern),Willow Flycatcher (Eastern)
wilfly2,Willow Flycatcher (Northwestern),Willow Flycatcher (Northwestern)
wilfly3,Willow Flycatcher (Southwestern),Willow Flycatcher (Southwestern)
y00324,Alder/Willow Flycatcher (Traill's Flycatcher),Alder/Willow Flycatcher (Traill's Flycatcher)
whtfly1,White-throated Flycatcher,White-throated Flycatcher
leafly,Least Flycatcher,Least Flycatcher
hamfly,Hammond's Flycatcher,Hammond's Flycatcher
gryfly,American Grey Flycatcher,Gray Flycatcher
dusfly,American Dusky Flycatcher,Dusky Flycatcher
y00014,Hammond's/American Dusky Flycatcher,Hammond's/Dusky Flycatcher
y00618,American Grey/American Dusky Flycatcher,Gray/Dusky Flycatcher
pinfly1,Pine Flycatcher,Pine Flycatcher
wesfly,Western Flycatcher,Western Flycatcher
pasfly,Western Flycatcher (Pacific-slope),Western Flycatcher (Pacific-slope)
corfly,Western Flycatcher (Cordilleran),Western Flycatcher (Cordilleran)
x00770,Western Flycatcher (Pacific-slope x Cordilleran Flycatcher),Western Flycatcher (Pacific-slope x Cordilleran Flycatcher)
yelfly1,Yellowish Flycatcher,Yellowish Flycatcher
yelfly11,Yellowish Flycatcher (Northern),Yellowish Flycatcher (Northern)
yelfly6,Yellowish Flycatcher (Southern),Yellowish Flycatcher (Southern)
bubfly,Buff-breasted Flycatcher,Buff-breasted Flycatcher
blcfly1,Black-capped Flycatcher,Black-capped Flycatcher
empido,Empidonax sp.,Empidonax sp.
blkpho,Black Phoebe,Black Phoebe
blkpho1,Black Phoebe (Northern),Black Phoebe (Northern)
blkpho2,Black Phoebe (White-winged),Black Phoebe (White-winged)
easpho,Eastern Phoebe,Eastern Phoebe
x00621,Black x Eastern Phoebe (hybrid),Black x Eastern Phoebe (hybrid)
y01301,Black/Eastern Phoebe,Black/Eastern Phoebe
saypho,Say's Phoebe,Say's Phoebe
x00635,Black x Say's Phoebe (hybrid),Black x Say's Phoebe (hybrid)
phoebe1,phoebe sp.,phoebe sp.
chafly3,Chapada Flycatcher,Chapada Flycatcher
y00883,Suiriri/Chapada Flycatcher,Suiriri/Chapada Flycatcher
nosfly1,Northern Scrub Flycatcher,Northern Scrub-Flycatcher
amsfly1,Amazonian Scrub Flycatcher,Amazonian Scrub-Flycatcher
sosfly1,Southern Scrub Flycatcher,Southern Scrub-Flycatcher
scrubf1,scrub flycatcher sp.,scrub-flycatcher sp.
verfly,Vermilion/Scarlet Flycatcher,Vermilion Flycatcher
verfly5,Vermilion Flycatcher (Northern),Vermilion Flycatcher (Northern)
verfly6,Vermilion Flycatcher (saturatus),Vermilion Flycatcher (saturatus)
verfly7,Vermilion Flycatcher (obscurus Group),Vermilion Flycatcher (obscurus Group)
verfly1,Scarlet Flycatcher,Vermilion Flycatcher (Austral)
brufly1,Darwin's/San Cristobal Flycatcher,Brujo Flycatcher
verfly3,Darwin's Flycatcher,Brujo Flycatcher (Galapagos)
verfly8,San Cristobal Flycatcher,Brujo Flycatcher (San Cristobal)
ausneg1,Austral Negrito,Austral Negrito
andneg1,Andean Negrito,Andean Negrito
y00603,Austral/Andean Negrito,Austral/Andean Negrito
rivtyr2,Riverside Tyrant,Riverside Tyrant
rivtyr3,Riverside Tyrant (Orinoco),Riverside Tyrant (Orinoco)
rivtyr4,Riverside Tyrant (Sclater's),Riverside Tyrant (Sclater's)
rivtyr9,Riverside Tyrant (Xingu),Riverside Tyrant (Xingu)
ruttyr1,Rufous-tailed Tyrant,Rufous-tailed Tyrant
ambtyr1,Amazonian Black Tyrant,Amazonian Black-Tyrant
whwblt2,Sao Francisco Black Tyrant,Caatinga Black-Tyrant
crbtyr1,Crested Black Tyrant,Crested Black-Tyrant
vebtyr1,Velvety Black Tyrant,Velvety Black-Tyrant
andtyr3,Jelski's Black Tyrant,Jelski's Black-Tyrant
andtyr2,Plumbeous Tyrant,Plumbeous Black-Tyrant
andtyr1,Jelksi's Black/Plumbeous Tyrant,Jelski's/Plumbeous Black-Tyrant
bbbtyr1,Blue-billed Black Tyrant,Blue-billed Black-Tyrant
cintyr1,Cinereous Tyrant,Cinereous Tyrant
whwblt1,White-winged Black Tyrant,White-winged Black-Tyrant
whwblt4,White-winged Black Tyrant (White-rumped),White-winged Black-Tyrant (White-rumped)
whwblt5,White-winged Black Tyrant (White-winged),White-winged Black-Tyrant (White-winged)
hubtyr1,Hudson's Black Tyrant,Hudson's Black-Tyrant
y00971,White-winged/Hudson's Black Tyrant,White-winged/Hudson's Black-Tyrant
blackt1,black tyrant sp.,black-tyrant sp.
spetyr1,Spectacled Tyrant,Spectacled Tyrant
drwtyr1,Drab Water Tyrant,Drab Water Tyrant
yebtyr2,Yellow-browed Tyrant,Yellow-browed Tyrant
ligtyr1,Little Ground Tyrant,Little Ground-Tyrant
sbgtyr1,Spot-billed Ground Tyrant,Spot-billed Ground-Tyrant
tacgrt1,Taczanowski's Ground Tyrant,Taczanowski's Ground-Tyrant
pugtyr1,Puna Ground Tyrant,Puna Ground-Tyrant
cingrt1,Cinereous Ground Tyrant,Cinereous Ground-Tyrant
wfgtyr1,White-fronted Ground Tyrant,White-fronted Ground-Tyrant
ongtyr1,Ochre-naped Ground Tyrant,Ochre-naped Ground-Tyrant
rngtyr1,Rufous-naped Ground Tyrant,Rufous-naped Ground-Tyrant
rungrt3,Rufous-naped Ground Tyrant (Chestnut-naped),Rufous-naped Ground-Tyrant (Chestnut-naped)
rungrt2,Rufous-naped Ground Tyrant (pallidiceps),Rufous-naped Ground-Tyrant (pallidiceps)
rungrt1,Rufous-naped Ground Tyrant (Rufous-naped),Rufous-naped Ground-Tyrant (Rufous-naped)
dafgrt1,Dark-faced Ground Tyrant,Dark-faced Ground-Tyrant
dafgrt2,Dark-faced Ground Tyrant (mentalis),Dark-faced Ground-Tyrant (mentalis)
dafgrt3,Dark-faced Ground Tyrant (maclovianus),Dark-faced Ground-Tyrant (maclovianus)
wbgtyr1,White-browed Ground Tyrant,White-browed Ground-Tyrant
plcgrt1,Paramo Ground Tyrant,Plain-capped Ground-Tyrant
cibgrt1,Cinnamon-bellied Ground Tyrant,Cinnamon-bellied Ground-Tyrant
bfgtyr1,Black-fronted Ground Tyrant,Black-fronted Ground-Tyrant
ground1,ground tyrant sp.,ground-tyrant sp.
rrbtyr1,Red-rumped Bush Tyrant,Red-rumped Bush-Tyrant
rwbtyr1,Rufous-webbed Bush Tyrant,Rufous-webbed Bush-Tyrant
fiediu1,Fire-eyed Diucon,Fire-eyed Diucon
whrmon2,White-rumped Monjita,White-rumped Monjita
whimon1,White Monjita,White Monjita
grymon1,Grey Monjita,Gray Monjita
bkcmon1,Black-crowned Monjita,Black-crowned Monjita
salmon1,Salinas Monjita,Salinas Monjita
rubmon1,Rusty-backed Monjita,Rusty-backed Monjita
chvtyr2,Chocolate-vented Tyrant,Chocolate-vented Tyrant
bkbsht1,Black-billed Shrike-Tyrant,Black-billed Shrike-Tyrant
wtstyr1,White-tailed Shrike-Tyrant,White-tailed Shrike-Tyrant
gresht1,Great Shrike-Tyrant,Great Shrike-Tyrant
gybsht1,Grey-bellied Shrike-Tyrant,Gray-bellied Shrike-Tyrant
gybsht2,Grey-bellied Shrike-Tyrant (andecola),Gray-bellied Shrike-Tyrant (andecola)
gybsht3,Grey-bellied Shrike-Tyrant (micropterus),Gray-bellied Shrike-Tyrant (micropterus)
y01367,Great/Grey-bellied Shrike-Tyrant,Great/Gray-bellied Shrike-Tyrant
lessht1,Lesser Shrike-Tyrant,Lesser Shrike-Tyrant
shrike1,shrike-tyrant sp.,shrike-tyrant sp.
stbtyr1,Streak-throated Bush Tyrant,Streak-throated Bush-Tyrant
smbtyr1,Santa Marta Bush Tyrant,Santa Marta Bush-Tyrant
smbtyr2,Smoky Bush Tyrant,Smoky Bush-Tyrant
rbbtyr1,Rufous-bellied Bush Tyrant,Rufous-bellied Bush-Tyrant
myioth2,Myiotheretes sp.,Myiotheretes sp.
whmtyr1,White-headed Marsh Tyrant,White-headed Marsh Tyrant
piwtyr1,Pied Water Tyrant,Pied Water-Tyrant
bbwtyr1,Black-backed Water Tyrant,Black-backed Water-Tyrant
mawtyr1,Masked Water Tyrant,Masked Water-Tyrant
shtgrt1,Shear-tailed Grey Tyrant,Shear-tailed Gray Tyrant
stttyr2,Streamer-tailed Tyrant,Streamer-tailed Tyrant
bawmon3,Black-and-white Monjita,Black-and-white Monjita
cottyr1,Cock-tailed Tyrant,Cock-tailed Tyrant
stttyr1,Strange-tailed Tyrant,Strange-tailed Tyrant
crocht1,Crowned/Kalinowski's Chat-Tyrant,Crowned Chat-Tyrant
crocht2,Crowned Chat-Tyrant,Crowned Chat-Tyrant (Crowned)
crocht3,Kalinowski's Chat-Tyrant,Crowned Chat-Tyrant (Kalinowski's)
jelcht1,Jelski's Chat-Tyrant,Jelski's Chat-Tyrant
gobcht1,Golden-browed Chat-Tyrant,Golden-browed Chat-Tyrant
yebcht1,Yellow-bellied Chat-Tyrant,Yellow-bellied Chat-Tyrant
pattyr2,Patagonian Tyrant,Patagonian Tyrant
tumtyr2,Tumbes Tyrant,Tumbes Chat-Tyrant
slbcht2,Slaty-backed Chat-Tyrant,Chestnut-bellied Chat-Tyrant
slbcht1,Blackish Chat-Tyrant,Blackish Chat-Tyrant
slbcht3,Maroon-belted Chat-Tyrant,Maroon-belted Chat-Tyrant
rbctyr1,Rufous-breasted Chat-Tyrant,Rufous-breasted Chat-Tyrant
bbctyr1,Brown-backed Chat-Tyrant,Brown-backed Chat-Tyrant
bnbcht2,Rufous-browed Chat-Tyrant,Rufous-browed Chat-Tyrant
dorcht1,D'Orbigny's Chat-Tyrant,d'Orbigny's Chat-Tyrant
pictyr1,Piura Chat-Tyrant,Piura Chat-Tyrant
wbctyr1,White-browed Chat-Tyrant,White-browed Chat-Tyrant
chatty1,chat-tyrant sp.,chat-tyrant sp.
lottyr1,Long-tailed Tyrant,Long-tailed Tyrant
stftyr1,Short-tailed Field Tyrant,Short-tailed Field Tyrant
lahfla2,Large-headed Flatbill,Large-headed Flatbill
rutfla1,Rufous-tailed Flatbill,Rufous-tailed Flatbill
flafly1,Flammulated Flycatcher,Flammulated Flycatcher
dutfla1,Dusky-tailed Flatbill,Dusky-tailed Flatbill
rampho1,Ramphotrigon sp.,Ramphotrigon sp.
rutatt1,Rufous-tailed Attila,Rufous-tailed Attila
cinatt1,Cinnamon Attila,Cinnamon Attila
ochatt1,Ochraceous Attila,Ochraceous Attila
cibatt1,Citron-bellied Attila,Citron-bellied Attila
ducatt1,White-eyed Attila,Dull-capped Attila
gyhatt1,Grey-hooded Attila,Gray-hooded Attila
brratt1,Bright-rumped Attila,Bright-rumped Attila
brratt2,Bright-rumped Attila (Northern),Bright-rumped Attila (Northern)
brratt3,Bright-rumped Attila (Southern),Bright-rumped Attila (Southern)
attila1,attila sp.,attila sp.
siryst3,Choco Sirystes,Choco Sirystes
whrsir1,White-rumped Sirystes,White-rumped Sirystes
todsir1,Todd's Sirystes,Todd's Sirystes
sibsir1,Sibilant Sirystes,Sibilant Sirystes
siryst1,sirystes sp.,sirystes sp.
rufcas2,Rufous Casiornis,Rufous Casiornis
astcas2,Ash-throated Casiornis,Ash-throated Casiornis
rufmou1,Rufous Mourner,Rufous Mourner
gramou1,Greyish Mourner,Grayish Mourner
pabmou1,Pale-bellied Mourner,Pale-bellied Mourner
ruffly1,Rufous Flycatcher,Rufous Flycatcher
yucfly1,Yucatan Flycatcher,Yucatan Flycatcher
sadfly1,Sad Flycatcher,Sad Flycatcher
ducfly,Dusky-capped Flycatcher,Dusky-capped Flycatcher
ducfly3,Dusky-capped Flycatcher (olivascens),Dusky-capped Flycatcher (olivascens)
ducfly4,Dusky-capped Flycatcher (lawrenceii Group),Dusky-capped Flycatcher (lawrenceii Group)
ducfly6,Dusky-capped Flycatcher (tuberculifer/pallidus),Dusky-capped Flycatcher (tuberculifer/pallidus)
ducfly5,Dusky-capped Flycatcher (nigriceps/atriceps),Dusky-capped Flycatcher (nigriceps/atriceps)
swafly1,Swainson's Flycatcher,Swainson's Flycatcher
swafly2,Swainson's Flycatcher (phaeonotus),Swainson's Flycatcher (phaeonotus)
swafly4,Swainson's Flycatcher (swainsoni Group),Swainson's Flycatcher (swainsoni Group)
venfly1,Venezuelan Flycatcher,Venezuelan Flycatcher
panfly1,Panama Flycatcher,Panama Flycatcher
y00972,Venezuelan/Panama Flycatcher,Venezuelan/Panama Flycatcher
shcfly1,Short-crested Flycatcher,Short-crested Flycatcher
apifly1,Apical Flycatcher,Apical Flycatcher
socfly2,Sooty-crowned Flycatcher,Sooty-crowned Flycatcher
socfly6,Sooty-crowned Flycatcher (phaeocephalus),Sooty-crowned Flycatcher (phaeocephalus)
socfly7,Sooty-crowned Flycatcher (interior),Sooty-crowned Flycatcher (interior)
paefly1,Pale-edged Flycatcher,Pale-edged Flycatcher
astfly,Ash-throated Flycatcher,Ash-throated Flycatcher
nutfly1,Nutting's Flycatcher (Nutting's),Nutting's Flycatcher
nutfly3,Nutting's Flycatcher (Mexican Nutting's),Nutting's Flycatcher (Mexican)
nutfly4,Nutting's Flycatcher (Central American Nutting's),Nutting's Flycatcher (Central American)
nutfly2,Nutting's Flycatcher (Salvadoran),Salvadoran Flycatcher
y01144,Ash-throated/Nutting's (Nutting's) Flycatcher,Ash-throated/Nutting's Flycatcher
y01385,Ash-throated/Nutting's (Salvadoran) Flycatcher,Ash-throated/Salvadoran Flycatcher
y01386,Ash-throated/Nutting's Flycatcher,Ash-throated/Nutting's/Salvadoran Flycatcher
nutfly,Nutting's Flycatcher,Nutting's/Salvadoran Flycatcher
grcfly,Great Crested Flycatcher,Great Crested Flycatcher
bncfly,Brown-crested Flycatcher,Brown-crested Flycatcher
bncfly1,Brown-crested Flycatcher (Arizona),Brown-crested Flycatcher (Arizona)
bncfly5,Brown-crested Flycatcher (Cooper's),Brown-crested Flycatcher (Cooper's)
bncfly3,Brown-crested Flycatcher (Ometepe),Brown-crested Flycatcher (Ometepe)
bncfly4,Brown-crested Flycatcher (South American),Brown-crested Flycatcher (South American)
galfly1,Galapagos Flycatcher,Galapagos Flycatcher
grefly1,Grenada Flycatcher,Grenada Flycatcher
rutfly1,Rufous-tailed Flycatcher,Rufous-tailed Flycatcher
lasfly,La Sagra's Flycatcher,La Sagra's Flycatcher
stofly1,Stolid Flycatcher,Stolid Flycatcher
purfly1,Puerto Rican Flycatcher,Puerto Rican Flycatcher
leafly1,Lesser Antillean Flycatcher,Lesser Antillean Flycatcher
myiarc,Myiarchus sp.,Myiarchus sp.
cattyr,Cattle Tyrant,Cattle Tyrant
leskis1,Lesser Kiskadee,Lesser Kiskadee
grekis,Great Kiskadee,Great Kiskadee
bobfly1,Boat-billed Flycatcher,Boat-billed Flycatcher
bobfly3,Boat-billed Flycatcher (Northern),Boat-billed Flycatcher (Northern)
bobfly5,Boat-billed Flycatcher (South American),Boat-billed Flycatcher (South American)
bobfly4,Boat-billed Flycatcher (Tumbes),Boat-billed Flycatcher (Tumbes)
rumfly1,Rusty-margined Flycatcher,Rusty-margined Flycatcher
socfly1,Social Flycatcher,Social Flycatcher
socfly3,Social Flycatcher (Vermilion-crowned),Social Flycatcher (Vermilion-crowned)
socfly4,Social Flycatcher (Social),Social Flycatcher (Social)
socfly5,Social Flycatcher (Tumbes),Social Flycatcher (Tumbes)
y00798,Rusty-margined/Social Flycatcher,Rusty-margined/Social Flycatcher
grcfly1,Grey-capped Flycatcher,Gray-capped Flycatcher
ducfly2,Dusky-chested Flycatcher,Dusky-chested Flycatcher
y00799,Grey-capped/Dusky-chested Flycatcher,Gray-capped/Dusky-chested Flycatcher
whbfly1,White-bearded Flycatcher,White-bearded Flycatcher
whrfly,White-ringed Flycatcher,White-ringed Flycatcher
yetfly2,Yellow-throated Flycatcher,Yellow-throated Flycatcher
thsfly2,Three-striped Flycatcher,Three-striped Flycatcher
y00885,Yellow-throated/Three-striped Flycatcher,Yellow-throated/Three-striped Flycatcher
lebfly2,Lemon-browed Flycatcher,Lemon-browed Flycatcher
gobfly1,Golden-bellied Flycatcher,Golden-bellied Flycatcher
gocfly1,Golden-crowned Flycatcher,Golden-crowned Flycatcher
baifly1,Baird's Flycatcher,Baird's Flycatcher
strfly1,Streaked Flycatcher,Streaked Flycatcher
strfly2,Streaked Flycatcher (Northern),Streaked Flycatcher (Northern)
strfly3,Streaked Flycatcher (Southern),Streaked Flycatcher (Southern)
subfly,Sulphur-bellied Flycatcher,Sulphur-bellied Flycatcher
y00607,Streaked/Sulphur-bellied Flycatcher,Streaked/Sulphur-bellied Flycatcher
pirfly1,Piratic Flycatcher,Piratic Flycatcher
varfly,Variegated Flycatcher,Variegated Flycatcher
croslf1,Crowned Slaty Flycatcher,Crowned Slaty Flycatcher
sulfly1,Sulphury Flycatcher,Sulphury Flycatcher
sntkin1,Snowy-throated Kingbird,Snowy-throated Kingbird
whtkin1,White-throated Kingbird,White-throated Kingbird
trokin,Tropical Kingbird,Tropical Kingbird
trokin5,Tropical Kingbird (West Mexican),Tropical Kingbird (West Mexican)
trokin1,Tropical Kingbird (Middle American),Tropical Kingbird (Middle American)
trokin4,Tropical Kingbird (South American),Tropical Kingbird (South American)
y00740,White-throated/Tropical Kingbird,White-throated/Tropical Kingbird
coukin,Couch's Kingbird,Couch's Kingbird
y00325,Tropical/Couch's Kingbird,Tropical/Couch's Kingbird
caskin,Cassin's Kingbird,Cassin's Kingbird
thbkin,Thick-billed Kingbird,Thick-billed Kingbird
weskin,Western Kingbird,Western Kingbird
x01235,Tropical x Western Kingbird (hybrid),Tropical x Western Kingbird (hybrid)
x01035,Couch's x Western Kingbird (hybrid),Couch's x Western Kingbird (hybrid)
y00619,Cassin's/Western Kingbird,Cassin's/Western Kingbird
yebkin2,yellow-bellied kingbird sp.,yellow-bellied kingbird sp.
easkin,Eastern Kingbird,Eastern Kingbird
x00718,Western x Eastern Kingbird (hybrid),Western x Eastern Kingbird (hybrid)
grykin,Grey Kingbird,Gray Kingbird
x00859,Tropical x Grey Kingbird (hybrid),Tropical x Gray Kingbird (hybrid)
x01236,Western x Grey Kingbird (hybrid),Western x Gray Kingbird (hybrid)
logkin,Loggerhead Kingbird,Loggerhead Kingbird
logkin3,Loggerhead Kingbird (Loggerhead),Loggerhead Kingbird (Loggerhead)
logkin1,Loggerhead Kingbird (Puerto Rico),Loggerhead Kingbird (Puerto Rico)
logkin2,Loggerhead Kingbird (Hispaniolan),Loggerhead Kingbird (Hispaniolan)
giakin1,Giant Kingbird,Giant Kingbird
sctfly,Scissor-tailed Flycatcher,Scissor-tailed Flycatcher
x01036,Tropical Kingbird x Scissor-tailed Flycatcher (hybrid),Tropical Kingbird x Scissor-tailed Flycatcher (hybrid)
x00441,Couch's Kingbird x Scissor-tailed Flycatcher (hybrid),Couch's Kingbird x Scissor-tailed Flycatcher (hybrid)
x00442,Western Kingbird x Scissor-tailed Flycatcher (hybrid),Western Kingbird x Scissor-tailed Flycatcher (hybrid)
x01237,Eastern Kingbird x Scissor-tailed Flycatcher (hybrid),Eastern Kingbird x Scissor-tailed Flycatcher (hybrid)
fotfly,Fork-tailed Flycatcher,Fork-tailed Flycatcher
fotfly1,Fork-tailed Flycatcher (savana),Fork-tailed Flycatcher (savana)
fotfly2,Fork-tailed Flycatcher (monachus),Fork-tailed Flycatcher (monachus)
fotfly3,Fork-tailed Flycatcher (sanctaemartae),Fork-tailed Flycatcher (sanctaemartae)
fotfly4,Fork-tailed Flycatcher (circumdatus),Fork-tailed Flycatcher (circumdatus)
x00408,Tropical Kingbird x Fork-tailed Flycatcher (hybrid),Tropical Kingbird x Fork-tailed Flycatcher (hybrid)
tyrann1,Tyrannus sp.,Tyrannus sp.
flycat1,new world flycatcher sp.,new world flycatcher sp.
alblyr1,Albert's Lyrebird,Albert's Lyrebird
suplyr1,Superb Lyrebird,Superb Lyrebird
rusbir1,Rufous Scrubbird,Rufous Scrub-bird
nosbir1,Noisy Scrubbird,Noisy Scrub-bird
whecat1,White-eared Catbird,White-eared Catbird
ocbcat1,Ochre-breasted Catbird,Ochre-breasted Catbird
taccat1,Tan-capped Catbird,Tan-capped Catbird
spocat2,Spotted Catbird,Spotted Catbird
bkecat4,black-eared catbird sp.,Black-eared Catbird
spocat1,Black-eared Catbird,Black-eared Catbird (Black-eared)
huocat1,Huon Catbird,Black-eared Catbird (Huon)
bkccat1,Black-capped Catbird,Black-eared Catbird (Black-capped)
norcat1,Northern Catbird,Black-eared Catbird (Northern)
arfcat1,Arfak Catbird,Black-eared Catbird (Arfak)
grecat1,Green Catbird,Green Catbird
auscat1,Australasian catbird sp.,australasian catbird sp.
tobcat2,Tooth-billed Bowerbird,Tooth-billed Bowerbird
arcbow1,Archbold's Bowerbird,Archbold's Bowerbird
vogbow2,Vogelkop Bowerbird,Vogelkop Bowerbird
macbow2,MacGregor's Bowerbird,MacGregor's Bowerbird
strbow1,Streaked Bowerbird,Streaked Bowerbird
gofbow1,Golden-fronted Bowerbird,Golden-fronted Bowerbird
golbow1,Golden Bowerbird,Golden Bowerbird
flabow3,Masked Bowerbird,Masked Bowerbird
flabow2,Flame Bowerbird,Flame Bowerbird
fimbow1,Fire-maned Bowerbird,Fire-maned Bowerbird
regbow1,Regent Bowerbird,Regent Bowerbird
satbow1,Satin Bowerbird,Satin Bowerbird
x00961,Regent x Satin Bowerbird (hybrid),Regent x Satin Bowerbird (hybrid)
wesbow1,Western Bowerbird,Western Bowerbird
spobow1,Spotted Bowerbird,Spotted Bowerbird
grebow1,Great Bowerbird,Great Bowerbird
yebbow1,Yellow-breasted Bowerbird,Yellow-breasted Bowerbird
yebbow2,Yellow-breasted Bowerbird (Eastern),Yellow-breasted Bowerbird (Eastern)
yebbow3,Yellow-breasted Bowerbird (Central),Yellow-breasted Bowerbird (Central)
fabbow1,Fawn-breasted Bowerbird,Fawn-breasted Bowerbird
paptre1,Papuan Treecreeper,Papuan Treecreeper
whttre3,White-throated Treecreeper,White-throated Treecreeper
whttre1,White-throated Treecreeper (Little),White-throated Treecreeper (Little)
whttre4,White-throated Treecreeper (White-throated),White-throated Treecreeper (White-throated)
whbtre2,White-browed Treecreeper,White-browed Treecreeper
rebtre1,Red-browed Treecreeper,Red-browed Treecreeper
brotre2,Brown Treecreeper,Brown Treecreeper
brntre1,Brown Treecreeper (Cape York),Brown Treecreeper (Cape York)
brntre8,Brown Treecreeper (Southern),Brown Treecreeper (Southern)
bkttre1,Black-tailed Treecreeper,Black-tailed Treecreeper
bkttre2,Black-tailed Treecreeper (Black-tailed),Black-tailed Treecreeper (Black-tailed)
bkttre3,Black-tailed Treecreeper (Pilbara),Black-tailed Treecreeper (Pilbara)
ruftre3,Rufous Treecreeper,Rufous Treecreeper
austre1,Australian treecreeper sp.,australian treecreeper sp.
grygra1,Grey Grasswren,Gray Grasswren
strgra4,Pilbara Grasswren,Pilbara Grasswren
sangra1,Sandhill Grasswren,Sandhill Grasswren
rusgra1,Opalton Grasswren,Opalton Grasswren
strgra2,Striated Grasswren,Striated Grasswren
whtgra1,White-throated Grasswren,White-throated Grasswren
cargra2,Carpentarian Grasswren,Carpentarian Grasswren
shtgra1,Short-tailed Grasswren,Short-tailed Grasswren
thbgra1,Western Grasswren,Western Grasswren
thbgra2,Western Grasswren (Western),Western Grasswren (Western)
thbgra3,Western Grasswren (Gawler Ranges),Western Grasswren (Gawler Ranges)
thbgra4,Thick-billed Grasswren,Thick-billed Grasswren
blagra1,Black Grasswren,Black Grasswren
eyrgra1,Eyrean Grasswren,Eyrean Grasswren
dusgra1,Dusky Grasswren,Dusky Grasswren
kalgra1,Kalkadoon Grasswren,Kalkadoon Grasswren
souemu1,Southern Emu-wren,Southern Emuwren
rucemu1,Rufous-crowned Emu-wren,Rufous-crowned Emuwren
malemu1,Mallee Emu-wren,Mallee Emuwren
walfai1,Wallace's Fairywren,Wallace's Fairywren
orcfai1,Orange-crowned Fairywren,Orange-crowned Fairywren
brbfai1,Broad-billed Fairywren,Broad-billed Fairywren
brbfai2,Campbell's Fairywren,Campbell's Fairywren
empfai1,Emperor Fairywren,Emperor Fairywren
pucfai2,Purple-crowned Fairywren,Purple-crowned Fairywren
rewfai1,Red-winged Fairywren,Red-winged Fairywren
blbfai1,Blue-breasted Fairywren,Blue-breasted Fairywren
varfai1,Purple-backed Fairywren,Purple-backed Fairywren
varfai2,Purple-backed Fairywren (Lavender-flanked),Purple-backed Fairywren (Lavender-flanked)
varfai3,Purple-backed Fairywren (Purple-backed),Purple-backed Fairywren (Purple-backed)
varfai5,Variegated Fairywren,Variegated Fairywren
y01109,Purple-backed/Variegated Fairywren,Purple-backed/Variegated Fairywren
lovfai1,Lovely Fairywren,Lovely Fairywren
splfai1,Splendid Fairywren,Splendid Fairywren
splfai2,Splendid Fairywren (Western),Splendid Fairywren (Western)
splfai3,Splendid Fairywren (Central),Splendid Fairywren (Central)
splfai6,Splendid Fairywren (Eastern),Splendid Fairywren (Eastern)
supfai1,Superb Fairywren,Superb Fairywren
whwfai1,White-winged Fairywren,White-winged Fairywren
whwfai2,White-winged Fairywren (Blue-and-white),White-winged Fairywren (Blue-and-white)
whwfai3,White-winged Fairywren (Black-and-white),White-winged Fairywren (Black-and-white)
x00409,Superb x White-winged Fairywren (hybrid),Superb x White-winged Fairywren (hybrid)
rebfai1,Red-backed Fairywren,Red-backed Fairywren
x00410,Superb x Red-backed Fairywren (hybrid),Superb x Red-backed Fairywren (hybrid)
whsfai1,White-shouldered Fairywren,White-shouldered Fairywren
whsfai2,White-shouldered Fairywren (Southern),White-shouldered Fairywren (Southern)
whsfai8,White-shouldered Fairywren (Pied),White-shouldered Fairywren (Pied)
whsfai9,White-shouldered Fairywren (Black),White-shouldered Fairywren (Black)
fairyw1,fairywren sp.,fairywren sp.
daehon1,Dark-eared Myza,Dark-eared Myza
grshon1,White-eared Myza,White-eared Myza
y00887,Dark-eared/White-eared Myza,Dark-eared/White-eared Myza
easspi1,Eastern Spinebill,Eastern Spinebill
wesspi1,Western Spinebill,Western Spinebill
piehon1,Pied Honeyeater,Pied Honeyeater
plahon1,Plain Honeyeater,Plain Honeyeater
plahon8,Plain Honeyeater (Plain),Plain Honeyeater (Plain)
plahon7,Plain Honeyeater (Rusty),Plain Honeyeater (Rusty)
marhon1,Marbled Honeyeater,Marbled Honeyeater
marhon5,Marbled Honeyeater (Western),Marbled Honeyeater (Western)
marhon4,Marbled Honeyeater (Eastern),Marbled Honeyeater (Eastern)
sthhon1,Streak-headed Honeyeater,Streak-headed Honeyeater
tui1,Tui,Tui
nezbel1,New Zealand Bellbird,New Zealand Bellbird
y00407,Tui/New Zealand Bellbird,Tui/New Zealand Bellbird
chibel1,Chatham Islands Bellbird,Chatham Islands Bellbird
pubhon1,Puff-backed Honeyeater,Puff-backed Honeyeater
yeshon1,Yellow-spotted Honeyeater,Yellow-spotted Honeyeater
lewhon1,Lewin's Honeyeater,Lewin's Honeyeater
stbhon3,Streak-breasted Honeyeater,Streak-breasted Honeyeater
kimhon1,Kimberley Honeyeater,Kimberley Honeyeater
whlhon1,White-lined Honeyeater,White-lined Honeyeater
orchon1,Orange-cheeked Honeyeater,Orange-cheeked Honeyeater
forhon1,Forest Honeyeater,Forest Honeyeater
spbmel1,Mottle-breasted Honeyeater,Mottled Honeyeater
yeghon1,Yellow-gaped Honeyeater,Yellow-gaped Honeyeater
yeghon2,Yellow-gaped Honeyeater (Northern),Yellow-gaped Honeyeater (Northern)
yeghon3,Yellow-gaped Honeyeater (Southeastern),Yellow-gaped Honeyeater (Southeastern)
moumel1,Mountain Honeyeater,Mountain Honeyeater
scrhon1,Scrub Honeyeater,Scrub Honeyeater
mimhon1,Mimic Honeyeater,Mimic Honeyeater
taghon1,Tagula Honeyeater,Tagula Honeyeater
grahon2,Graceful Honeyeater,Graceful Honeyeater
grahon5,Cryptic Honeyeater,Cryptic Honeyeater
grahon3,Elegant Honeyeater,Elegant Honeyeater
grahon1,Graceful/Elegant Honeyeater,Graceful/Elegant Honeyeater
meliph1,Meliphaga/Territornis/Microptilotis sp.,Meliphaga sp.
yelhon1,Yellow Honeyeater,Yellow Honeyeater
whghon1,White-gaped Honeyeater,White-gaped Honeyeater
whfhon1,White-fronted Honeyeater,White-fronted Honeyeater
yefhon1,Yellow-faced Honeyeater,Yellow-faced Honeyeater
blthon1,Black-throated Honeyeater,Black-throated Honeyeater
obshon1,Obscure Honeyeater,Obscure Honeyeater
yethon3,Yellow-tufted Honeyeater,Yellow-tufted Honeyeater
yethon4,Yellow-tufted Honeyeater (Yellow-tufted),Yellow-tufted Honeyeater (Yellow-tufted)
yethon5,Yellow-tufted Honeyeater (Helmeted),Yellow-tufted Honeyeater (Helmeted)
pughon1,Purple-gaped Honeyeater,Purple-gaped Honeyeater
belmin1,Bell Miner,Bell Miner
noimin1,Noisy Miner,Noisy Miner
yetmin1,Yellow-throated Miner,Yellow-throated Miner
yetmin7,Yellow-throated Miner (Pale-rumped),Yellow-throated Miner (Pale-rumped)
yetmin5,Yellow-throated Miner (Dark-rumped),Yellow-throated Miner (Dark-rumped)
blemin1,Black-eared Miner,Black-eared Miner
x00741,Yellow-throated x Black-eared Miner (hybrid),Yellow-throated x Black-eared Miner (hybrid)
miner2,miner sp. (Manorina sp.),miner sp. (Manorina sp.)
soomel1,Sooty Honeyeater,Sooty Honeyeater
shbmel1,Short-bearded Honeyeater,Short-bearded Honeyeater
lobmel1,Long-bearded Honeyeater,Long-bearded Honeyeater
ornmel1,Ornate Melidectes,Ornate Melidectes
ornmel8,Ornate Melidectes (Ornate),Ornate Melidectes (Ornate)
ornmel7,Ornate Melidectes (Large-wattled),Ornate Melidectes (Large-wattled)
cibmel1,Cinnamon-browed Melidectes,Cinnamon-browed Melidectes
vogmel1,Vogelkop Melidectes,Vogelkop Melidectes
huomel1,Huon Melidectes,Huon Melidectes
belmel1,Belford's Melidectes,Belford's Melidectes
belmel7,Belford's Melidectes (Eastern),Belford's Melidectes (Eastern)
belmel8,Belford's Melidectes (Western),Belford's Melidectes (Western)
belmel6,Belford's Melidectes (Schrader Mts.),Belford's Melidectes (Schrader Mts.)
yebmel1,Yellow-browed Melidectes,Yellow-browed Melidectes
x00742,Belford's x Yellow-browed Melidectes (hybrid),Belford's x Yellow-browed Melidectes (hybrid)
y01063,Belford's/Yellow-browed Melidectes,Belford's/Yellow-browed Melidectes
melide1,melidectes sp.,melidectes sp.
brihon1,Bridled Honeyeater,Bridled Honeyeater
eunhon1,Eungella Honeyeater,Eungella Honeyeater
spchon1,Spiny-cheeked Honeyeater,Spiny-cheeked Honeyeater
bruwat1,Little Wattlebird,Little Wattlebird
litwat1,Western Wattlebird,Western Wattlebird
reghon1,Regent Honeyeater,Regent Honeyeater
redwat1,Red Wattlebird,Red Wattlebird
yelwat1,Yellow Wattlebird,Yellow Wattlebird
wattle1,wattlebird sp.,wattlebird sp.
varhon1,Varied Honeyeater,Varied Honeyeater
varhon2,Varied Honeyeater (Northern),Varied Honeyeater (Northern)
varhon5,Varied Honeyeater (Southern),Varied Honeyeater (Southern)
manhon1,Mangrove Honeyeater,Mangrove Honeyeater
sinhon1,Singing Honeyeater,Singing Honeyeater
gavica1,Gavicalis sp.,Gavicalis sp.
yephon1,Yellow-plumed Honeyeater,Yellow-plumed Honeyeater
whphon1,White-plumed Honeyeater,White-plumed Honeyeater
yethon2,Yellow-tinted Honeyeater,Yellow-tinted Honeyeater
fushon1,Fuscous Honeyeater,Fuscous Honeyeater
gyhhon1,Grey-headed Honeyeater,Gray-headed Honeyeater
gyfhon1,Grey-fronted Honeyeater,Gray-fronted Honeyeater
bouhon1,Bougainville Honeyeater,Bougainville Honeyeater
brbhon1,Brown-backed Honeyeater,Brown-backed Honeyeater
babhon1,Bar-breasted Honeyeater,Bar-breasted Honeyeater
rubhon2,Rufous-banded Honeyeater,Rufous-banded Honeyeater
ruthon1,Rufous-throated Honeyeater,Rufous-throated Honeyeater
gryhon1,Grey Honeyeater,Gray Honeyeater
descha1,Gibberbird,Gibberbird
yelcha1,Yellow Chat,Yellow Chat
cricha1,Crimson Chat,Crimson Chat
oracha1,Orange Chat,Orange Chat
whfcha1,White-fronted Chat,White-fronted Chat
arfhon1,Arfak Honeyeater,Arfak Honeyeater
smohon1,Common Smoky Honeyeater,Smoky Honeyeater
smohon4,Common Smoky Honeyeater (Kumawa),Smoky Honeyeater (Kumawa)
smohon5,Common Smoky Honeyeater (Smoky),Smoky Honeyeater (Smoky)
washon1,Wattled Smoky Honeyeater,Foja Honeyeater
spahon1,Spangled Honeyeater,Spangled Honeyeater
fakhon1,Fakfak Honeyeater (undescribed form),Fakfak Honeyeater (undescribed form)
melipo1,Melipotes sp.,Melipotes sp.
machon3,MacGregor's Honeyeater,Macgregor's Honeyeater
lobhon2,Long-billed Honeyeater,Long-billed Honeyeater
olistr1,Olive Straightbill,Olive Straightbill
tawstr1,Tawny Straightbill,Tawny Straightbill
blahon1,Black Honeyeater,Black Honeyeater
bismel1,Gilliard's Honeyeater,Bismarck Honeyeater
sermyz1,Drab Myzomela,Seram Myzomela
whcmyz1,White-chinned Myzomela,White-chinned Myzomela
retmyz1,Ruby-throated Myzomela,Ruby-throated Myzomela
ashmyz1,Ashy Myzomela,Ashy Myzomela
dusmyz4,Moluccan Myzomela,Moluccan Myzomela
dusmyz3,Red-tinged Myzomela,Red-tinged Myzomela
dusmyz2,Biak Myzomela,Biak Myzomela
dusmyz5,Dusky Myzomela,Dusky Myzomela
redmyz2,Red Myzomela,Red Myzomela
redmyz3,Reddish Myzomela,Reddish Myzomela
blamyz1,Papuan Black Myzomela,Papuan Black Myzomela
pabmyz1,Papuan Black Myzomela (Waigeo),Papuan Black Myzomela (Waigeo)
pabmyz7,Papuan Black Myzomela (Black),Papuan Black Myzomela (Black)
pabmyz5,Papuan Black Myzomela (D'Entrecasteaux),Papuan Black Myzomela (D'Entrecasteaux)
neimyz1,New Ireland Myzomela,New Ireland Myzomela
alomyz1,Alor Myzomela,Alor Myzomela
crhmyz1,Wetar Myzomela,Crimson-hooded Myzomela
rehmyz1,Red-headed Myzomela,Red-headed Myzomela
rehmyz2,Red-headed Myzomela (Papuan),Red-headed Myzomela (Papuan)
rehmyz3,Red-headed Myzomela (Australian),Red-headed Myzomela (Australian)
summyz1,Sumba Myzomela,Sumba Myzomela
rotmyz2,Rote Myzomela,Rote Myzomela
moumyz1,Mountain Myzomela,Elfin Myzomela
sulmyz1,Sulawesi Myzomela,Sulawesi Myzomela
sulmyz3,Bacan Myzomela,Bacan Myzomela
obimyz1,Obi Myzomela (undescribed form),Obi Myzomela (undescribed form)
talmyz1,Taliabu Myzomela,Taliabu Myzomela
wakmyz1,Wakolo Myzomela,Wakolo Myzomela
wakmyz2,Wakolo Myzomela (Seram),Wakolo Myzomela (Seram)
wakmyz3,Wakolo Myzomela (Buru),Wakolo Myzomela (Buru)
banmyz1,Banda Myzomela,Banda Myzomela
banmyz2,Banda Myzomela (Banda Islands),Banda Myzomela (Banda Islands)
banmyz3,Banda Myzomela (Tanimbar),Banda Myzomela (Tanimbar)
banmyz4,Banda Myzomela (Babar),Banda Myzomela (Babar)
necmyz1,New Caledonian Myzomela,New Caledonian Myzomela
scamyz1,Scarlet Myzomela,Scarlet Myzomela
micmyz1,Micronesian Myzomela,Micronesian Myzomela
carmyz1,Cardinal Myzomela (Cardinal/Loyalty),Cardinal Myzomela
carmyz2,Cardinal Myzomela (Loyalty),Cardinal Myzomela (Loyalty)
carmyz3,Cardinal Myzomela (Cardinal),Cardinal Myzomela (Cardinal)
carmyz4,Cardinal Myzomela (Samoan),Samoan Myzomela
rotmyz1,Rotuma Myzomela,Rotuma Myzomela
scbmyz1,Sclater's Myzomela,Sclater's Myzomela
ebomyz1,Bismarck Black Myzomela,Bismarck Black Myzomela
scnmyz1,Red-capped Myzomela,Scarlet-naped Myzomela
yevmyz1,Crimson-rumped Myzomela,Yellow-vented Myzomela
rebmyz1,Red-vested Myzomela,Red-bellied Myzomela
blhmyz1,Black-headed Myzomela,Black-headed Myzomela
soomyz1,Sooty Myzomela,Sooty Myzomela
orbmyz1,Sulphur-breasted Myzomela,Sulphur-breasted Myzomela
blbmyz1,Black-bellied Myzomela,Black-bellied Myzomela
bkbmyz1,Black-breasted Myzomela,Black-breasted Myzomela
recmyz1,Red-collared Myzomela,Red-collared Myzomela
recmyz3,Long-billed Myzomela,Long-billed Myzomela
myzome1,Myzomela sp.,myzomela sp.
barhon2,Barred Honeyeater,Barred Honeyeater
tachon1,Tawny-crowned Honeyeater,Tawny-crowned Honeyeater
nehhon1,White-bellied Honeyeater,Vanuatu Honeyeater
grbhon1,Green-backed Honeyeater,Green-backed Honeyeater
leahon1,Leaden Honeyeater,Leaden Honeyeater
olshon1,Yellowish-streaked Honeyeater,Yellow-streaked Honeyeater
rushon1,Rufous-sided Honeyeater,Rufous-sided Honeyeater
rushon2,Rufous-sided Honeyeater (Red-eyed),Rufous-sided Honeyeater (Red-eyed)
rushon3,Rufous-sided Honeyeater (White-eyed),Rufous-sided Honeyeater (White-eyed)
mayhon1,Mayr's Honeyeater,Mayr's Honeyeater
rubhon1,Rufous-backed Honeyeater,Rufous-backed Honeyeater
blbhon1,Grey-streaked Honeyeater,Gray-streaked Honeyeater
banhon1,Banded Honeyeater,Banded Honeyeater
sunhon1,Scaly-crowned Honeyeater,Sunda Honeyeater
olihon1,Olive Honeyeater,Olive Honeyeater
brohon1,Brown Honeyeater,Brown Honeyeater
dabhon1,Grey-eared Honeyeater,Gray-eared Honeyeater
whthon2,Scaly-breasted Honeyeater,White-tufted Honeyeater
siehon1,Silver-eared Honeyeater,Silver-eared Honeyeater
burhon1,Buru Honeyeater,Buru Honeyeater
serhon1,Seram Honeyeater,Seram Honeyeater
yeehon1,Flame-eared Honeyeater,Yellow-eared Honeyeater
blchon1,Black-necklaced Honeyeater,Black-chested Honeyeater
crehon2,Crescent Honeyeater,Crescent Honeyeater
nehhon2,New Holland Honeyeater,New Holland Honeyeater
whchon2,White-cheeked Honeyeater,White-cheeked Honeyeater
whchon1,White-cheeked Honeyeater (White-cheeked),White-cheeked Honeyeater (White-cheeked)
whchon3,White-cheeked Honeyeater (Gould's),White-cheeked Honeyeater (Gould's)
x00923,New Holland x White-cheeked Honeyeater (hybrid),New Holland x White-cheeked Honeyeater (hybrid)
whshon1,White-streaked Honeyeater,White-streaked Honeyeater
whehon1,White-eared Honeyeater,White-eared Honeyeater
yethon1,Yellow-throated Honeyeater,Yellow-throated Honeyeater
blfhon1,Blue-faced Honeyeater,Blue-faced Honeyeater
bufhon1,Blue-faced Honeyeater (White-quilled),Blue-faced Honeyeater (White-quilled)
bufhon2,Blue-faced Honeyeater (Blue-faced),Blue-faced Honeyeater (Blue-faced)
whthon1,White-throated Honeyeater,White-throated Honeyeater
whnhon3,Gilbert's Honeyeater,Gilbert's Honeyeater
whnhon2,White-naped Honeyeater,White-naped Honeyeater
blhhon1,Black-headed Honeyeater,Black-headed Honeyeater
brhhon1,Brown-headed Honeyeater,Brown-headed Honeyeater
blchon2,Black-chinned Honeyeater,Black-chinned Honeyeater
bkchon1,Black-chinned Honeyeater (Golden-backed),Black-chinned Honeyeater (Golden-backed)
bkchon2,Black-chinned Honeyeater (Black-chinned),Black-chinned Honeyeater (Black-chinned)
stbhon2,Strong-billed Honeyeater,Strong-billed Honeyeater
melith1,Melithreptus sp.,Melithreptus sp.
sacmel1,Makira Honeyeater,Makira Honeyeater
guahon1,Guadalcanal Honeyeater,Guadalcanal Honeyeater
kanhon1,Kadavu Honeyeater,Kadavu Honeyeater
chagih1,Yellow-billed Giant Honeyeater,Yellow-billed Giant-Honeyeater
duegih1,Duetting Giant Honeyeater,Duetting Giant-Honeyeater
mao1,Mao,Mao
crohon1,Crow Honeyeater,Crow Honeyeater
weswah1,Kikau,Western Wattled-Honeyeater
easwah1,Polynesian Wattled Honeyeater,Eastern Wattled-Honeyeater
norwah1,Fiji Wattled Honeyeater,Northern Wattled-Honeyeater
tabhon1,Tawny-breasted Honeyeater,Tawny-breasted Honeyeater
tabhon15,Tawny-breasted Honeyeater (Western),Tawny-breasted Honeyeater (Western)
tabhon16,Tawny-breasted Honeyeater (Northern),Tawny-breasted Honeyeater (Northern)
tabhon17,Tawny-breasted Honeyeater (Southern),Tawny-breasted Honeyeater (Southern)
tabhon13,Tawny-breasted Honeyeater (D'Entrecasteaux),Tawny-breasted Honeyeater (D'Entrecasteaux)
spohon3,Spotted Honeyeater,Spotted Honeyeater
machon2,Macleay's Honeyeater,Macleay's Honeyeater
strhon1,Striped Honeyeater,Striped Honeyeater
paihon1,Painted Honeyeater,Painted Honeyeater
whsfri1,White-streaked Friarbird,White-streaked Friarbird
litfri1,Little Friarbird,Little Friarbird
meyfri1,Meyer's Friarbird,Meyer's Friarbird
timfri1,Timor Friarbird,Timor Friarbird
gryfri1,Grey Friarbird,Gray Friarbird
brafri1,Brass's Friarbird,Brass's Friarbird
dusfri1,Morotai Friarbird,Morotai Friarbird
bkffri1,Buru Friarbird,Buru Friarbird
bkffri2,Tanimbar Friarbird,Tanimbar Friarbird
serfri1,Seram Friarbird,Seram Friarbird
neifri1,New Ireland Friarbird,New Ireland Friarbird
helfri1,Helmeted/New Guinea/Hornbill Friarbird,Helmeted Friarbird
helfri3,New Guinea Friarbird,Helmeted Friarbird (New Guinea)
helfri4,Hornbill Friarbird,Helmeted Friarbird (Hornbill)
helfri9,Helmeted Friarbird (Arnhem Land),Helmeted Friarbird (Arnhem Land)
helfri2,Helmeted Friarbird (Tenggara),Helmeted Friarbird (Tenggara)
whnfri1,Manus Friarbird,White-naped Friarbird
nebfri1,New Britain Friarbird,New Britain Friarbird
sicfri1,Silver-crowned Friarbird,Silver-crowned Friarbird
noifri1,Noisy Friarbird,Noisy Friarbird
necfri1,New Caledonian Friarbird,New Caledonian Friarbird
friarb1,friarbird sp.,friarbird sp.
meliph2,Meliphagidae sp.,Meliphagidae sp.
wesbri1,Western Bristlebird,Western Bristlebird
easbri1,Eastern Bristlebird,Eastern Bristlebird
rufbri1,Rufous Bristlebird,Rufous Bristlebird
spopar1,Spotted Pardalote,Spotted Pardalote
spopar2,Spotted Pardalote (Wet Tropics),Spotted Pardalote (Wet Tropics)
spopar3,Spotted Pardalote (Spotted),Spotted Pardalote (Spotted)
spopar4,Spotted Pardalote (Yellow-rumped),Spotted Pardalote (Yellow-rumped)
fospar1,Forty-spotted Pardalote,Forty-spotted Pardalote
rebpar6,Red-browed Pardalote,Red-browed Pardalote
strpar1,Striated Pardalote,Striated Pardalote
strpar2,Striated Pardalote (Black-headed),Striated Pardalote (Black-headed)
strpar3,Striated Pardalote (Eastern),Striated Pardalote (Eastern)
strpar4,Striated Pardalote (Yellow-tipped),Striated Pardalote (Yellow-tipped)
strpar5,Striated Pardalote (Striated),Striated Pardalote (Striated)
pardal1,pardalote sp.,pardalote sp.
dwawhi1,Goldenface,Goldenface
fernwr1,Fernwren,Fernwren
pilotb1,Pilotbird,Pilotbird
redthr1,Redthroat,Redthroat
spewar3,Speckled Warbler,Speckled Warbler
shyhea1,Shy Heathwren,Shy Heathwren
chrhea1,Chestnut-rumped Heathwren,Chestnut-rumped Heathwren
strfie1,Striated Fieldwren,Striated Fieldwren
ruffie2,Rufous Fieldwren,Rufous Fieldwren
ruffie3,Western Fieldwren,Western Fieldwren
ruffie1,Rufous/Western Fieldwren,Rufous/Western Fieldwren
weebil1,Weebill,Weebill
weebil2,Weebill (Yellow),Weebill (Yellow)
weebil6,Weebill (Brown),Weebill (Brown)
yetscr1,Yellow-throated Scrubwren,Yellow-throated Scrubwren
momwar1,Mountain Mouse-warbler,Mountain Mouse-Warbler
rumwar1,Rusty Mouse-warbler,Rusty Mouse-Warbler
rocwar1,Rockwarbler,Rockwarbler
tasscr1,Tasmanian Scrubwren,Tasmanian Scrubwren
whbscr1,White-browed Scrubwren,White-browed Scrubwren
whbscr2,White-browed Scrubwren (Buff-breasted),White-browed Scrubwren (Buff-breasted)
whbscr4,White-browed Scrubwren (White-browed),White-browed Scrubwren (White-browed)
whbscr3,Spotted Scrubwren,Spotted Scrubwren
y01172,White-browed/Spotted Scrubwren,White-browed/Spotted Scrubwren
athscr1,Atherton Scrubwren,Atherton Scrubwren
becscr1,Tropical Scrubwren,Tropical Scrubwren
labscr2,Large-billed Scrubwren,Large-billed Scrubwren
labscr1,Large-billed Scrubwren (Straight-billed),Large-billed Scrubwren (Straight-billed)
labscr5,Large-billed Scrubwren (Recurve-billed),Large-billed Scrubwren (Recurve-billed)
larscr1,Large Scrubwren,Large Scrubwren
pabscr1,Pale-billed Scrubwren,Pale-billed Scrubwren
bimwar1,Bicolored Scrubwren,Bicolored Mouse-Warbler
mousew1,Mountain/Rusty Mouse-warbler/Bicolored Scrubwren,mouse-warbler sp.
vogscr1,Vogelkop Scrubwren,Vogelkop Scrubwren
bufscr1,Buff-faced Scrubwren,Buff-faced Scrubwren
wonscr1,Wondiwoi Scrubwren (undescribed form),Wondiwoi Scrubwren (undescribed form)
gygscr1,Grey-green Scrubwren,Gray-green Scrubwren
papscr1,Papuan Scrubwren,Papuan Scrubwren
scrubw1,scrubwren sp.,scrubwren sp.
scrubt2,Scrubtit,Scrubtit
souwhi1,Southern Whiteface,Southern Whiteface
souwhi2,Southern Whiteface (Grey-flanked),Southern Whiteface (Gray-flanked)
souwhi3,Southern Whiteface (Rufous-flanked),Southern Whiteface (Rufous-flanked)
banwhi1,Banded Whiteface,Banded Whiteface
chbwhi1,Chestnut-breasted Whiteface,Chestnut-breasted Whiteface
yertho1,Yellow-rumped Thornbill,Yellow-rumped Thornbill
mouger1,Grey Thornbill,Gray Thornbill
paptho1,New Guinea Thornbill,Papuan Thornbill
yeltho1,Yellow Thornbill,Yellow Thornbill
strtho1,Striated Thornbill,Striated Thornbill
inltho1,Inland Thornbill,Inland Thornbill
tastho1,Tasmanian Thornbill,Tasmanian Thornbill
moutho1,Mountain Thornbill,Mountain Thornbill
brotho1,Brown Thornbill,Brown Thornbill
y00973,Tasmanian/Brown Thornbill,Tasmanian/Brown Thornbill
slbtho1,Slaty-backed Thornbill,Slaty-backed Thornbill
slbtho2,Slender-billed Thornbill,Slender-billed Thornbill
chrtho1,Chestnut-rumped Thornbill,Chestnut-rumped Thornbill
westho1,Western Thornbill,Western Thornbill
burtho1,Buff-rumped Thornbill,Buff-rumped Thornbill
burtho2,Buff-rumped Thornbill (Yellowish),Buff-rumped Thornbill (Yellowish)
burtho6,Buff-rumped Thornbill (Buff-rumped),Buff-rumped Thornbill (Buff-rumped)
thornb1,thornbill sp.,thornbill sp.
yebger1,Yellow-bellied Gerygone,Yellow-bellied Gerygone
broger1,Brown Gerygone,Brown Gerygone
gnbger1,Green-backed Gerygone,Green-backed Gerygone
faiger1,Fairy Gerygone,Fairy Gerygone
faiger2,Fairy Gerygone (Black-throated),Fairy Gerygone (Black-throated)
faiger3,Fairy Gerygone (Fairy),Fairy Gerygone (Fairy)
labger1,Large-billed Gerygone,Large-billed Gerygone
biager1,Biak Gerygone,Biak Gerygone
plager1,Plain Gerygone,Plain Gerygone
rusger1,Rufous-sided Gerygone,Rufous-sided Gerygone
whtger1,White-throated Gerygone,White-throated Gerygone
gobger1,Golden-bellied Gerygone,Golden-bellied Gerygone
dusger1,Dusky Gerygone,Dusky Gerygone
fatger1,Fan-tailed Gerygone,Fan-tailed Gerygone
fatger3,Rennell Gerygone,Rennell Gerygone
manger1,Mangrove Gerygone,Mangrove Gerygone
wesger1,Western Gerygone,Western Gerygone
brbger1,Brown-breasted Gerygone,Brown-breasted Gerygone
lohger1,Lord Howe Gerygone,Lord Howe Gerygone
noiger1,Norfolk Gerygone,Norfolk Island Gerygone
gryger1,Grey Gerygone,Gray Gerygone
chiger2,Chatham Islands Gerygone,Chatham Islands Gerygone
gerygo1,Gerygone sp.,gerygone sp.
negbab1,Papuan Babbler,Papuan Babbler
gycbab1,Grey-crowned Babbler,Gray-crowned Babbler
gycbab5,Grey-crowned Babbler (Grey-crowned),Gray-crowned Babbler (Gray-crowned)
gycbab4,Grey-crowned Babbler (Rufous-breasted),Gray-crowned Babbler (Rufous-breasted)
whbbab3,White-browed Babbler,White-browed Babbler
halbab1,Hall's Babbler,Hall's Babbler
chcbab2,Chestnut-crowned Babbler,Chestnut-crowned Babbler
pseudo1,pseudo-babbler sp.,pseudo-babbler sp.
norlog1,Papuan Logrunner,Papuan Logrunner
paplog1,Papuan Logrunner (Arfak),Papuan Logrunner (Arfak)
paplog4,Papuan Logrunner (Papuan),Papuan Logrunner (Papuan)
soulog1,Australian Logrunner,Australian Logrunner
chowch1,Chowchilla,Chowchilla
spqthr1,Spotted Quail-thrush,Spotted Quail-thrush
chequt1,Chestnut Quail-thrush,Chestnut Quail-thrush
copqut1,Copperback Quail-thrush,Copperback Quail-thrush
cbqthr1,Chestnut-breasted Quail-thrush,Chestnut-breasted Quail-thrush
chbqut1,Western Quail-thrush,Western Quail-thrush
ciqthr1,Cinnamon Quail-thrush,Cinnamon Quail-thrush
nulqut1,Nullarbor Quail-thrush,Nullarbor Quail-thrush
paqthr1,Painted Quail-thrush,Painted Quail-thrush
quailt1,quail-thrush sp.,quail-thrush sp.
spjbab1,Spotted Jewel-babbler,Spotted Jewel-babbler
blujeb1,Blue Jewel-babbler,Blue Jewel-babbler
blujeb2,Brown-headed Jewel-babbler,Dimorphic Jewel-babbler
yapjeb1,Yapen Jewel-babbler (undescribed form),Yapen Jewel-babbler (undescribed form)
bljbab1,Blue/Brown-headed Jewel-babbler,Blue/Dimorphic Jewel-babbler
cbjbab1,Chestnut-backed Jewel-babbler,Chestnut-backed Jewel-babbler
jewelb1,jewel-babbler sp.,jewel-babbler sp.
whbmin3,White-bellied Minivet,White-bellied Minivet
whbmin2,Jerdon's Minivet,Jerdon's Minivet
fiemin1,Fiery Minivet,Fiery Minivet
smamin1,小山椒鸟,Small Minivet
gycmin1,灰喉山椒鸟,Gray-chinned Minivet
gycmin2,灰喉山椒鸟 (淡喉),Gray-chinned Minivet (Gray-chinned)
gycmin3,灰喉山椒鸟 (montanus/cinereigula),Gray-chinned Minivet (Gray-throated)
sunmin1,Sunda Minivet,Sunda Minivet
shbmin2,短嘴山椒鸟,Short-billed Minivet
flomin1,Little Minivet,Flores Minivet
lotmin1,长尾山椒鸟,Long-tailed Minivet
scamin3,Orange Minivet,Orange Minivet
scamin1,赤红山椒鸟,Scarlet Minivet
scamin2,赤红山椒鸟 (赤红),Scarlet Minivet (Scarlet)
scamin6,赤红山椒鸟 (leytensis/novus),Scarlet Minivet (Philippine Red)
scamin4,赤红山椒鸟 [marchesae Group],Scarlet Minivet (Philippine Yellow)
scamin5,赤红山椒鸟 (exul/siebersi),Scarlet Minivet (Javan)
ryumin1,琉球山椒鸟,Ryukyu Minivet
ashmin1,灰山椒鸟,Ashy Minivet
y01115,琉球山椒鸟/灰山椒鸟,Ryukyu/Ashy Minivet
brrmin1,小灰山椒鸟,Brown-rumped Minivet
y00974,灰山椒鸟/小灰山椒鸟,Ashy/Brown-rumped Minivet
rosmin1,粉红山椒鸟,Rosy Minivet
rosmin3,小灰山椒鸟x粉红山椒鸟 (杂交),Brown-rumped x Rosy Minivet (hybrid)
minive2,未识别的红色山椒鸟,minivet sp. (red minivet sp.)
minive3,未识别的灰色山椒鸟,minivet sp. (gray minivet sp.)
minive1,未识别的山椒鸟,minivet sp.
ashcus3,Comoro Cuckooshrike,Comoro Cuckooshrike
ashcus2,Madagascar Cuckooshrike,Madagascar Cuckooshrike
gracus1,Grauer's Cuckooshrike,Grauer's Cuckooshrike
grycus1,Grey Cuckooshrike,Gray Cuckooshrike
whbcus2,White-breasted Cuckooshrike,White-breasted Cuckooshrike
stbcus1,Stout-billed Cuckooshrike,Stout-billed Cuckooshrike
hoocus1,Hooded Cuckooshrike,Hooded Cuckooshrike
piecus1,Pied Cuckooshrike,Pied Cuckooshrike
cercus1,Cerulean Cuckooshrike,Cerulean Cuckooshrike
grocus1,Ground Cuckooshrike,Ground Cuckooshrike
yeecus1,Barred Cuckooshrike,Barred Cuckooshrike
boycus1,Boyer's Cuckooshrike,Boyer's Cuckooshrike
bkfcus1,Black-faced Cuckooshrike,Black-faced Cuckooshrike
melcus3,North Melanesian Cuckooshrike,North Melanesian Cuckooshrike
whbcus1,White-bellied/Manus Cuckooshrike,White-bellied Cuckooshrike
whbcuc14,White-bellied Cuckooshrike,White-bellied Cuckooshrike (White-bellied)
whbcus4,Manus Cuckooshrike,White-bellied Cuckooshrike (Manus)
molcus1,Moluccan Cuckooshrike,Moluccan Cuckooshrike
melcus1,South Melanesian Cuckooshrike,South Melanesian Cuckooshrike
larcuc1,印度鹃鵙,Indian Cuckooshrike
larcuc11,大鹃鵙,Oriental Cuckooshrike
javcus1,大鹃鵙 (javensis),Oriental Cuckooshrike (Javan)
larcuc2,大鹃鵙 (广布),Oriental Cuckooshrike (Oriental)
larcuc9,大鹃鵙 (华南),Oriental Cuckooshrike (East Asian)
y01313,印度鹃鵙/大鹃鵙,Indian/Oriental Cuckooshrike
larcuc3,马来鹃鵙,Malayan Cuckooshrike
babcus1,Bar-bellied Cuckooshrike,Bar-bellied Cuckooshrike
babcuc25,Bar-bellied Cuckooshrike (Roving),Bar-bellied Cuckooshrike (Roving)
babcuc3,Bar-bellied Cuckooshrike (Philippine),Bar-bellied Cuckooshrike (Philippine)
babcuc19,Mindoro Cuckooshrike,Mindoro Cuckooshrike
babcuc5,Visayan Cuckooshrike,Visayan Cuckooshrike
mincuc1,Mindanao Cuckooshrike,Mindanao Cuckooshrike
babcuc24,Sulu Cuckooshrike,Sulu Cuckooshrike
andcus1,Andaman Cuckooshrike,Andaman Cuckooshrike
suncus1,Sunda Cuckooshrike,Sunda Cuckooshrike
walcus1,Wallacean Cuckooshrike,Wallacean Cuckooshrike
walcuc1,Wallacean Cuckooshrike (Kai),Wallacean Cuckooshrike (Kai)
walcuc2,Wallacean Cuckooshrike (Flores),Wallacean Cuckooshrike (Flores)
walcuc4,Wallacean Cuckooshrike (Sumba),Wallacean Cuckooshrike (Sumba)
walcuc5,Wallacean Cuckooshrike (Timor),Wallacean Cuckooshrike (Timor)
walcuc6,Wallacean Cuckooshrike (Tanimbar),Wallacean Cuckooshrike (Tanimbar)
walcuc3,Wallacean Cuckooshrike (Alor),Wallacean Cuckooshrike (Alor)
halcus1,Halmahera Cuckooshrike,Halmahera Cuckooshrike
burcus1,Buru Cuckooshrike,Buru Cuckooshrike
whrcus1,White-rumped Cuckooshrike,White-rumped Cuckooshrike
slacus1,Slaty Cuckooshrike,Slaty Cuckooshrike
cuckoo2,Coracina sp.,Coracina sp.
ghacus1,Western Wattled Cuckooshrike,Ghana Cuckooshrike
oricus1,Eastern Wattled Cuckooshrike,Oriole Cuckooshrike
blkcus1,Black Cuckooshrike,Black Cuckooshrike
petcus1,Petit's Cuckooshrike,Petit's Cuckooshrike
rescus1,Red-shouldered Cuckooshrike,Red-shouldered Cuckooshrike
putcus1,Purple-throated Cuckooshrike,Purple-throated Cuckooshrike
afrcuc2,african cuckooshrike sp.,african cuckooshrike sp.
golcus1,Golden Cuckooshrike,Golden Cuckooshrike
mcgcus1,McGregor's Cuckooshrike,McGregor's Cuckooshrike
poltri1,Polynesian Triller,Polynesian Triller
samtri1,Samoan Triller,Samoan Triller
lottri1,Long-tailed Triller,Long-tailed Triller
whwtri2,White-shouldered Triller,White-shouldered Triller
whwtri1,White-winged Triller,White-winged Triller
blbtri1,Black-browed Triller,Black-browed Triller
bkbtri2,Biak Triller,Biak Triller
whbtri1,White-browed Triller,White-browed Triller
vartri1,Varied Triller,Varied Triller
vartri3,Mussau Triller,Mussau Triller
bawtri1,Black-and-white Triller,Black-and-white Triller
bawtri2,Black-and-white Triller (Northern),Black-and-white Triller (Northern)
bawtri3,Black-and-white Triller (Southern),Black-and-white Triller (Southern)
whrtri1,White-rumped Triller,White-rumped Triller
pietri1,黑鸣鹃鵙,Pied Triller
rubtri1,Rufous-bellied Triller,Rufous-bellied Triller
reucus1,Reunion Cuckooshrike,Reunion Cuckooshrike
maucus1,Mauritius Cuckooshrike,Mauritius Cuckooshrike
bkwcus1,暗灰鹃鵙,Black-winged Cuckooshrike
bkhcus1,Black-headed Cuckooshrike,Black-headed Cuckooshrike
y00408,Indian/Oriental/Black-headed Cuckooshrike,Indian/Oriental/Black-headed Cuckooshrike
lescus1,Lesser Cuckooshrike,Lesser Cuckooshrike
indcus1,Indochinese Cuckooshrike,Indochinese Cuckooshrike
trille1,Lalage sp.,Lalage sp.
pygcus1,Pygmy Cuckooshrike,Pygmy Cuckooshrike
blucus1,Blue Cuckooshrike,Blue Cuckooshrike
neccus1,New Caledonian Cuckooshrike,New Caledonian Cuckooshrike
blacus1,Blackish Cuckooshrike,Blackish Cuckooshrike
whwcus1,White-winged Cuckooshrike,White-winged Cuckooshrike
bkbcus2,Black-bellied Cuckooshrike,Black-bellied Cicadabird
sumcus1,Pale-shouldered Cicadabird,Pale-shouldered Cicadabird
kaicus1,Kai Cicadabird,Kai Cicadabird
timcic1,Timor Cicadabird,Timor Cicadabird
timcic2,Timor Cicadabird (Flores Sea),Timor Cicadabird (Flores Sea)
comcic12,Timor Cicadabird (Timor),Timor Cicadabird (Timor)
pagcus1,Pale Cicadabird,Pale Cicadabird
cicada3,Pohnpei Cicadabird,Pohnpei Cicadabird
bkbcus1,Black-bibbed Cicadabird,Black-bibbed Cicadabird
bkbcuc1,Black-bibbed Cicadabird (Luzon),Black-bibbed Cicadabird (Luzon)
bkbcuc2,Black-bibbed Cicadabird (Mindoro),Black-bibbed Cicadabird (Mindoro)
bkbcic3,Black-bibbed Cicadabird (Mindanao),Black-bibbed Cicadabird (Mindanao)
bkbcuc5,Black-bibbed Cicadabird (Sulu),Black-bibbed Cicadabird (Sulu)
gyhcus1,Grey-headed Cuckooshrike,Gray-headed Cicadabird
negcus1,Black Cicadabird,Black Cicadabird
soicus1,Solomons Cicadabird,Solomons Cicadabird
solcuc3,Solomons Cicadabird (Solomons),Solomons Cicadabird (Solomons)
solcuc2,Solomons Cicadabird (New Georgia),Solomons Cicadabird (New Georgia)
solcuc4,Malaita Cicadabird,Malaita Cicadabird
cicada7,Makira Cicadabird,Makira Cicadabird
mancic1,Admiralty Cicadabird,Manus Cicadabird
sancic1,Sangihe Cicadabird,Sangihe Cicadabird
sulcic2,Sangihe Cicadabird (Sangihe),Sangihe Cicadabird (Sangihe)
sulcic1,Sangihe Cicadabird (Talaud),Sangihe Cicadabird (Talaud)
cicada4,Palau Cicadabird,Palau Cicadabird
cicada5,Yap Cicadabird,Yap Cicadabird
cemcic1,Central Melanesian Cicadabird,Central Melanesian Cicadabird
comcic26,Central Melanesian Cicadabird (Lihir),Central Melanesian Cicadabird (Lihir)
cemcic2,Central Melanesian Cicadabird (Central Melanesian),Central Melanesian Cicadabird (Central Melanesian)
comcic29,Central Melanesian Cicadabird (Pavuvu),Central Melanesian Cicadabird (Pavuvu)
sulcus2,Sulawesi Cicadabird,Sulawesi Cicadabird
comcic4,Geelvink Cicadabird,Geelvink Cicadabird
comcic19,Banggai Cicadabird,Banggai Cicadabird
comcic20,Obi Cicadabird,Obi Cicadabird
sulcus1,Sula Cicadabird,Sula Cicadabird
nomcic1,North Moluccan Cicadabird,North Moluccan Cicadabird
comcic10,North Moluccan Cicadabird (Tukangbesi),North Moluccan Cicadabird (Tukangbesi)
comcic3,North Moluccan Cicadabird (North Moluccan),North Moluccan Cicadabird (North Moluccan)
papcus1,Black-shouldered Cicadabird,Papuan Cicadabird
comcic6,Bismarck Cicadabird,Bismarck Cicadabird
comcic25,Bismarck Cicadabird (Mussau),Bismarck Cicadabird (Mussau)
cicada6,Bismarck Cicadabird (New Ireland),Bismarck Cicadabird (New Ireland)
comcic23,Bismarck Cicadabird (Umboi),Bismarck Cicadabird (Umboi)
comcic24,Bismarck Cicadabird (New Britain),Bismarck Cicadabird (New Britain)
comcic5,Rossel Cicadabird,Rossel Cicadabird
comcic11,South Moluccan Cicadabird,South Moluccan Cicadabird
cicada1,Sahul Cicadabird,Sahul Cicadabird
sahcic1,Sahul Cicadabird (Papuan),Sahul Cicadabird (Papuan)
comcic16,Sahul Cicadabird (Tagula),Sahul Cicadabird (Tagula)
comcic17,Sahul Cicadabird (Rainforest),Sahul Cicadabird (Rainforest)
comcic18,Sahul Cicadabird (Woodland),Sahul Cicadabird (Woodland)
edolis1,Edolisoma sp.,Edolisoma sp.
cuckoo4,未识别的鹃鵙,cuckooshrike sp.
whiteh1,Whitehead,Whitehead
yellow3,Yellowhead,Yellowhead
pipipi1,Pipipi,Pipipi
blksit1,Black Sittella,Black Sittella
varsit1,Papuan Sittella,Papuan Sittella
varsit8,Varied Sittella,Varied Sittella
varsit3,Varied Sittella (White-winged),Varied Sittella (White-winged)
varsit4,Varied Sittella (Striated),Varied Sittella (Striated)
varsit5,Varied Sittella (White-headed),Varied Sittella (White-headed)
varsit6,Varied Sittella (Orange-winged),Varied Sittella (Orange-winged)
varsit7,Varied Sittella (Black-capped),Varied Sittella (Black-capped)
papwhi1,Papuan Whipbird,Papuan Whipbird
easwhi1,Eastern Whipbird,Eastern Whipbird
weswhi1,Black-throated/White-bellied Whipbird,Western Whipbird
weswhi3,Black-throated Whipbird,Western Whipbird (Black-throated)
weswhi4,White-bellied Whipbird,Western Whipbird (White-bellied)
chiwed1,Chiming Wedgebill,Chiming Wedgebill
chiwed2,Chirruping Wedgebill,Chirruping Wedgebill
watplo1,Wattled Ploughbill,Wattled Ploughbill
crebel1,Crested Bellbird,Crested Bellbird
runwhi1,Rufous-naped Bellbird,Rufous-naped Bellbird
crepit1,Piping Bellbird,Piping Bellbird
cresht1,Eastern Shriketit,Eastern Shrike-tit
cresht2,Western Shriketit,Western Shrike-tit
cresht3,Northern Shriketit,Northern Shrike-tit
titber1,Tit Berrypecker,Tit Berrypecker
creber3,Western Crested Berrypecker,Western Crested Berrypecker
creber2,Eastern Crested Berrypecker,Eastern Crested Berrypecker
creber1,Western/Eastern Crested Berrypecker,Western/Eastern Crested Berrypecker
bhsbab1,棕腹鵙鹛,Black-headed Shrike-Babbler
wbsbab2,Pied Shrike-babbler,Pied Shrike-Babbler
whbshb1,红翅鵙鹛,White-browed Shrike-Babbler
himshb1,红翅鵙鹛 (喜山西部),White-browed Shrike-Babbler (Himalayan)
blyshb4,红翅鵙鹛 (喜山东部),White-browed Shrike-Babbler (Chestnut-winged)
blyshb3,红翅鵙鹛 (灰胸),White-browed Shrike-Babbler (Gray-breasted)
blyshb2,红翅鵙鹛 [aeralatus Group],White-browed Shrike-Babbler (Blyth's)
dalshb1,红翅鵙鹛 (annamensis),White-browed Shrike-Babbler (Dalat)
grsbab1,淡绿鵙鹛,Green Shrike-Babbler
grnshb2,淡绿鵙鹛 (黑顶),Green Shrike-Babbler (Black-crowned)
grnshb1,淡绿鵙鹛 (白眶),Green Shrike-Babbler (Eye-ringed)
besbab1,栗喉鵙鹛,Black-eared Shrike-Babbler
cfsbab1,Trilling Shrike-babbler,Trilling Shrike-Babbler
clishb1,栗额鵙鹛,Clicking Shrike-Babbler
clishb2,栗额鵙鹛 (aenobarbulus),Clicking Shrike-Babbler (Garo Hills)
clishb3,栗额鵙鹛 (中南半岛),Clicking Shrike-Babbler (Clicking)
shrike2,未识别的鵙鹛,shrike-babbler sp.
whbyuh1,白腹凤鹛,White-bellied Erpornis
rubpep1,Rufous-browed Peppershrike,Rufous-browed Peppershrike
rubpep2,Rufous-browed Peppershrike (Northern),Rufous-browed Peppershrike (Northern)
rubpep3,Rufous-browed Peppershrike (Cozumel I.),Rufous-browed Peppershrike (Cozumel I.)
rubpep4,Rufous-browed Peppershrike (Yellow-backed),Rufous-browed Peppershrike (Yellow-backed)
rubpep5,Rufous-browed Peppershrike (Chaco),Rufous-browed Peppershrike (Chaco)
rubpep6,Rufous-browed Peppershrike (Ochre-crowned),Rufous-browed Peppershrike (Ochre-crowned)
blbpep1,Black-billed Peppershrike,Black-billed Peppershrike
y00891,Rufous-browed/Black-billed Peppershrike,Rufous-browed/Black-billed Peppershrike
gyegre1,Grey-eyed Greenlet,Gray-eyed Greenlet
gyegre2,Grey-eyed Greenlet (Beni),Gray-eyed Greenlet (Beni)
rucgre1,Rufous-crowned Greenlet,Rufous-crowned Greenlet
oligre1,Olivaceous Greenlet,Olivaceous Greenlet
ashgre1,Ashy-headed Greenlet,Ashy-headed Greenlet
scrgre1,Scrub Greenlet,Scrub Greenlet
scrgre2,Scrub Greenlet (Yellow-green),Scrub Greenlet (Yellow-green)
scrgre3,Scrub Greenlet (Scrub),Scrub Greenlet (Scrub)
scrgre4,Scrub Greenlet (Tobago),Scrub Greenlet (Tobago)
gycgre1,Grey-chested Greenlet,Gray-chested Greenlet
brhgre1,Brown-headed Greenlet,Brown-headed Greenlet
lecgre2,Lemon-chested Greenlet,Lemon-chested Greenlet
lecgre1,Lemon-chested Greenlet (Lemon-chested),Lemon-chested Greenlet (Lemon-chested)
lecgre3,Lemon-chested Greenlet (Rio de Janeiro),Lemon-chested Greenlet (Rio de Janeiro)
cssvir1,Chestnut-sided Shrike-Vireo,Chestnut-sided Shrike-Vireo
grsvir1,Green Shrike-Vireo,Green Shrike-Vireo
ybsvir1,Yellow-browed Shrike-Vireo,Yellow-browed Shrike-Vireo
scsvir1,Slaty-capped Shrike-Vireo,Slaty-capped Shrike-Vireo
slcshv1,Slaty-capped Shrike-Vireo (Pale-legged),Slaty-capped Shrike-Vireo (Pale-legged)
slcshv2,Slaty-capped Shrike-Vireo (Slaty-capped),Slaty-capped Shrike-Vireo (Slaty-capped)
tacgre2,Tawny-crowned Greenlet (Ochre-crowned),Ochre-crowned Greenlet
tacgre4,Tawny-crowned Greenlet (Rufous-fronted),Rufous-fronted Greenlet
tacgre5,Tawny-crowned Greenlet (Guianan),Guianan Greenlet
y01347,Tawny-crowned Greenlet (Rufous-fronted/Guianan),Rufous-fronted/Guianan Greenlet
tacgre3,Tawny-crowned Greenlet (Para),Para Greenlet
y01352,Tawny-crowned Greenlet (Rufous-fronted/Para),Rufous-fronted/Para Greenlet
lesgre1,Lesser Greenlet,Lesser Greenlet
lesgre2,Lesser Greenlet (Northern),Lesser Greenlet (Northern)
lesgre3,Lesser Greenlet (Grey-headed),Lesser Greenlet (Gray-headed)
ducgre1,Dusky-capped Greenlet,Dusky-capped Greenlet
bucgre1,Buff-cheeked Greenlet,Buff-cheeked Greenlet
gofgre1,Golden-fronted Greenlet,Golden-fronted Greenlet
rungre1,Rufous-naped Greenlet,Rufous-naped Greenlet
greenl1,greenlet sp.,greenlet sp.
golvir1,Golden Vireo,Golden Vireo
blmvir1,Blue Mountain Vireo,Blue Mountain Vireo
slavir1,Slaty Vireo,Slaty Vireo
bkcvir1,Black-capped Vireo,Black-capped Vireo
dwavir1,Dwarf Vireo,Dwarf Vireo
whevir,White-eyed Vireo,White-eyed Vireo
whevir1,White-eyed Vireo (White-eyed),White-eyed Vireo (White-eyed)
whevir2,White-eyed Vireo (Veracruz),White-eyed Vireo (Veracruz)
x01067,Black-capped x White-eyed Vireo (hybrid),Black-capped x White-eyed Vireo (hybrid)
thbvir,Thick-billed Vireo,Thick-billed Vireo
manvir1,Mangrove/Providencia Vireo,Mangrove Vireo
manvir4,Mangrove Vireo (West Mexico),Mangrove Vireo (West Mexico)
manvir3,Mangrove Vireo (Northern Central America),Mangrove Vireo (Northern Central America)
thbvir2,Providencia Vireo,Mangrove Vireo (Providencia)
manvir2,Mangrove Vireo (Southern Central America),Mangrove Vireo (Southern Central America)
cozvir1,Cozumel Vireo,Cozumel Vireo
stavir1,San Andres Vireo,San Andres Vireo
jamvir1,Jamaican Vireo,Jamaican Vireo
cubvir1,Cuban Vireo,Cuban Vireo
purvir1,Puerto Rican Vireo,Puerto Rican Vireo
flbvir1,Flat-billed Vireo,Flat-billed Vireo
belvir,Bell's Vireo,Bell's Vireo
belvir1,Bell's Vireo (Eastern),Bell's Vireo (Eastern)
belvir2,Bell's Vireo (Arizona),Bell's Vireo (Arizona)
belvir3,Bell's Vireo (Least),Bell's Vireo (Least)
gryvir,Grey Vireo,Gray Vireo
hutvir,Hutton's Vireo,Hutton's Vireo
hutvir1,Hutton's Vireo (Pacific),Hutton's Vireo (Pacific)
hutvir2,Hutton's Vireo (Interior),Hutton's Vireo (Interior)
yetvir,Yellow-throated Vireo,Yellow-throated Vireo
yewvir1,Yellow-winged Vireo,Yellow-winged Vireo
chovir1,Choco Vireo,Choco Vireo
casvir,Cassin's Vireo,Cassin's Vireo
casvir1,Cassin's Vireo (Cassin's),Cassin's Vireo (Cassin's)
casvir2,Cassin's Vireo (San Lucas),Cassin's Vireo (San Lucas)
buhvir,Blue-headed Vireo,Blue-headed Vireo
x00411,Yellow-throated x Blue-headed Vireo (hybrid),Yellow-throated x Blue-headed Vireo (hybrid)
y00485,Cassin's/Blue-headed Vireo,Cassin's/Blue-headed Vireo
plsvir,Plumbeous Vireo,Plumbeous Vireo
pluvir1,Plumbeous Vireo (Plumbeous),Plumbeous Vireo (Plumbeous)
pluvir2,Plumbeous Vireo (Central American),Plumbeous Vireo (Central American)
x01238,Yellow-throated x Plumbeous Vireo (hybrid),Yellow-throated x Plumbeous Vireo (hybrid)
x00412,Plumbeous x Blue-headed Vireo (hybrid),Blue-headed x Plumbeous Vireo (hybrid)
y00484,Cassin's/Plumbeous Vireo,Cassin's/Plumbeous Vireo
y01323,Blue-headed/Plumbeous Vireo,Blue-headed/Plumbeous Vireo
solvir1,solitary vireo sp.,solitary vireo sp.
tepgre1,Tepui Vireo,Tepui Vireo
phivir,Philadelphia Vireo,Philadelphia Vireo
eawvir1,Warbling Vireo (Eastern),Eastern Warbling Vireo
y00704,Philadelphia/Warbling Vireo,Philadelphia/Eastern Warbling Vireo
wewvir2,Warbling Vireo (Western),Western Warbling Vireo
warvir,Warbling Vireo,Eastern/Western Warbling Vireo
brcvir1,Brown-capped Vireo,Brown-capped Vireo
bncvir12,Brown-capped Vireo (Northern),Brown-capped Vireo (Northern)
bncvir13,Brown-capped Vireo (Southern),Brown-capped Vireo (Southern)
reevir1,Red-eyed Vireo,Red-eyed Vireo
x00889,Philadelphia x Red-eyed Vireo (hybrid),Philadelphia x Red-eyed Vireo (hybrid)
x01239,Warbling (Eastern) x Red-eyed Vireo (hybrid),Eastern Warbling x Red-eyed Vireo (hybrid)
x01240,Warbling (Western) x Red-eyed Vireo (hybrid),Western Warbling x Red-eyed Vireo (hybrid)
x00890,Warbling x Red-eyed Vireo (hybrid),Eastern/Western Warbling x Red-eyed Vireo (hybrid)
y00741,Philadelphia/Red-eyed Vireo,Philadelphia/Red-eyed Vireo
chivir1,Chivi Vireo,Chivi Vireo
reevir3,Chivi Vireo (resident),Chivi Vireo (resident)
reevir2,Chivi Vireo (migratory),Chivi Vireo (migratory)
reevir,Red-eyed/Chivi Vireo,Red-eyed/Chivi Vireo
norvir1,Noronha Vireo,Noronha Vireo
yegvir,Yellow-green Vireo,Yellow-green Vireo
yegvir5,Yellow-green Vireo (Yellow-green),Yellow-green Vireo (Yellow-green)
yegvir2,Yellow-green Vireo (Tres Marias Is.),Yellow-green Vireo (Tres Marias Is.)
y01145,Red-eyed/Yellow-green Vireo,Red-eyed/Yellow-green Vireo
bkwvir,Black-whiskered Vireo,Black-whiskered Vireo
y01146,Red-eyed/Black-whiskered Vireo,Red-eyed/Black-whiskered Vireo
yucvir,Yucatan Vireo,Yucatan Vireo
yucvir1,Yucatan Vireo (Yucatan),Yucatan Vireo (Yucatan)
yucvir2,Yucatan Vireo (Cayman),Yucatan Vireo (Cayman)
vireo2,vireo sp. (Red-eyed Vireo complex),vireo sp. (Red-eyed Vireo complex)
vireo1,vireo sp.,vireo sp.
ruspit1,Rusty Pitohui,Rusty Pitohui
whbpit1,White-bellied Pitohui,White-bellied Pitohui
sansht2,Sandstone Shrikethrush,Sandstone Shrikethrush
bowsht1,Bower's Shrikethrush,Bower's Shrikethrush
grysht1,Grey Shrikethrush,Gray Shrikethrush
gryshr7,Grey Shrikethrush (Grey),Gray Shrikethrush (Gray)
gryshr8,Grey Shrikethrush (Brown-backed),Gray Shrikethrush (Brown-backed)
soosht1,Sooty Shrikethrush,Sooty Shrikethrush
litshr31,little shrikethrush sp.,Little Shrikethrush
litshr5,Variable Shrikethrush,Little Shrikethrush (Variable)
litshr6,Waigeo Shrikethrush,Little Shrikethrush (Waigeo)
litshr1,Mamberamo Shrikethrush,Little Shrikethrush (Mamberamo)
litshr3,Sepik-Ramu Shrikethrush,Little Shrikethrush (Sepik-Ramu)
rufsht2,Arafura Shrikethrush,Little Shrikethrush (Arafura)
litshr4,Tagula Shrikethrush,Little Shrikethrush (Tagula)
litshr2,Rufous Shrikethrush,Little Shrikethrush (Rufous)
y00409,Arafura/Rufous Shrikethrush,Little Shrikethrush (Arafura/Rufous)
collur1,Colluricincla sp.,Colluricincla sp.
blapit1,Black Pitohui,Black Pitohui
sansht1,Sangihe Whistler,Sangihe Whistler
mabwhi1,Maroon-backed Whistler,Maroon-backed Whistler
oliwhi1,Olive Whistler,Olive Whistler
relwhi1,Red-lored Whistler,Red-lored Whistler
gilwhi1,Gilbert's Whistler,Gilbert's Whistler
batwhi1,Bare-throated Whistler,Bare-throated Whistler
fabwhi1,Fawn-breasted Whistler,Fawn-breasted Whistler
fabwhi2,Fawn-breasted Whistler (Timor),Fawn-breasted Whistler (Timor)
yetwhi4,Fawn-breasted Whistler (Banda Sea),Fawn-breasted Whistler (Banda Sea)
regwhi1,Regent Whistler,Regent Whistler
necwhi2,Melanesian Whistler,Vanuatu Whistler
vanwhi5,Melanesian Whistler (Vanuatu),Vanuatu Whistler (Vanuatu)
vanwhi4,Melanesian Whistler (Loyalty),Vanuatu Whistler (Loyalty)
vogwhi1,Vogelkop Whistler,Vogelkop Whistler
sclwhi1,Sclater's Whistler,Sclater's Whistler
sclwhi8,Sclater's Whistler (Sclater's),Sclater's Whistler (Sclater's)
sclwhi5,Sclater's Whistler (Bomberai),Sclater's Whistler (Bomberai)
sclwhi7,Sclater's Whistler (undescribed Fakfak form),Sclater's Whistler (undescribed Fakfak form)
whtwhi1,White-throated Fiji Whistler,White-throated Fiji Whistler
fijwhi1,Yellow-throated Fiji Whistler,Yellow-throated Fiji Whistler
ytfwhi1,Yellow-throated Fiji Whistler (Yellow-lored),Yellow-throated Fiji Whistler (Yellow-lored)
ytfwhi2,Yellow-throated Fiji Whistler (Black-banded),Yellow-throated Fiji Whistler (Black-banded)
fijwhi7,Yellow-throated Fiji Whistler (Taveuni),Yellow-throated Fiji Whistler (Taveuni)
samwhi1,Samoan Whistler,Samoan Whistler
tonwhi1,Tongan Whistler,Tongan Whistler
necwhi3,New Caledonian Whistler,New Caledonian Whistler
guhwhi1,Hooded Whistler,Guadalcanal Hooded Whistler
bohwhi1,Bougainville Whistler,Bougainville Hooded Whistler
biswhi1,Bismarck Whistler,Bismarck Whistler
biswhi4,Bismarck Whistler (Manus),Bismarck Whistler (Manus)
biswhi7,Bismarck Whistler (Bismarck),Bismarck Whistler (Bismarck)
louwhi1,Louisiade Whistler,Louisiade Whistler
temwhi2,Nendo Whistler,Nendo Whistler
temwhi3,Utupua Whistler,Utupua Whistler
temwhi4,Vanikoro Whistler,Vanikoro Whistler
oriwhi1,Oriole Whistler,Oriole Whistler
oriwhi12,Oriole Whistler (North Solomons),Oriole Whistler (North Solomons)
oriwhi10,Oriole Whistler (Vella Lavella),Oriole Whistler (Vella Lavella)
oriwhi6,Oriole Whistler (Malaita),Oriole Whistler (Malaita)
oriwhi5,Oriole Whistler (Guadalcanal),Oriole Whistler (Guadalcanal)
oriwhi11,Oriole Whistler (Makira),Oriole Whistler (Makira)
renwhi1,Rennell Whistler,Rennell Whistler
rubwhi1,Rusty-breasted Whistler,Tenggara Whistler
rubwhi3,Rusty-breasted Whistler (Rusty-breasted),Tenggara Whistler (Rusty-breasted)
rubwhi5,Rusty-breasted Whistler (Flores Sea),Tenggara Whistler (Flores Sea)
rubwhi7,Rusty-breasted Whistler (Sumba),Tenggara Whistler (Sumba)
yetwhi3,Rusty-breasted Whistler (Timor),Tenggara Whistler (Timor)
rubwhi2,Selayar Whistler,Selayar Whistler
yetwhi1,Yellow-throated Whistler,Moluccan Whistler
molwhi1,Yellow-throated Whistler (Moluccan),Moluccan Whistler (Moluccan)
yetwhi11,Yellow-throated Whistler (Tanimbar),Moluccan Whistler (Tanimbar)
yetwhi6,Babar Whistler,Babar Whistler
bkcwhi1,Black-chinned Whistler,Black-chinned Whistler
bkcwhi5,Black-chinned Whistler (North Moluccan),Black-chinned Whistler (North Moluccan)
bkcwhi4,Black-chinned Whistler (Obi),Black-chinned Whistler (Obi)
golwhi2,Baliem Whistler,Baliem Whistler
y01193,Australian Golden/Western Whistler,Golden Whistler
weswhi2,Western Whistler,Golden Whistler (Western)
golwhi1,Australian Golden Whistler (Australian),Golden Whistler (Eastern)
golwhi9,Australian Golden Whistler (Norfolk),Golden Whistler (Norfolk)
bltwhi1,Mangrove Golden Whistler,Black-tailed Whistler
yetwhi5,Mangrove Golden Whistler (Damar),Black-tailed Whistler (Damar)
bktwhi5,Mangrove Golden Whistler (Black-tailed),Black-tailed Whistler (Papuan)
bktwhi2,Mangrove Golden Whistler (Pilbara),Black-tailed Whistler (Pilbara)
bktwhi3,Mangrove Golden Whistler (North Australian),Black-tailed Whistler (North Australian)
x01158,Oriole x Mangrove Golden Whistler (hybrid),Oriole x Black-tailed Whistler (hybrid)
mornin1,Morningbird,Morningbird
brbwhi1,Brown-backed Whistler,Brown-backed Whistler
lorwhi1,Lorentz's Whistler,Lorentz's Whistler
gobwhi1,Golden-backed Whistler,Golden-backed Whistler
yebwhi1,Yellow-bellied Whistler,Yellow-bellied Whistler
yebwhi2,Yellow-bellied Whistler (fallax),Yellow-bellied Whistler (fallax)
yebwhi3,Yellow-bellied Whistler (illex),Yellow-bellied Whistler (illex)
yebwhi9,Yellow-bellied Whistler (philippinensis Group),Yellow-bellied Whistler (philippinensis Group)
borwhi1,Bornean Whistler,Bornean Whistler
subwhi1,Sulphur-vented Whistler,Sulphur-bellied Whistler
manwhi1,Mangrove Whistler,Mangrove Whistler
grbwhi1,Green-backed Whistler,Green-backed Whistler
whvwhi1,White-vented Whistler,White-vented Whistler
whvwhi2,White-vented Whistler (Sulu),White-vented Whistler (Sulu)
whvwhi3,White-vented Whistler (Cebu),White-vented Whistler (Cebu)
whvwhi4,White-vented Whistler (White-vented),White-vented Whistler (White-vented)
islwhi2,Island Whistler,Island Whistler
biawhi1,Biak Whistler,Biak Whistler
ruswhi1,Rusty Whistler,Rusty Whistler
grywhi2,Grey Whistler,Gray Whistler
grywhi1,Grey Whistler (Brown),Gray Whistler (Brown)
grywhi5,Grey Whistler (Kai),Gray Whistler (Kai)
gyhwhi1,Grey Whistler (Grey-headed),Gray Whistler (Gray-headed)
grywhi9,Grey Whistler (Tagula),Gray Whistler (Tagula)
walwhi1,Wallacean Whistler,Wallacean Whistler
walwhi2,Wallacean Whistler (Tayandu),Wallacean Whistler (Tayandu)
walwhi5,Wallacean Whistler (Wallacean),Wallacean Whistler (Wallacean)
drawhi1,Drab/Cinnamon-breasted Whistler,Drab Whistler
drawhi4,Drab Whistler (Peleng),Drab Whistler (Peleng)
drawhi5,Drab Whistler (Halmahera),Drab Whistler (Halmahera)
drawhi6,Drab Whistler (Buru),Drab Whistler (Buru)
drawhi7,Drab Whistler (Seram),Drab Whistler (Seram)
drawhi8,Drab Whistler (Kai),Drab Whistler (Kai)
drawhi3,Cinnamon-breasted Whistler,Drab Whistler (Cinnamon-breasted)
whbwhi1,White-bellied Whistler,White-bellied Whistler
whbwhi3,White-bellied Whistler (Papuan),White-bellied Whistler (Papuan)
whbwhi4,White-bellied Whistler (Rossel),White-bellied Whistler (Rossel)
blhwhi1,Black-headed Whistler,Black-headed Whistler
rufwhi1,Rufous Whistler,Rufous Whistler
rufwhi7,Rufous Whistler (Australian),Rufous Whistler (Australian)
rufwhi6,Rufous Whistler (Grand Terre),Rufous Whistler (Grand Terre)
whbwhi2,White-breasted Whistler,White-breasted Whistler
pachyc1,Pachycephala sp.,Pachycephala sp.
hoopit1,Hooded Pitohui,Hooded Pitohui
varpit4,Raja Ampat Pitohui,Raja Ampat Pitohui
varpit2,Northern Variable Pitohui,Northern Variable Pitohui
novpit10,Northern Variable Pitohui (Northwestern),Northern Variable Pitohui (Northwestern)
novpit9,Northern Variable Pitohui (Sepik-Ramu),Northern Variable Pitohui (Sepik-Ramu)
novpit1,Northern Variable Pitohui (Onin),Northern Variable Pitohui (Onin)
novpit11,Northern Variable Pitohui (Wandammen),Northern Variable Pitohui (Wandammen)
novpit6,Northern Variable Pitohui (Yapen),Northern Variable Pitohui (Yapen)
novpit5,Northern Variable Pitohui (Geelvink),Northern Variable Pitohui (Geelvink)
varpit3,Southern Variable Pitohui,Southern Variable Pitohui
sovpit1,Southern Variable Pitohui (Misool),Southern Variable Pitohui (Misool)
sovpit6,Southern Variable Pitohui (Mimika),Southern Variable Pitohui (Mimika)
sovpit4,Southern Variable Pitohui (Brown-headed),Southern Variable Pitohui (Brown-headed)
sovpit5,Southern Variable Pitohui (Southeastern),Southern Variable Pitohui (Southeastern)
y01147,Northern/Southern Variable Pitohui,Northern/Southern Variable Pitohui
timori1,Timor Oriole,Timor Oriole
timori3,Wetar Oriole,Wetar Oriole
burori2,Black-eared Oriole,Buru Oriole
burori3,Tanimbar Oriole,Tanimbar Oriole
serori1,Grey-collared Oriole,Seram Oriole
halori1,Dusky-brown Oriole,Halmahera Oriole
broori1,Brown Oriole,Brown Oriole
olbori1,Olive-backed Oriole,Olive-backed Oriole
greori1,Green Oriole,Green Oriole
datori1,Dark-throated Oriole,Dark-throated Oriole
datori7,Ventriloquial Oriole,Ventriloquial Oriole
whlori1,White-lored Oriole,White-lored Oriole
phiori1,Philippine Oriole,Philippine Oriole
phiori7,Philippine Oriole (Mindanao),Philippine Oriole (Mindanao)
phiori5,Philippine Oriole (Cebu),Philippine Oriole (Cebu)
phiori6,Philippine Oriole (Sulu),Philippine Oriole (Sulu)
isaori1,Isabela Oriole,Isabela Oriole
eugori2,金黄鹂,Eurasian Golden Oriole
ingori1,印度金黄鹂,Indian Golden Oriole
y00691,金黄鹂/印度金黄鹂,Eurasian/Indian Golden Oriole
afgori2,African Golden Oriole,African Golden Oriole
y01041,Eurasian/African Golden Oriole,Eurasian/African Golden Oriole
blnori1,黑枕黄鹂,Black-naped Oriole
bknori1,黑枕黄鹂 (东亚),Black-naped Oriole (East Asian)
bknori2,黑枕黄鹂 [maculatus Group],Black-naped Oriole (Sunda)
bknori4,黑枕黄鹂 [chinensis Group],Black-naped Oriole (Philippine)
bknori6,黑枕黄鹂 (melanisticus),Black-naped Oriole (Talaud)
bknori5,黑枕黄鹂 [frontalis Group],Black-naped Oriole (Sulawesi)
bknori7,黑枕黄鹂 (broderipi/boneratensis),Black-naped Oriole (Tenggara)
y00800,印度金黄鹂/黑枕黄鹂,Indian Golden/Black-naped Oriole
slbori1,细嘴黄鹂,Slender-billed Oriole
grhori1,Green-headed Oriole,Green-headed Oriole
gnhori1,Green-headed Oriole (Green-headed),Green-headed Oriole (Green-headed)
gnhori2,Green-headed Oriole (Gorongosa),Green-headed Oriole (Gorongosa)
satori1,Sao Tome Oriole,Sao Tome Oriole
wbhori1,Western Oriole,Western Black-headed Oriole
dahori1,Ethiopian Oriole,Ethiopian Black-headed Oriole
abhori1,Black-headed Oriole,African Black-headed Oriole
bltori1,Mountain Oriole,Black-tailed Oriole
blwori1,Black-winged Oriole,Black-winged Oriole
blhori1,黑头黄鹂,Black-hooded Oriole
blaori1,Black Oriole,Black Oriole
bacori1,Black-and-crimson Oriole,Black-and-crimson Oriole
bacori3,Javan Oriole,Javan Oriole
marori2,朱鹂,Maroon Oriole
marori7,朱鹂 (褐红),Maroon Oriole (Maroon)
marori8,朱鹂 (朱红),Maroon Oriole (Crimson)
silori1,鹊色鹂,Silver Oriole
oriolu1,未识别的Oriolus属鹂,old world oriole sp.
wetfig1,Wetar Figbird,Wetar Figbird
grnfig1,Green Figbird,Green Figbird
ausfig1,Australasian Figbird,Australasian Figbird
ausfig2,Australasian Figbird (Kai),Australasian Figbird (Kai)
ausfig7,Australasian Figbird (Yellow),Australasian Figbird (Yellow)
ausfig3,Australasian Figbird (Papuan),Australasian Figbird (Papuan)
ausfig6,Australasian Figbird (Green),Australasian Figbird (Green)
noipio1,North Island Piopio,North Island Piopio
soipio1,South Island Piopio,South Island Piopio
blbboa1,Black-breasted Boatbill,Black-breasted Boatbill
yebboa1,Yellow-breasted Boatbill,Yellow-breasted Boatbill
yebboa2,Yellow-breasted Boatbill (Waigeo),Yellow-breasted Boatbill (Waigeo)
yebboa8,Yellow-breasted Boatbill (White-browed),Yellow-breasted Boatbill (White-browed)
yebboa5,Yellow-breasted Boatbill (Yellow-faced),Yellow-breasted Boatbill (Yellow-faced)
yebboa9,Yellow-breasted Boatbill (Black-cheeked),Yellow-breasted Boatbill (Black-cheeked)
ashwoo2,灰燕鵙,Ashy Woodswallow
fijwoo1,Fiji Woodswallow,Fiji Woodswallow
whbwoo8,Ivory-backed Woodswallow,Ivory-backed Woodswallow
grewoo1,Great Woodswallow,Great Woodswallow
whbwoo4,白胸燕鵙,White-breasted Woodswallow
biswoo1,White-backed Woodswallow,Bismarck Woodswallow
maswoo1,Masked Woodswallow,Masked Woodswallow
whbwoo5,White-browed Woodswallow,White-browed Woodswallow
x00962,Masked x White-browed Woodswallow (hybrid),Masked x White-browed Woodswallow (hybrid)
y01039,Masked/White-browed Woodswallow,Masked/White-browed Woodswallow
blfwoo1,Black-faced Woodswallow,Black-faced Woodswallow
bkfwoo1,Black-faced Woodswallow (White-vented),Black-faced Woodswallow (White-vented)
bkfwoo2,Black-faced Woodswallow (Black-vented),Black-faced Woodswallow (Black-vented)
duswoo1,Dusky Woodswallow,Dusky Woodswallow
litwoo4,Little Woodswallow,Little Woodswallow
woodsw1,woodswallow sp.,woodswallow sp.
moupel1,Mountain Peltops,Mountain Peltops
lowpel1,Lowland Peltops,Lowland Peltops
blbbut1,Black-backed Butcherbird,Black-backed Butcherbird
grybut1,Grey Butcherbird,Gray Butcherbird
sibbut1,Silver-backed Butcherbird,Silver-backed Butcherbird
hoobut1,Hooded Butcherbird,Hooded Butcherbird
tagbut1,Tagula Butcherbird,Tagula Butcherbird
piebut1,Pied Butcherbird,Pied Butcherbird
blabut1,Black Butcherbird,Black Butcherbird
ausmag2,Australian Magpie,Australian Magpie
ausmag1,Australian Magpie (Papuan),Australian Magpie (Papuan)
ausmag3,Australian Magpie (Black-backed),Australian Magpie (Black-backed)
ausmag6,Australian Magpie (Western),Australian Magpie (Western)
ausmag4,Australian Magpie (Black-backed x Western),Australian Magpie (Black-backed x Western)
ausmag7,Australian Magpie (White-backed),Australian Magpie (White-backed)
ausmag5,Australian Magpie (Black-backed x White-backed),Australian Magpie (Black-backed x White-backed)
ausmag8,Australian Magpie (Tasmanian),Australian Magpie (Tasmanian)
piecur1,Pied Currawong,Pied Currawong
blacur2,Black Currawong,Black Currawong
grycur1,Grey Currawong,Gray Currawong
grycur2,Grey Currawong (Grey),Gray Currawong (Gray)
grycur3,Grey Currawong (Clinking),Gray Currawong (Clinking)
grycur4,Grey Currawong (Black-winged),Gray Currawong (Black-winged)
grycur5,Grey Currawong (Brown),Gray Currawong (Brown)
grycur6,Grey Currawong (Kangaroo I.),Gray Currawong (Kangaroo I.)
curraw1,currawong sp.,currawong sp.
motwhi1,Mottled Berryhunter,Mottled Berryhunter
whtshr1,White-tailed Shrike,White-tailed Shrike
chweye1,Chestnut Wattle-eye,Chestnut Wattle-eye
weawae1,West African Wattle-eye,West African Wattle-eye
wsweye1,White-spotted Wattle-eye,White-spotted Wattle-eye
btweye2,Brown-throated Wattle-eye,Brown-throated Wattle-eye
wfweye1,White-fronted Wattle-eye,White-fronted Wattle-eye
btweye1,Black-throated Wattle-eye,Black-throated Wattle-eye
baweye1,Banded Wattle-eye,Banded Wattle-eye
rcweye1,Red-cheeked Wattle-eye,Red-cheeked Wattle-eye
bnweye1,Black-necked Wattle-eye,Black-necked Wattle-eye
jaweye1,Jameson's Wattle-eye,Jameson's Wattle-eye
ybweye1,Yellow-bellied Wattle-eye,Yellow-bellied Wattle-eye
yebwae1,Yellow-bellied Wattle-eye (West African),Yellow-bellied Wattle-eye (West African)
yebwae2,Yellow-bellied Wattle-eye (Angola),Yellow-bellied Wattle-eye (Angola)
yebwae3,Yellow-bellied Wattle-eye (Central African),Yellow-bellied Wattle-eye (Central African)
yebwae4,Yellow-bellied Wattle-eye (Kungwe),Yellow-bellied Wattle-eye (Kungwe)
wattle2,wattle-eye sp.,wattle-eye sp.
boubat1,Margaret's Batis,Boulton's Batis
boubat2,Margaret's Batis (Angola),Boulton's Batis (Angola)
boubat3,Margaret's Batis (Eastern),Boulton's Batis (Eastern)
shtbat1,Forest/Reichenow's Batis,Short-tailed Batis
shtbat2,Forest Batis,Short-tailed Batis (Short-tailed)
shtbat3,Reichenow's Batis,Short-tailed Batis (Reichenow's)
darbat1,Dark Batis,Dark Batis
ruwbat1,Rwenzori Batis,Rwenzori Batis
capbat10,Cape Batis,Cape Batis
capbat3,Cape Batis (Grey-mantled),Cape Batis (Gray-mantled)
capbat4,Cape Batis (Cape),Cape Batis (Cape)
capbat2,Malawi Batis,Malawi Batis
capbat1,Cape/Malawi Batis,Cape/Malawi Batis
woobat1,Woodwards' Batis,Woodwards' Batis
chibat1,Chinspot Batis,Chinspot Batis
palbat1,Pale Batis,Pale Batis
pribat1,Pririt Batis,Pririt Batis
senbat1,Senegal Batis,Senegal Batis
gyhbat1,Grey-headed Batis,Gray-headed Batis
bkhbat1,Western Black-headed Batis,Western Black-headed Batis
bkhbat2,Eastern Black-headed Batis,Eastern Black-headed Batis
blhbat1,Western/Eastern Black-headed Batis,Western/Eastern Black-headed Batis
pygbat1,Pygmy Batis,Pygmy Batis
verbat1,Gabon Batis,Verreaux's Batis
itubat1,Ituri Batis,Ituri Batis
fepbat1,Fernando Po Batis,Bioko Batis
weabat1,West African Batis,West African Batis
angbat1,Angola Batis,Angola Batis
batis1,Batis sp.,batis sp.
whihel1,White-crested Helmetshrike,White-crested Helmetshrike
whihel2,White-crested Helmetshrike (Long-crested),White-crested Helmetshrike (Long-crested)
whihel3,White-crested Helmetshrike (Yellow-eyed),White-crested Helmetshrike (Yellow-eyed)
gychel1,Grey-crested Helmetshrike,Gray-crested Helmetshrike
yechel1,Yellow-crested Helmetshrike,Yellow-crested Helmetshrike
chbhel1,Red-billed Helmetshrike,Red-billed Helmetshrike
rebhel1,Red-billed Helmetshrike (Red-billed),Red-billed Helmetshrike (Red-billed)
rebhel2,Red-billed Helmetshrike (Grey-cheeked),Red-billed Helmetshrike (Gray-cheeked)
rubhel1,Rufous-bellied Helmetshrike,Rufous-bellied Helmetshrike
rethel1,Retz's Helmetshrike,Retz's Helmetshrike
anghel1,Gabela Helmetshrike,Angola Helmetshrike
chfhel1,Chestnut-fronted Helmetshrike,Chestnut-fronted Helmetshrike
afrshf1,African Shrike-flycatcher,African Shrike-flycatcher
bawfly1,Black-and-white Shrike-flycatcher,Black-and-white Shrike-flycatcher
malwoo1,Malabar Woodshrike,Malabar Woodshrike
larwoo1,钩嘴林鵙,Large Woodshrike
comwoo1,Common Woodshrike,Common Woodshrike
y01096,Malabar/Common Woodshrike,Malabar/Common Woodshrike
y00663,Large/Common Woodshrike,Large/Common Woodshrike
srlwoo1,Sri Lanka Woodshrike,Sri Lanka Woodshrike
bwfshr1,褐背鹟鵙,Bar-winged Flycatcher-shrike
bwfshr2,Black-winged Flycatcher-shrike,Black-winged Flycatcher-shrike
ruwphi2,Rufous-winged Philentoma,Rufous-winged Philentoma
mabphi2,Maroon-breasted Philentoma,Maroon-breasted Philentoma
y00889,Rufous-winged/Maroon-breasted Philentoma,Rufous-winged/Maroon-breasted Philentoma
arcnew1,Archbold's Newtonia,Archbold's Newtonia
comnew1,Common Newtonia,Common Newtonia
darnew1,Dark Newtonia,Dark Newtonia
darnew2,Dark Newtonia (amphichroa),Dark Newtonia (amphichroa)
darnew3,Dark Newtonia (lavarambo),Dark Newtonia (lavarambo)
retnew1,Red-tailed Newtonia,Red-tailed Newtonia
tylvan1,Tylas Vanga,Tylas Vanga
tylvan2,Tylas Vanga (Eduard's),Tylas Vanga (Eduard's)
tylvan3,Tylas Vanga (White-throated),Tylas Vanga (White-throated)
retvan1,Red-tailed Vanga,Red-tailed Vanga
resvan1,Red-shouldered Vanga,Red-shouldered Vanga
nuthat2,Nuthatch Vanga,Nuthatch-Vanga
chavan2,Chabert Vanga,Chabert Vanga
chavan1,Chabert Vanga (Chabert),Chabert Vanga (Chabert)
chavan3,Chabert Vanga (White-tailed),Chabert Vanga (White-tailed)
crobab1,Crossley's Vanga,Crossley's Vanga
bluvan2,Comoro Blue Vanga,Comoro Blue Vanga
bluvan3,Madagascar Blue Vanga,Madagascar Blue Vanga
hobvan1,Hook-billed Vanga,Hook-billed Vanga
hobvan2,Hook-billed Vanga (Hook-billed),Hook-billed Vanga (Hook-billed)
hobvan3,Hook-billed Vanga (Black-crowned),Hook-billed Vanga (Black-crowned)
warfly1,Ward's Flycatcher,Ward's Vanga
rufvan1,Rufous Vanga,Rufous Vanga
rufvan2,Rufous Vanga (rufa),Rufous Vanga (rufa)
rufvan3,Rufous Vanga (occidentalis),Rufous Vanga (occidentalis)
helvan1,Helmet Vanga,Helmet Vanga
bervan1,Bernier's Vanga,Bernier's Vanga
sibvan1,Sickle-billed Vanga,Sickle-billed Vanga
whhvan1,White-headed Vanga,White-headed Vanga
whhvan2,White-headed Vanga (viridis),White-headed Vanga (viridis)
whhvan3,White-headed Vanga (annae),White-headed Vanga (annae)
polvan1,Pollen's Vanga,Pollen's Vanga
lafvan1,Lafresnaye's Vanga,Lafresnaye's Vanga
vadvan1,Van Dam's Vanga,Van Dam's Vanga
vangid1,Vangidae sp.,Vangidae sp.
borbri1,Bornean Bristlehead,Bornean Bristlehead
comior1,黑翅雀鹎,Common Iora
whtior1,Marshall's Iora,White-tailed Iora
y00890,Common/Marshall's Iora,Common/White-tailed Iora
greior2,Green Iora,Green Iora
greior1,大绿雀鹎,Great Iora
iora1,未识别的雀鹎,iora sp.
brubru1,Brubru,Brubru
norpuf1,Northern Puffback,Northern Puffback
pripuf1,Pringle's Puffback,Pringle's Puffback
blbpuf2,Black-backed Puffback,Black-backed Puffback
bkbpuf1,Black-backed Puffback (Black-winged),Black-backed Puffback (Black-winged)
bkbpuf6,Black-backed Puffback (White-winged),Black-backed Puffback (White-winged)
reepuf1,Red-eyed Puffback,Red-eyed Puffback
pifpuf1,Pink-footed Puffback,Pink-footed Puffback
labpuf1,Sabine's Puffback,Sabine's Puffback
puffba1,puffback sp.,puffback sp.
martch2,Marsh Tchagra,Marsh Tchagra
martch1,Marsh Tchagra (Marsh),Marsh Tchagra (Marsh)
martch3,Marsh Tchagra (Anchieta's),Marsh Tchagra (Anchieta's)
bkctch1,Black-crowned Tchagra,Black-crowned Tchagra
bkctch2,Black-crowned Tchagra (Hooded),Black-crowned Tchagra (Hooded)
bkctch3,Black-crowned Tchagra (Black-crowned),Black-crowned Tchagra (Black-crowned)
brctch1,Brown-crowned Tchagra,Brown-crowned Tchagra
thstch1,Three-streaked Tchagra,Three-streaked Tchagra
soutch1,Southern Tchagra,Southern Tchagra
tchagr1,Tchagra sp.,tchagra sp.
renbus1,Red-naped Bushshrike,Red-naped Bushshrike
sombou1,Black Boubou,Coastal Boubou
luebus1,Lühder's Bushshrike,Lühder's Bushshrike
brabus1,Braun's Bushshrike,Braun's Bushshrike
gabbus1,Gabela Bushshrike,Gabela Bushshrike
turbou1,Turati's Boubou,Turati's Boubou
trobou2,Ethiopian Boubou,Ethiopian Boubou
trobou1,Tropical Boubou,Tropical Boubou
zanbou1,East Coast Boubou,Zanzibar Boubou
gabbou1,Swamp Boubou,Gabon Boubou
gabbou2,Swamp Boubou (Gabon),Gabon Boubou (Gabon)
gabbou3,Swamp Boubou (Okavango),Gabon Boubou (Okavango)
soubou1,Southern Boubou,Southern Boubou
comgon1,Yellow-crowned Gonolek,Yellow-crowned Gonolek
blhgon1,Black-headed Gonolek,Black-headed Gonolek
crbgon1,Crimson-breasted Shrike,Crimson-breasted Gonolek
papgon1,Papyrus Gonolek,Papyrus Gonolek
yebbou1,Yellow-breasted Boubou,Yellow-breasted Boubou
slcbou1,Slate-colored Boubou,Slate-colored Boubou
soobou1,Lowland Sooty Boubou,Lowland Sooty Boubou
wisbou1,Willard's Sooty Boubou,Willard's Sooty Boubou
mosbou1,Mountain Sooty Boubou,Western Boubou
mosbou2,Mountain Sooty Boubou (Cameroon),Western Boubou (Cameroon)
mosbou3,Mountain Sooty Boubou (Bioko),Western Boubou (Bioko)
mosbou4,Albertine Sooty Boubou,Albertine Boubou
fuebou1,Fülleborn's Boubou,Fülleborn's Boubou
fuebou2,Fülleborn's Boubou (Usambara),Fülleborn's Boubou (Usambara)
fuebou3,Fülleborn's Boubou (Fülleborn's),Fülleborn's Boubou (Fülleborn's)
boubou1,boubou sp.,boubou sp.
ropbus1,Rosy-patched Bushshrike,Rosy-patched Bushshrike
bokmak1,Bokmakierie,Bokmakierie
bokmak2,Bokmakierie (Southern),Bokmakierie (Southern)
bokmak3,Bokmakierie (Chimanimani),Bokmakierie (Chimanimani)
focbus2,Gorgeous Bushshrike,Four-colored Bushshrike
focbus1,Gorgeous Bushshrike (Gorgeous),Four-colored Bushshrike (Gorgeous)
focbus3,Gorgeous Bushshrike (Four-colored),Four-colored Bushshrike (Four-colored)
dohbus1,Doherty's Bushshrike,Doherty's Bushshrike
gygbus1,Bocage's Bushshrike,Gray-green Bushshrike
subbus1,Orange-breasted Bushshrike,Sulphur-breasted Bushshrike
olibus1,Olive Bushshrike,Olive Bushshrike
macbus2,Many-colored Bushshrike,Many-colored Bushshrike
blfbus1,Black-fronted Bushshrike,Black-fronted Bushshrike
mtkbus1,Mount Kupe Bushshrike,Mount Kupe Bushshrike
fibbus1,Fiery-breasted Bushshrike,Fiery-breasted Bushshrike
lagbus1,Lagden's Bushshrike,Lagden's Bushshrike
lagbus2,Lagden's Bushshrike (Lagden's),Lagden's Bushshrike (Lagden's)
lagbus3,Lagden's Bushshrike (Eastern),Lagden's Bushshrike (Eastern)
grbbus1,Green-breasted Bushshrike,Green-breasted Bushshrike
gyhbus1,Grey-headed Bushshrike,Gray-headed Bushshrike
monbus1,Monteiro's Bushshrike,Monteiro's Bushshrike
monbus2,Monteiro's Bushshrike (Mt. Cameroon),Monteiro's Bushshrike (Mt. Cameroon)
monbus3,Monteiro's Bushshrike (Monteiro's),Monteiro's Bushshrike (Monteiro's)
ulubus1,Uluguru Bushshrike,Uluguru Bushshrike
bushsh1,bushshrike sp.,bushshrike sp.
papdro1,Drongo Fantail,Drongo Fantail
cepfly1,Cerulean Flycatcher,Cerulean Flycatcher
silkta2,Taveuni Silktail,Taveuni Silktail
silkta3,Natewa Silktail,Natewa Silktail
blafan1,Black Fantail,Black Fantail
bacfan1,Black-and-cinnamon Fantail,Black-and-cinnamon Fantail
blufan1,Mindanao Blue Fantail,Mindanao Blue-Fantail
visblf1,Visayan Blue Fantail,Visayan Blue-Fantail
tabfan1,Tablas Fantail,Tablas Fantail
visfan1,Visayan Fantail,Visayan Fantail
blhfan1,Blue-headed Fantail,Blue-headed Fantail
spofan1,Spotted Fantail,Spotted Fantail
citfan1,Cinnamon-tailed Fantail,Cinnamon-tailed Fantail
whwfan1,White-winged Fantail,White-winged Fantail
cocfan1,White-winged Fantail (White-winged),White-winged Fantail (White-winged)
cocfan2,White-winged Fantail (Dot-breasted),White-winged Fantail (Dot-breasted)
cocfan3,White-winged Fantail (Black-breasted),White-winged Fantail (Black-breasted)
cocfan4,White-gorgeted Fantail,White-gorgeted Fantail
norfan1,Northern/Biak Fantail,Northern Fantail
norfan2,Northern Fantail (Obi),Northern Fantail (Obi)
norfan3,Northern Fantail (Buru),Northern Fantail (Buru)
norfan4,Northern Fantail (Kai),Northern Fantail (Kai)
norfan10,Northern Fantail (Seram),Northern Fantail (Seram)
norfan5,Northern Fantail (Rote),Northern Fantail (Rote)
norfan6,Northern Fantail (Timor),Northern Fantail (Timor)
norfan11,Northern Fantail (Banda Sea),Northern Fantail (Banda Sea)
norfan12,Biak Fantail,Northern Fantail (Biak)
norfan8,Northern Fantail (Chin-spot),Northern Fantail (Chin-spot)
norfan9,Northern Fantail (Melanesian),Northern Fantail (Melanesian)
norfan13,Northern Fantail (Northern),Northern Fantail (Northern)
brcfan1,Brown-capped Fantail,Brown-capped Fantail
sotfan1,Sooty Thicket Fantail,Sooty Thicket-Fantail
bltfan1,Black Thicket Fantail,Black Thicket-Fantail
wbtfan1,White-bellied Thicket Fantail,White-bellied Thicket-Fantail
wilwag1,Willie Wagtail,Willie-wagtail
piefan1,Malaysian Pied Fantail,Malaysian Pied-Fantail
phipif1,菲律宾斑扇尾鹟,Philippine Pied-Fantail
whtfan1,白喉扇尾鹟,White-throated Fantail
spbfan1,White-spotted Fantail,Spot-breasted Fantail
x00812,White-throated x White-spotted Fantail (hybrid),White-throated x Spot-breasted Fantail (hybrid)
y00892,White-throated/White-spotted Fantail,White-throated/Spot-breasted Fantail
rutfan1,Rufous-tailed Fantail,Rufous-tailed Fantail
whbfan1,White-bellied Fantail,White-bellied Fantail
whbfan2,白眉扇尾鹟,White-browed Fantail
y00893,白喉扇尾鹟/白眉扇尾鹟,White-throated/White-browed Fantail
y00801,White-spotted/White-browed Fantail,Spot-breasted/White-browed Fantail
rubfan1,Rufous-backed Fantail,Rufous-backed Fantail
dimfan1,Dimorphic Fantail,Dimorphic Fantail
bisfan1,Bismarck Fantail,Bismarck Fantail
matfan1,Mussau Fantail,Mussau Fantail
malfan1,Malaita Fantail,Malaita Fantail
rubfan2,Sulawesi Fantail,Sulawesi Fantail
pelfan1,Peleng Fantail,Peleng Fantail
rubfan3,Taliabu Fantail,Taliabu Fantail
cibfan1,Tawny-backed Fantail,Tawny-backed Fantail
stbfan1,Streak-breasted Fantail,Streak-breasted Fantail
lotfan1,Long-tailed Fantail,Long-tailed Fantail
palfan1,Palau Fantail,Palau Fantail
manfan2,Manus Fantail,Manus Fantail
arafan2,Supertramp Fantail,Supertramp Fantail
supfan2,Supertramp Fantail (Lesser Sundas),Supertramp Fantail (Lesser Sundas)
arafan8,Supertramp Fantail (Pale-fronted),Supertramp Fantail (Pale-fronted)
arafan9,Supertramp Fantail (Babar),Supertramp Fantail (Babar)
arafan10,Supertramp Fantail (Tanimbar),Supertramp Fantail (Tanimbar)
supfan1,Supertramp Fantail (Black-chested),Supertramp Fantail (Black-chested)
arafan1,Arafura Fantail,Arafura Fantail
ruffan3,Gilolo Fantail,Gilolo Fantail
ruffan13,Australian Rufous Fantail,Australian Rufous Fantail
y01281,Arafura/Australian Rufous Fantail,Arafura/Australian Rufous Fantail
ruffan4,Louisiade Fantail,Louisiade Fantail
sacfan1,Santa Cruz Fantail,Santa Cruz Fantail
ruffan8,Santa Cruz Fantail (White-fronted),Santa Cruz Fantail (White-fronted)
ruffan9,Santa Cruz Fantail (Brown-fronted),Santa Cruz Fantail (Brown-fronted)
mirfan1,Micronesian Rufous Fantail,Micronesian Rufous Fantail
ruffan5,Micronesian Rufous Fantail (Guam),Micronesian Rufous Fantail (Guam)
ruffan6,Micronesian Rufous Fantail (Marianas),Micronesian Rufous Fantail (Marianas)
ruffan7,Micronesian Rufous Fantail (Yap),Micronesian Rufous Fantail (Yap)
sorfan1,Solomons Rufous Fantail,Solomons Rufous Fantail
ruffan10,Solomons Rufous Fantail (Brown-backed),Solomons Rufous Fantail (Brown-backed)
ruffan11,Solomons Rufous Fantail (Rufous-backed),Solomons Rufous Fantail (Rufous-backed)
ruffan12,Solomons Rufous Fantail (Dark-throated),Solomons Rufous Fantail (Dark-throated)
pohfan1,Pohnpei Fantail,Pohnpei Fantail
frifan1,Friendly Fantail,Friendly Fantail
chbfan1,Chestnut-bellied Fantail,Chestnut-bellied Fantail
brnfan1,Bougainville Fantail,Bougainville Fantail
brnfan2,Guadalcanal Fantail,Guadalcanal Fantail
strfan2,Vanuatu Streaked Fantail,Vanuatu Streaked Fantail
fisfan1,Fiji Streaked Fantail,Fiji Streaked Fantail
strfan3,Fiji Streaked Fantail (Viti Levu),Fiji Streaked Fantail (Viti Levu)
strfan7,Fiji Streaked Fantail (Vanua Levu),Fiji Streaked Fantail (Vanua Levu)
strfan4,Fiji Streaked Fantail (Taveuni),Fiji Streaked Fantail (Taveuni)
strfan5,New Caledonian Streaked Fantail,New Caledonian Streaked Fantail
dusfan1,Makira Fantail,Dusky Fantail
renfan1,Rennell Fantail,Rennell Fantail
kanfan1,Kadavu Fantail,Kadavu Fantail
samfan1,Samoan Fantail,Samoan Fantail
gryfan1,Grey Fantail,Gray Fantail
gryfan2,Grey Fantail (Melanesian),Gray Fantail (Melanesian)
gryfan4,Grey Fantail (keasti),Gray Fantail (keasti)
gryfan5,Grey Fantail (alisteri),Gray Fantail (alisteri)
gryfan6,Grey Fantail (albiscapa),Gray Fantail (albiscapa)
gryfan7,Grey Fantail (preissi),Gray Fantail (preissi)
gryfan8,Grey Fantail (albicauda),Gray Fantail (albicauda)
manfan1,Mangrove Fantail,Mangrove Fantail
nezfan1,New Zealand Fantail,New Zealand Fantail
nezfan5,New Zealand Fantail (Lord Howe),New Zealand Fantail (Lord Howe)
nezfan6,New Zealand Fantail (New Zealand),New Zealand Fantail (New Zealand)
fantai1,fantail sp.,fantail sp.
shadro2,Sharpe's Drongo,Sharpe's Drongo
wstdro1,Sharpe's Drongo (Western),Sharpe's Drongo (Western)
shadro1,Sharpe's Drongo (Eastern),Sharpe's Drongo (Eastern)
cstdro1,Square-tailed Drongo,Square-tailed Drongo
sqtdro1,Sharpe's/Square-tailed Drongo,Sharpe's/Square-tailed Drongo
shidro1,Shining Drongo,Shining Drongo
fotdro5,Fork-tailed Drongo,Fork-tailed Drongo
fotdro3,Fork-tailed Drongo (Clancey's),Fork-tailed Drongo (Clancey's)
fotdro2,Fork-tailed Drongo (adsimilis Group),Fork-tailed Drongo (adsimilis Group)
fotdro4,Fork-tailed Drongo (Glossy-backed),Fork-tailed Drongo (Glossy-backed)
vemdro6,Velvet-mantled Drongo,Velvet-mantled Drongo
vemdro5,Velvet-mantled Drongo (Fanti),Velvet-mantled Drongo (Fanti)
vemdro3,Velvet-mantled Drongo (Principe),Velvet-mantled Drongo (Principe)
vemdro4,Velvet-mantled Drongo (coracinus),Velvet-mantled Drongo (coracinus)
alddro1,Aldabra Drongo,Aldabra Drongo
comdro1,Grande Comore Drongo,Grande Comore Drongo
credro1,Crested Drongo,Crested Drongo
credro2,Crested Drongo (Madagascar),Crested Drongo (Madagascar)
credro3,Crested Drongo (Comoro),Crested Drongo (Comoro)
maydro1,Mayotte Drongo,Mayotte Drongo
bladro1,黑卷尾,Black Drongo
ashdro1,灰卷尾,Ashy Drongo
ashdro20,灰卷尾 (烟黑色/灰色),Ashy Drongo (Blackish/Sooty)
ashdro4,灰卷尾 (烟黑色),Ashy Drongo (Blackish)
ashdro2,灰卷尾 (灰色),Ashy Drongo (Sooty)
ashdro3,灰卷尾 (白脸),Ashy Drongo (Hainan/White-cheeked/White-lored)
ashdro13,灰卷尾 (leucogenis),Ashy Drongo (White-cheeked)
ashdro14,灰卷尾 (salangensis),Ashy Drongo (White-lored)
ashdro15,灰卷尾 (海南),Ashy Drongo (Hainan)
ashdro5,灰卷尾 [periophthalmicus Group],Ashy Drongo (Sumatran)
ashdro6,灰卷尾 (stigmatops),Ashy Drongo (Bornean)
y00638,黑卷尾/灰卷尾,Black/Ashy Drongo
whbdro1,White-bellied Drongo,White-bellied Drongo
whbdro2,White-bellied Drongo (White-bellied),White-bellied Drongo (White-bellied)
whbdro3,White-bellied Drongo (White-vented),White-bellied Drongo (White-vented)
crbdro1,鸦嘴卷尾,Crow-billed Drongo
brodro1,古铜色卷尾,Bronzed Drongo
lrtdro1,小盘尾,Lesser Racket-tailed Drongo
hacdro1,发冠卷尾,Hair-crested Drongo
hacdro6,发冠卷尾 (广布),Hair-crested Drongo (Hair-crested)
sumdro2,发冠卷尾 (viridinitens),Hair-crested Drongo (Mentawai)
hacdro4,发冠卷尾 (borneensis),Hair-crested Drongo (Bornean)
hacdro7,发冠卷尾 (jentincki/faberi),Hair-crested Drongo (Javan)
hacdro12,发冠卷尾 (leucops/banggaiensis),Hair-crested Drongo (White-eyed)
hacdro8,发冠卷尾 (guillemardi),Hair-crested Drongo (Obi)
hacdro10,发冠卷尾 (pectoralis),Hair-crested Drongo (Sula)
hacdro11,发冠卷尾 (suluensis),Hair-crested Drongo (Sulu)
hacdro3,Short-tailed Drongo,Short-tailed Drongo
paldro1,Palawan Drongo,Palawan Drongo
hacdro9,Palawan Drongo (Palawan),Palawan Drongo (Palawan)
hacdro5,Palawan Drongo (Cuyo),Palawan Drongo (Cuyo)
balica1,Balicassiao,Balicassiao
balica2,Balicassiao (Balicassiao),Balicassiao (Balicassiao)
balica3,Balicassiao (Visayan),Balicassiao (Visayan)
suldro1,Sulawesi Drongo,Sulawesi Drongo
sumdro1,Sumatran Drongo,Sumatran Drongo
waldro1,Wallacean Drongo,Wallacean Drongo
waldro4,Wallacean Drongo (Lombok),Wallacean Drongo (Lombok)
waldro2,Wallacean Drongo (Flores),Wallacean Drongo (Flores)
waldro5,Wallacean Drongo (Sumba),Wallacean Drongo (Sumba)
waldro7,Wallacean Drongo (Timor),Wallacean Drongo (Timor)
waldro6,Wallacean Drongo (Tanimbar),Wallacean Drongo (Tanimbar)
waldro3,Wallacean Drongo (Kai),Wallacean Drongo (Kai)
ritdro1,Paradise Drongo,Ribbon-tailed Drongo
spadro1,Spangled Drongo,Spangled Drongo
spadro7,Spangled Drongo (Morotai),Spangled Drongo (Morotai)
spadro5,Spangled Drongo (Halmahera),Spangled Drongo (Halmahera)
spadro3,Spangled Drongo (Buru),Spangled Drongo (Buru)
spadro9,Spangled Drongo (Seram),Spangled Drongo (Seram)
spadro8,Spangled Drongo (Papuan),Spangled Drongo (Papuan)
spadro2,Spangled Drongo (Bismarck),Spangled Drongo (Bismarck)
spadro4,Spangled Drongo (Guadalcanal),Spangled Drongo (Guadalcanal)
spadro6,Spangled Drongo (Makira),Spangled Drongo (Makira)
spadro10,Spangled Drongo (Spangled),Spangled Drongo (Spangled)
bacdro1,Bacan Drongo (undescribed form),Bacan Drongo (undescribed form)
tabdro1,Tablas Drongo,Tablas Drongo
anddro1,Andaman Drongo,Andaman Drongo
grtdro1,大盘尾,Greater Racket-tailed Drongo
y00410,小盘尾/大盘尾,Lesser/Greater Racket-tailed Drongo
srldro1,Sri Lanka Drongo,Sri Lanka Drongo
drongo1,未识别的卷尾和盘尾,drongo sp.
paradi2,Halmahera Paradise-crow,Halmahera Paradise-crow
paradi3,Obi Paradise-crow,Obi Paradise-crow
truman1,Trumpet Manucode,Trumpet Manucode
cucman1,Curl-crested Manucode,Curl-crested Manucode
crcman2,Crinkle-collared Manucode,Crinkle-collared Manucode
jobman1,Jobi Manucode,Jobi Manucode
glmman2,Glossy-mantled Manucode,Glossy-mantled Manucode
manuco1,manucode sp.,manucode sp.
kospar1,King of Saxony Bird-of-paradise,King-of-Saxony Bird-of-Paradise
carpar1,Queen Carola's Parotia,Carola's Parotia
carpar3,Bronze Parotia,Bronze Parotia
wespar1,Western Parotia,Western Parotia
wahpar1,Wahnes's Parotia,Wahnes's Parotia
lawpar3,Lawes's Parotia,Lawes's Parotia
lawpar2,Eastern Parotia,Eastern Parotia
lawpar1,Lawes's/Eastern Parotia,Lawes's/Eastern Parotia
twwbop1,Twelve-wired Bird-of-paradise,Twelve-wired Bird-of-Paradise
blbsic1,Black-billed Sicklebill,Black-billed Sicklebill
pabsic1,Pale-billed Sicklebill,Pale-billed Sicklebill
walsta2,Standardwing,Standardwing Bird-of-Paradise
vosbop1,Vogelkop Lophorina,Vogelkop Lophorina
x01194,Western Parotia x Vogelkop Lophorina (hybrid),Western Parotia x Vogelkop Lophorina (hybrid)
grsbop1,Greater Lophorina,Greater Lophorina
x01195,Carola's Parotia x Greater Lophorina (hybrid),Carola's Parotia x Greater Lophorina (hybrid)
lesbop1,Lesser Lophorina,Lesser Lophorina
lophor1,Lophorina sp.,lophorina sp.
parrif1,Paradise Riflebird,Paradise Riflebird
vicrif1,Victoria's Riflebird,Victoria's Riflebird
magrif3,Magnificent Riflebird,Magnificent Riflebird
magrif2,Growling Riflebird,Growling Riflebird
blasic1,Black Sicklebill,Black Sicklebill
brosic1,Brown Sicklebill,Brown Sicklebill
lotpar1,Long-tailed Paradigalla,Long-tailed Paradigalla
shtpar1,Short-tailed Paradigalla,Short-tailed Paradigalla
splast1,Splendid Astrapia,Splendid Astrapia
arfast1,Arfak Astrapia,Arfak Astrapia
huoast1,Huon Astrapia,Huon Astrapia
prsast1,Princess Stephanie's Astrapia,Stephanie's Astrapia
ritast1,Ribbon-tailed Astrapia,Ribbon-tailed Astrapia
x00413,Princess Stephanie's x Ribbon-tailed Astrapia (hybrid),Stephanie's x Ribbon-tailed Astrapia (hybrid)
astrap1,Astrapia sp.,Astrapia sp.
kbopar1,King Bird-of-paradise,King Bird-of-Paradise
wbopar1,Wilson's Bird-of-paradise,Wilson's Bird-of-Paradise
mbopar2,Magnificent Bird-of-paradise,Magnificent Bird-of-Paradise
bbopar1,Blue Bird-of-paradise,Blue Bird-of-Paradise
ebopar1,Emperor Bird-of-paradise,Emperor Bird-of-Paradise
rbopar2,Red Bird-of-paradise,Red Bird-of-Paradise
gbopar1,Goldie's Bird-of-paradise,Goldie's Bird-of-Paradise
lbopar1,Lesser Bird-of-paradise,Lesser Bird-of-Paradise
rbopar1,Raggiana Bird-of-paradise,Raggiana Bird-of-Paradise
x00814,Lesser x Raggiana Bird-of-Paradise (hybrid),Lesser x Raggiana Bird-of-Paradise (hybrid)
y01364,Lesser/Raggiana Bird-of-Paradise,Lesser/Raggiana Bird-of-Paradise
gbopar2,Greater Bird-of-paradise,Greater Bird-of-Paradise
x00929,Raggiana x Greater Bird-of-Paradise (hybrid),Raggiana x Greater Bird-of-Paradise (hybrid)
y01387,Raggiana/Greater Bird-of-Paradise,Raggiana/Greater Bird-of-Paradise
bird-o1,bird-of-paradise sp.,bird-of-paradise sp.
bucifr1,Blue-capped Ifrit,Blue-capped Ifrita
bhcfly1,Blue-headed Crested Flycatcher,Blue-headed Crested Flycatcher
afcfly1,Blue-mantled Crested Flycatcher,African Crested Flycatcher
afrcrf1,Blue-mantled Crested Flycatcher (Eastern),African Crested Flycatcher (Eastern)
afrcrf2,Blue-mantled Crested Flycatcher (Southern),African Crested Flycatcher (Southern)
shcmon1,Short-crested Monarch,Short-crested Monarch
blnmon1,黑枕王鹟,Black-naped Monarch
pabmon1,Pale-blue Monarch,Pale-blue Monarch
celmon1,Celestial Monarch,Celestial Monarch
blpfly1,Blue Paradise Flycatcher,Blue Paradise-Flycatcher
rupfly1,Rufous Paradise Flycatcher,Rufous Paradise-Flycatcher
rufpaf1,Rufous Paradise Flycatcher (Northern),Rufous Paradise-Flycatcher (Northern)
rufpaf2,Rufous Paradise Flycatcher (Southern),Rufous Paradise-Flycatcher (Southern)
japfly1,紫寿带,Black Paradise-Flycatcher
blkpaf1,紫寿带 (北方),Black Paradise-Flycatcher (Northern)
jappaf3,紫寿带 (菲律宾),Black Paradise-Flycatcher (Philippines)
amupaf1,寿带,Amur Paradise-Flycatcher
y00976,紫寿带/寿带,Black/Amur Paradise-Flycatcher
blypaf1,中南寿带,Blyth's Paradise-Flycatcher
blypaf3,Tenggara Paradise Flycatcher,Tenggara Paradise-Flycatcher
x00463,黑枕王鹟x中南寿带 (杂交),Black-naped Monarch x Blyth's Paradise-Flycatcher (hybrid)
y00977,寿带/中南寿带,Amur/Blyth's Paradise-Flycatcher
mapfly2,Mascarene Paradise Flycatcher,Mascarene Paradise-Flycatcher
aspfly1,印度寿带 (印缅寿带),Indian Paradise-Flycatcher
y00978,中南寿带/印度寿带,Blyth's/Indian Paradise-Flycatcher
y00742,寿带/中南寿带/印度寿带,Amur/Blyth's/Indian Paradise-Flycatcher
stpfly1,Sao Tome Paradise Flycatcher,Sao Tome Paradise-Flycatcher
sepfly1,Seychelles Paradise Flycatcher,Seychelles Paradise-Flycatcher
mapfly1,Malagasy Paradise Flycatcher,Malagasy Paradise-Flycatcher
madpaf1,Malagasy Paradise Flycatcher (Malagasy),Malagasy Paradise-Flycatcher (Malagasy)
madpaf2,Malagasy Paradise Flycatcher (Comoro),Malagasy Paradise-Flycatcher (Comoro)
madpaf3,Malagasy Paradise Flycatcher (Grand Comore),Malagasy Paradise-Flycatcher (Grande Comore)
bhpfly1,Red-bellied/Annobon Paradise Flycatcher,Black-headed Paradise-Flycatcher
bkhpaf1,Red-bellied Paradise Flycatcher (Red-bellied),Black-headed Paradise-Flycatcher (Red-bellied)
bkhpaf3,Red-bellied Paradise Flycatcher (Tricolored),Black-headed Paradise-Flycatcher (Tricolored)
bkhpaf2,Annobon Paradise Flycatcher,Black-headed Paradise-Flycatcher (Annobon)
bepfly1,Bedford's Paradise Flycatcher,Bedford's Paradise-Flycatcher
rvpfly1,Rufous-vented Paradise Flycatcher,Rufous-vented Paradise-Flycatcher
batpaf1,Bates's Paradise Flycatcher,Bates's Paradise-Flycatcher
afpfly1,African Paradise Flycatcher,African Paradise-Flycatcher
x00862,Black-headed x African Paradise Flycatcher (hybrid),Black-headed x African Paradise-Flycatcher (hybrid)
x01159,Rufous-vented x African Paradise Flycatcher (hybrid),Rufous-vented x African Paradise-Flycatcher (hybrid)
y01314,Rufous-vented/Bates's Paradise Flycatcher,Rufous-vented/Bates's Paradise-Flycatcher
paradi1,未识别的寿带,paradise-flycatcher sp.
elepai,Hawaii Elepaio,Hawaii Elepaio
elepai1,Hawaii Elepaio (Kona coast),Hawaii Elepaio (Kona coast)
elepai3,Hawaii Elepaio (Mauna Kea),Hawaii Elepaio (Mauna Kea)
elepai2,Hawaii Elepaio (Hilo coast),Hawaii Elepaio (Hilo coast)
elepai5,Kauai Elepaio,Kauai Elepaio
elepai4,Oahu Elepaio,Oahu Elepaio
tahmon2,Tahiti Monarch,Tahiti Monarch
maumon1,Maupiti Monarch,Maupiti Monarch
rarmon1,Rarotonga Monarch,Rarotonga Monarch
eiamon1,Eiao Monarch,Eiao Monarch
nuhmon1,Nuku Hiva Monarch,Nuku Hiva Monarch
iphmon2,Iphis Monarch,Iphis Monarch
uapmon1,Ua Pou Monarch,Ua Pou Monarch
marmon2,Marquesan Monarch,Marquesan Monarch
fatmon1,Fatu Hiva Monarch,Fatu Hiva Monarch
ogemon1,Ogea Monarch,Ogea Monarch
slamon1,Slaty Monarch,Slaty Monarch
vanmon1,Vanikoro Monarch,Vanikoro Monarch
bubmon1,Buff-bellied Monarch,Buff-bellied Monarch
soushr2,Southern Shrikebill,Southern Shrikebill
renshr1,Rennell Shrikebill,Rennell Shrikebill
fijshr1,Fiji Shrikebill,Fiji Shrikebill
fijshr2,Fiji Shrikebill (Manua),Fiji Shrikebill (Manua)
fijshr3,Fiji Shrikebill (Fiji),Fiji Shrikebill (Fiji)
fijshr4,Fiji Shrikebill (Fortuna),Fiji Shrikebill (Fortuna)
fijshr5,Fiji Shrikebill (Dusky),Fiji Shrikebill (Dusky)
bktshr1,Black-throated Shrikebill,Black-throated Shrikebill
bktshr3,Black-throated Shrikebill (Black-faced),Black-throated Shrikebill (Black-faced)
bktshr4,Black-throated Shrikebill (Kadavu),Black-throated Shrikebill (Kadavu)
y00802,Fiji/Black-throated Shrikebill,Fiji/Black-throated Shrikebill
bktshr2,Santa Cruz Shrikebill,Santa Cruz Shrikebill
whnmon1,White-naped Monarch,White-naped Monarch
loemon1,Tanimbar Monarch,Tanimbar Monarch
whemon1,White-eared Monarch,White-eared Monarch
golmon1,Golden Monarch,Golden Monarch
trumon1,Chuuk Monarch,Chuuk Monarch
yapmon1,Yap Monarch,Yap Monarch
tinmon1,Tinian Monarch,Tinian Monarch
islmon1,Island Monarch,Island Monarch
whcmon1,White-capped Monarch,White-capped Monarch
chbmon1,Chestnut-bellied Monarch,Chestnut-bellied Monarch
chbmon2,Chestnut-bellied Monarch (Chestnut-bellied),Chestnut-bellied Monarch (Chestnut-bellied)
chbmon3,Chestnut-bellied Monarch (Makira),Chestnut-bellied Monarch (Makira)
chbmon4,Chestnut-bellied Monarch (Ugi),Chestnut-bellied Monarch (Ugi)
boumon1,Chestnut-bellied Monarch (Bougainville),Chestnut-bellied Monarch (Bougainville)
blfmon1,Black-faced Monarch,Black-faced Monarch
blwmon1,Black-winged Monarch,Black-winged Monarch
bkwmon1,Black-winged Monarch (Arfak),Black-winged Monarch (Arfak)
bkwmon5,Black-winged Monarch (Masked),Black-winged Monarch (Masked)
bkwmon4,Black-winged Monarch (Pearly),Black-winged Monarch (Pearly)
x00963,Black-faced x Black-winged Monarch (hybrid),Black-faced x Black-winged Monarch (hybrid)
monarc1,Monarcha sp.,Monarcha sp.
blamon1,Black Monarch,Fan-tailed Monarch
rufmon1,Rufous Monarch,Rufous Monarch
flomon1,Flores Monarch,Flores Monarch
blcmon1,Boano Monarch,Boano Monarch
molmon1,Moluccan Monarch,Moluccan Spectacled Monarch
spemon3,Moluccan Monarch (Halmahera),Moluccan Spectacled Monarch (Halmahera)
spemon4,Moluccan Monarch (Obi),Moluccan Spectacled Monarch (Obi)
spemon6,Moluccan Monarch (Seram),Moluccan Spectacled Monarch (Seram)
spemon1,Spectacled Monarch,Australian Spectacled Monarch
spemon2,Spectacled Monarch (Western),Australian Spectacled Monarch (Western)
spemon5,Spectacled Monarch (Eastern),Australian Spectacled Monarch (Eastern)
spemon10,Louisiade Monarch,Louisiade Spectacled Monarch
whtmon1,Kai Monarch,Kai Monarch
whtmon2,Tanahjampea Monarch,Tanahjampea Monarch
bltmon2,Buru Monarch,Buru Monarch
blbmon1,Kofiau Monarch,Kofiau Monarch
biamon1,Biak Monarch,Biak Monarch
hoomon1,Hooded Monarch,Hooded Monarch
manmon1,Manus Monarch,Manus Monarch
whbmon1,Mussau Monarch,Mussau Monarch
bltmon1,Bismarck Monarch,Bismarck Monarch
bktmon1,Bismarck Monarch (Djaul),Bismarck Monarch (Djaul)
bktmon2,Bismarck Monarch (Black-tailed),Bismarck Monarch (Black-tailed)
bawmon2,Solomons Monarch,Solomons Monarch
bawmon4,Malaita Monarch,Malaita Monarch
kolmon5,Kolombangara Monarch,Kolombangara Monarch
velmon1,Vella Lavella Monarch,Vella Lavella Monarch
blbmon2,Banda Sea Monarch,Banda Sea Monarch
whcmon2,White-collared Monarch,White-collared Monarch
spwmon1,Spot-winged Monarch,Spot-winged Monarch
frimon1,Frilled Monarch,Frilled Monarch
frnmon1,Frill-necked Monarch,Frill-necked Monarch
rucmon1,Ochre-collared Monarch,Ochre-collared Monarch
x00813,Frilled x Ochre-collared Monarch (hybrid),Frilled x Ochre-collared Monarch (hybrid)
piemon1,Pied Monarch,Pied Monarch
maglar1,Magpie-lark,Magpie-lark
torlar1,Torrent-lark,Torrent-lark
palfly3,Palau Flycatcher,Palau Flycatcher
guafly1,Guam Flycatcher,Guam Flycatcher
pohfly1,Pohnpei Flycatcher,Pohnpei Flycatcher
ocefly1,Chuuk Flycatcher,Chuuk Flycatcher
biafly1,Biak Black Flycatcher,Biak Flycatcher
molfly1,Moluccan Flycatcher,Moluccan Flycatcher
leafly2,Leaden Flycatcher,Leaden Flycatcher
stbfly1,Steel-blue Flycatcher,Steel-blue Flycatcher
ochfly1,Makira Flycatcher,Ochre-headed Flycatcher
melfly1,Melanesian Flycatcher,Melanesian Flycatcher
vanfly1,Vanikoro Flycatcher,Vanikoro Flycatcher
samfly1,Samoan Flycatcher,Samoan Flycatcher
blcfly2,Azure-crested Flycatcher,Azure-crested Flycatcher
chtfly1,Chestnut-throated Flycatcher,Chestnut-throated Flycatcher
brbfly1,Broad-billed Flycatcher,Broad-billed Flycatcher
satfly1,Satin Flycatcher,Satin Flycatcher
y00803,Leaden/Satin Flycatcher,Leaden/Satin Flycatcher
resfly1,Restless Flycatcher,Restless Flycatcher
papfly1,Paperbark Flycatcher,Paperbark Flycatcher
y00894,Restless/Paperbark Flycatcher,Restless/Paperbark Flycatcher
shifly1,Shining Flycatcher,Shining Flycatcher
dulfly2,Mussau Flycatcher,Mussau Flycatcher
velfly1,Velvet Flycatcher,Velvet Flycatcher
dulfly3,Velvet Flycatcher (Velvet),Velvet Flycatcher (Velvet)
dulfly4,Velvet Flycatcher (Djaul),Velvet Flycatcher (Djaul)
myiagr1,Myiagra sp.,Myiagra sp.
whwcho1,White-winged Chough,White-winged Chough
apostl1,Apostlebird,Apostlebird
lesmel1,Lesser Melampitta,Lesser Melampitta
gremel1,Greater Melampitta,Greater Melampitta
crejay1,Crested Jayshrike,Crested Jayshrike
yebshr1,Yellow-billed Shrike,Yellow-billed Shrike
magshr1,Magpie Shrike,Magpie Shrike
tigshr1,虎纹伯劳,Tiger Shrike
buhshr1,牛头伯劳,Bull-headed Shrike
rebshr1,红背伯劳,Red-backed Shrike
rutshr2,棕尾伯劳,Red-tailed Shrike
x00860,红背伯劳x棕尾伯劳 (杂交),Red-backed x Red-tailed Shrike (hybrid)
isashr1,荒漠伯劳,Isabelline Shrike
rutshr3,荒漠伯劳 (北疆至东北),Isabelline Shrike (Daurian)
rutshr4,荒漠伯劳 (南疆至宁夏),Isabelline Shrike (Chinese)
rutshr1,棕尾伯劳/荒漠伯劳,Red-tailed/Isabelline Shrike
brnshr,红尾伯劳,Brown Shrike
brnshr1,红尾伯劳 (东北亚，棕头),Brown Shrike (Brown)
brnshr2,红尾伯劳 (日本，白额红头),Brown Shrike (Japanese)
brnshr3,红尾伯劳 (东亚，灰头),Brown Shrike (Philippine)
x00464,虎纹伯劳x红尾伯劳 (杂交),Tiger x Brown Shrike (hybrid)
y00975,棕尾伯劳/荒漠伯劳/红尾伯劳,Red-tailed/Isabelline/Brown Shrike
burshr1,栗背伯劳,Burmese Shrike
emishr1,Emin's Shrike,Emin's Shrike
babshr1,褐背伯劳,Bay-backed Shrike
lotshr1,棕背伯劳,Long-tailed Shrike
lotshr2,棕背伯劳 (灰额),Long-tailed Shrike (erythronotus/caniceps)
lotshr3,棕背伯劳 (灰头),Long-tailed Shrike (schach)
lotshr4,棕背伯劳 (黑头),Long-tailed Shrike (tricolor/longicaudatus)
lotshr14,棕背伯劳 (灰头x黑头，杂交),Long-tailed Shrike (schach x tricolor)
lotshr5,棕背伯劳 (bentet),Long-tailed Shrike (bentet)
lotshr6,棕背伯劳 [nasutus Group],Long-tailed Shrike (nasutus Group)
y00411,褐背伯劳/棕背伯劳,Bay-backed/Long-tailed Shrike
gybshr1,灰背伯劳,Gray-backed Shrike
gycshr1,Mountain Shrike,Mountain Shrike
logshr,Loggerhead Shrike,Loggerhead Shrike
norshr4,灰伯劳,Northern Shrike
norshr2,灰伯劳 (亚洲),Northern Shrike (Asian)
norshr3,灰伯劳 (北美),Northern Shrike (American)
y00620,Loggerhead/Northern Shrike,Loggerhead/Northern Shrike
ibgshr1,Iberian Grey Shrike,Iberian Gray Shrike
norshr1,西方灰伯劳,Great Gray Shrike
grgshr2,西方灰伯劳 (欧亚西部),Great Gray Shrike (Great Gray)
grgshr4,西方灰伯劳 [elegans Group],Great Gray Shrike (Sahara)
grgshr1,西方灰伯劳 (aucheri/buryi),Great Gray Shrike (Arabian)
grgshr5,西方灰伯劳 (uncinatus),Great Gray Shrike (Socotra)
sogshr3,西方灰伯劳 (中亚，草原灰伯劳),Great Gray Shrike (Steppe)
grgshr3,西方灰伯劳 (南亚),Great Gray Shrike (Indian)
norshr,灰伯劳/西方灰伯劳,Northern/Great Gray Shrike
y01040,Iberian Grey/Great Grey Shrike,Iberian Gray/Great Gray Shrike
legshr2,黑额伯劳,Lesser Gray Shrike
chgshr1,楔尾伯劳,Chinese Gray Shrike
chgshr3,青藏楔尾伯劳,Giant Shrike
chgshr2,楔尾伯劳/青藏楔尾伯劳,Chinese Gray/Giant Shrike
gybfis1,Grey-backed Fiscal,Gray-backed Fiscal
lotfis1,Long-tailed Fiscal,Long-tailed Fiscal
taifis1,Taita Fiscal,Taita Fiscal
somfis1,Somali Fiscal,Somali Fiscal
macshr1,Mackinnon's Shrike,Mackinnon's Shrike
norfis1,Northern Fiscal,Northern Fiscal
soufis1,Southern Fiscal,Southern Fiscal
soufis2,Southern Fiscal (Uhehe),Southern Fiscal (Uhehe)
soufis3,Southern Fiscal (Southern),Southern Fiscal (Southern)
soufis8,Southern Fiscal (Latakoo),Southern Fiscal (Latakoo)
comfis1,Northern/Southern Fiscal (Common Fiscal),Northern/Southern Fiscal (Common Fiscal)
soushr3,Souza's Shrike,Souza's Shrike
newfis1,Sao Tome Fiscal,Newton's Fiscal
masshr1,Masked Shrike,Masked Shrike
wooshr1,Woodchat Shrike,Woodchat Shrike
wooshr2,Woodchat Shrike (Western),Woodchat Shrike (Western)
wooshr3,Woodchat Shrike (Balearic),Woodchat Shrike (Balearic)
wooshr4,Woodchat Shrike (Caucasian),Woodchat Shrike (Caucasian)
x00861,Red-backed x Woodchat Shrike (hybrid),Red-backed x Woodchat Shrike (hybrid)
shrike,未识别的伯劳,shrike sp.
whrshr1,Northern White-crowned Shrike,White-rumped Shrike
whcshr1,Southern White-crowned Shrike,White-crowned Shrike
blkmag1,Malayan Black Magpie,Malayan Black Magpie
blkmag2,Bornean Black Magpie,Bornean Black Magpie
sibjay1,北噪鸦,Siberian Jay
sicjay1,黑头噪鸦,Sichuan Jay
gryjay,Canada Jay,Canada Jay
gryjay1,Canada Jay (Boreal),Canada Jay (Boreal)
gryjay2,Canada Jay (Rocky Mts.),Canada Jay (Rocky Mts.)
gryjay3,Canada Jay (Pacific),Canada Jay (Pacific)
whtjay1,White-throated Jay,White-throated Jay
dwajay1,Dwarf Jay,Dwarf Jay
bltjay1,Black-throated Jay,Black-throated Jay
sitjay1,Silvery-throated Jay,Silvery-throated Jay
azhjay1,Azure-hooded Jay,Azure-hooded Jay
beajay1,Beautiful Jay,Beautiful Jay
blcjay2,Black-collared Jay,Black-collared Jay
bkcjay1,Black-collared Jay (Black-collared),Black-collared Jay (Black-collared)
bkcjay2,Black-collared Jay (Quindio),Black-collared Jay (Quindio)
turjay1,Turquoise Jay,Turquoise Jay
whcjay2,White-collared Jay,White-collared Jay
btmjay,Black-throated Magpie-Jay,Black-throated Magpie-Jay
wtmjay1,White-throated Magpie-Jay,White-throated Magpie-Jay
x00443,Black-throated x White-throated Magpie-Jay (hybrid),Black-throated x White-throated Magpie-Jay (hybrid)
y01067,Black-throated/White-throated Magpie-Jay,Black-throated/White-throated Magpie-Jay
brnjay,Brown Jay,Brown Jay
azujay1,Azure Jay,Azure Jay
viojay1,Violaceous Jay,Violaceous Jay
purjay1,Purplish Jay,Purplish Jay
cucjay1,Curl-crested Jay,Curl-crested Jay
grnjay,Green/Inca Jay,Green Jay
grnjay1,Green Jay,Green Jay (Green)
grnjay2,Inca Jay,Green Jay (Inca)
whtjay2,White-tailed Jay,White-tailed Jay
bucjay1,Bushy-crested Jay,Bushy-crested Jay
yucjay1,Yucatan Jay,Yucatan Jay
pubjay1,Purplish-backed Jay,Purplish-backed Jay
sabjay,San Blas Jay,San Blas Jay
tufjay1,Tufted Jay,Tufted Jay
blcjay1,Black-chested Jay,Black-chested Jay
aznjay1,Azure-naped Jay,Azure-naped Jay
aznjay2,Azure-naped Jay (Azure-naped),Azure-naped Jay (Azure-naped)
camjay1,Azure-naped Jay (Campina),Azure-naped Jay (Campina)
cayjay1,Cayenne Jay,Cayenne Jay
plcjay1,Plush-crested Jay,Plush-crested Jay
whnjay1,White-naped Jay,White-naped Jay
cyanoc1,Cyanocorax sp.,Cyanocorax sp.
pinjay,Pinyon Jay,Pinyon Jay
stejay,Steller's Jay,Steller's Jay
stejay1,Steller's Jay (Coastal),Steller's Jay (Coastal)
stejay8,Steller's Jay (Northwest Interior),Steller's Jay (Northwest Interior)
stejay2,Steller's Jay (Southwest Interior),Steller's Jay (Southwest Interior)
stejay3,Steller's Jay (Middle American),Steller's Jay (Middle American)
blujay,Blue Jay,Blue Jay
bxgjay1,Green x Blue Jay (hybrid),Green x Blue Jay (hybrid)
x00622,Steller's x Blue Jay (hybrid),Steller's x Blue Jay (hybrid)
flsjay,Florida Scrub Jay,Florida Scrub-Jay
issjay,Island Scrub Jay,Island Scrub-Jay
cowscj1,California Scrub Jay,California Scrub-Jay
x00964,Steller's x California Scrub Jay (hybrid),Steller's Jay x California Scrub-Jay (hybrid)
wooscj2,Woodhouse's Scrub Jay,Woodhouse's Scrub-Jay
wooscj1,Woodhouse's Scrub Jay (Woodhouse's),Woodhouse's Scrub-Jay (Woodhouse's)
wesscj1,Woodhouse's Scrub Jay (Sumichrast's),Woodhouse's Scrub-Jay (Sumichrast's)
x00891,Steller's x Woodhouse's Scrub Jay (hybrid),Steller's Jay x Woodhouse's Scrub-Jay (hybrid)
wesjay,California/Woodhouse's Scrub Jay,California/Woodhouse's Scrub-Jay
mexjay4,Mexican Jay,Mexican Jay
mexjay1,Mexican Jay (Arizona),Mexican Jay (Arizona)
mexjay2,Mexican Jay (Couch's),Mexican Jay (Couch's)
mexjay5,Mexican Jay (San Luis Potosi),Mexican Jay (San Luis Potosi)
mexjay3,Transvolcanic Jay,Transvolcanic Jay
mexjay,Mexican/Transvolcanic Jay,Mexican/Transvolcanic Jay
unijay1,Unicolored Jay,Unicolored Jay
scrjay,Aphelocoma sp.,Aphelocoma sp.
eurjay1,松鸦,Eurasian Jay
eurjay2,松鸦 [glandarius Group],Eurasian Jay (Eurasian)
eurjay3,松鸦 [atricapillus Group],Eurasian Jay (Black-capped)
eurjay4,松鸦 [cervicalis Group],Eurasian Jay (Black-crowned)
eurjay5,松鸦 (hyrcanus),Eurasian Jay (Iranian)
eurjay6,松鸦 (白翅),Eurasian Jay (Brandt's)
eurjay7,松鸦 (淡冠),Eurasian Jay (Himalayan)
eurjay8,松鸦 (白脸),Eurasian Jay (White-faced)
eurjay9,松鸦 (日本),Eurasian Jay (Japanese)
blhjay1,Black-headed Jay,Black-headed Jay
lidjay1,Lidth's Jay,Lidth's Jay
jay1,jay sp.,jay sp.
azwmag3,Iberian Magpie,Iberian Magpie
azwmag2,灰喜鹊,Azure-winged Magpie
azwmag1,灰喜鹊 (大陆),Azure-winged Magpie (Azure-winged)
azwmag4,灰喜鹊 (日本),Azure-winged Magpie (Japanese)
ceymag1,Sri Lanka Blue Magpie,Sri Lanka Blue-Magpie
formag1,台湾蓝鹊,Taiwan Blue-Magpie
gobmag1,黄嘴蓝鹊,Yellow-billed Blue-Magpie
rbbmag,红嘴蓝鹊,Red-billed Blue-Magpie
y00804,黄嘴蓝鹊/红嘴蓝鹊,Yellow-billed/Red-billed Blue-Magpie
whwmag1,白翅蓝鹊,White-winged Magpie
whwmag2,白翅蓝鹊 (黑尾),White-winged Magpie (Black-tailed)
whwmag3,白翅蓝鹊 (灰尾),White-winged Magpie (Gray-tailed)
gremag1,蓝绿鹊,Common Green-Magpie
comgrm1,蓝绿鹊 (绿顶),Common Green-Magpie (Common)
comgrm2,蓝绿鹊 (margaritae),Common Green-Magpie (Yellow-crowned)
yebmag1,印支绿鹊,Indochinese Green-Magpie
shtmag1,Javan Green Magpie,Javan Green-Magpie
borgrm1,Bornean Green Magpie,Bornean Green-Magpie
greenm1,未识别的Cissa属绿鹊,green-magpie sp.
ruftre2,棕腹树鹊,Rufous Treepie
grytre1,灰树鹊,Gray Treepie
y00413,棕腹树鹊/灰树鹊,Rufous/Gray Treepie
sumtre1,Sumatran Treepie,Sumatran Treepie
bortre1,Bornean Treepie,Bornean Treepie
whbtre1,White-bellied Treepie,White-bellied Treepie
coltre1,黑额树鹊,Collared Treepie
andtre1,Andaman Treepie,Andaman Treepie
rattre1,盘尾树鹊,Racket-tailed Treepie
hootre1,Hooded Treepie,Hooded Treepie
rattre2,塔尾树鹊,Ratchet-tailed Treepie
treepi1,未识别的树鹊,treepie sp.
eurmag3,Maghreb Magpie,Maghreb Magpie
eurmag5,Asir Magpie,Asir Magpie
eurmag6,青藏喜鹊,Black-rumped Magpie
orimag1,喜鹊,Oriental Magpie
eurmag1,欧亚喜鹊,Eurasian Magpie
eurmag2,欧亚喜鹊 (melanotos),Eurasian Magpie (Iberian)
eurmag4,欧亚喜鹊 (欧亚),Eurasian Magpie (Eurasian)
eurmag7,欧亚喜鹊 (camtschatica),Eurasian Magpie (Kamchatkan)
y01104,喜鹊/欧亚喜鹊,Oriental/Eurasian Magpie
bkbmag1,Black-billed Magpie,Black-billed Magpie
yebmag,Yellow-billed Magpie,Yellow-billed Magpie
pica1,未识别的喜鹊类,Pica sp.
stbcro1,Stresemann's Bushcrow,Ethiopian Bushcrow
mogjay1,黑尾地鸦,Mongolian Ground-Jay
xigjay1,白尾地鸦,Xinjiang Ground-Jay
tugjay1,里海地鸦,Turkestan Ground-Jay
irgjay1,Iranian Ground Jay,Iranian Ground-Jay
clanut,Clark's Nutcracker,Clark's Nutcracker
eurnut3,欧亚星鸦 (北星鸦),Northern Nutcracker
eurnut4,星鸦 (南星鸦),Southern Nutcracker
eurnut1,欧亚星鸦/星鸦,Northern/Southern Nutcracker
sponut1,大斑星鸦,Kashmir Nutcracker
rebcho1,红嘴山鸦,Red-billed Chough
rebcho2,红嘴山鸦 (欧亚),Red-billed Chough (Red-billed)
rebcho3,红嘴山鸦 (baileyi),Red-billed Chough (Ethiopian)
yebcho1,黄嘴山鸦,Yellow-billed Chough
y00895,红嘴山鸦/黄嘴山鸦,Red-billed/Yellow-billed Chough
piapia1,Piapiac,Piapiac
eurjac,寒鸦,Eurasian Jackdaw
daujac1,达乌里寒鸦,Daurian Jackdaw
y01179,寒鸦/达乌里寒鸦,Eurasian/Daurian Jackdaw
houcro1,家鸦,House Crow
neccro1,New Caledonian Crow,New Caledonian Crow
bancro1,Banggai Crow,Banggai Crow
slbcro2,Sunda Crow,Sunda Crow
slbcro5,Sierra Madre Crow,Sierra Madre Crow
slbcro6,Samar Crow,Samar Crow
slbcro12,Sulawesi Crow,Sulawesi Crow
slbcro7,Palawan Crow,Palawan Crow
slbcro3,Violet Crow,Violet Crow
pipcro1,Piping Crow,Piping Crow
flocro1,Flores Crow,Flores Crow
marcro1,Mariana Crow,Mariana Crow
lobcro1,Long-billed Crow,Long-billed Crow
guacro1,White-billed Crow,Guadalcanal Crow
boucro1,Bougainville Crow,Bougainville Crow
brhcro1,Brown-headed Crow,Brown-headed Crow
grycro1,Grey Crow,Gray Crow
capcro2,Cape Crow,Cape Crow
rook1,秃鼻乌鸦,Rook
rook2,秃鼻乌鸦 (欧洲至中亚),Rook (Western)
rook3,秃鼻乌鸦 (东亚),Rook (Eastern)
amecro,American Crow,American Crow
cupcro1,Cuban Palm Crow,Cuban Palm-Crow
palcro1,Hispaniolan Palm Crow,Hispaniolan Palm-Crow
cubcro1,Cuban Crow,Cuban Crow
whncro1,White-necked Crow,White-necked Crow
jamcro1,Jamaican Crow,Jamaican Crow
tamcro,Tamaulipas Crow,Tamaulipas Crow
sincro1,Sinaloa Crow,Sinaloa Crow
fiscro,Fish Crow,Fish Crow
x00465,House x Fish Crow (hybrid),House x Fish Crow (hybrid)
y00414,American/Fish Crow,American/Fish Crow
hawcro,Hawaiian Crow,Hawaiian Crow
chirav,Chihuahuan Raven,Chihuahuan Raven
carcro1,小嘴乌鸦,Carrion Crow
carcro2,小嘴乌鸦 (欧洲),Carrion Crow (Western)
carcro3,小嘴乌鸦 (亚洲),Carrion Crow (Eastern)
hoocro1,冠小嘴乌鸦,Hooded Crow
hoocro2,冠小嘴乌鸦 (灰体),Hooded Crow (Hooded)
hoocro3,冠小嘴乌鸦 (capellanus),Hooded Crow (Mesopotamian)
y00743,小嘴乌鸦/冠小嘴乌鸦,Carrion/Hooded Crow
x00636,小嘴乌鸦x冠小嘴乌鸦 (杂交),Carrion x Hooded Crow (hybrid)
labcro1,大嘴乌鸦,Large-billed Crow
labcro2,大嘴乌鸦 (广布),Large-billed Crow (Large-billed)
labcro3,大嘴乌鸦 (culminatus),Large-billed Crow (Indian Jungle)
labcro4,大嘴乌鸦 (levaillantii),Large-billed Crow (Eastern)
y01259,小嘴乌鸦/大嘴乌鸦,Carrion/Large-billed Crow
labcro15,Philippine Jungle Crow,Philippine Jungle Crow
torcro2,Torresian Crow,Torresian Crow
torcro3,Bismarck Crow,Bismarck Crow
litcro1,Little Crow,Little Crow
ausrav1,Australian Raven,Australian Raven
ausrav2,Australian Raven (Eastern),Australian Raven (Eastern)
ausrav3,Australian Raven (Western),Australian Raven (Western)
litrav1,Little Raven,Little Raven
forrav1,Forest Raven,Forest Raven
colcro1,白颈鸦,Collared Crow
piecro1,Pied Crow,Pied Crow
brnrav1,Brown-necked Raven,Brown-necked Raven
somcro2,Somali Crow,Somali Crow
x00466,Pied x Somali Crow (hybrid),Pied x Somali Crow (hybrid)
crow,未识别的乌鸦类,crow sp.
fatrav1,Fan-tailed Raven,Fan-tailed Raven
whnrav1,White-necked Raven,White-necked Raven
thbrav1,Thick-billed Raven,Thick-billed Raven
comrav,渡鸦,Common Raven
raven,未识别的渡鸦类,raven sp.
y00639,未识别的Corvus属乌鸦和渡鸦,crow/raven sp.
corvid2,未识别的鸦科鸟类,corvid sp.
lorsat1,Loria's Satinbird,Loria's Satinbird
cresat1,Crested Satinbird,Crested Satinbird
cresat2,Crested Satinbird (Red),Crested Satinbird (Red)
cresat3,Crested Satinbird (Yellow),Crested Satinbird (Yellow)
yebsat1,Yellow-breasted Satinbird,Yellow-breasted Satinbird
obsber1,Obscure Berrypecker,Obscure Berrypecker
blaber1,Black Berrypecker,Black Berrypecker
lebber1,Mid-mountain Berrypecker,Mid-mountain Berrypecker
fatber1,Fan-tailed Berrypecker,Fan-tailed Berrypecker
satber1,Satin Berrypecker,Satin Berrypecker
strber1,Streaked Berrypecker,Streaked Berrypecker
spober1,Thick-billed Berrypecker,Thick-billed Berrypecker
spober3,Spotted Berrypecker,Spotted Berrypecker
melber1,Melanocharis berrypecker sp.,Melanocharis berrypecker sp.
yeblon1,Yellow-bellied Longbill,Yellow-bellied Longbill
slclon1,Slaty-headed Longbill,Slaty-chinned Longbill
y00888,Yellow-bellied/Slaty-headed Longbill,Yellow-bellied/Slaty-chinned Longbill
dwahon2,Spectacled Longbill,Spectacled Longbill
pyghon1,Pygmy Longbill,Pygmy Longbill
kokako3,North Island Kokako,North Island Kokako
kokako4,South Island Kokako,South Island Kokako
saddle2,North Island Saddleback,North Island Saddleback
saddle3,South Island Saddleback,South Island Saddleback
huia1,Huia,Huia
stitch1,Stitchbird,Stitchbird
grgrob1,Greater Ground Robin,Greater Ground-Robin
legrob1,Lesser Ground Robin,Lesser Ground-Robin
wherob1,White-eyed Robin,White-eyed Robin
grbrob1,Green-backed Robin,Green-backed Robin
garrob1,Garnet Robin,Garnet Robin
tomtit1,Tomtit,Tomtit
tomtit2,Tomtit (New Zealand),Tomtit (New Zealand)
tomtit3,Tomtit (Snares Is.),Tomtit (Snares Is.)
charob1,Black Robin,Black Robin
nezrob2,North Island Robin,North Island Robin
nezrob3,South Island Robin,South Island Robin
alprob1,Mountain Robin,Subalpine Robin
snmrob1,Snow Mountain Robin,Snow Mountain Robin
pacrob2,Norfolk Robin,Norfolk Robin
recrob1,Red-capped Robin,Red-capped Robin
pacrob3,Solomons Robin,Solomons Robin
pacrob1,Pacific Robin,Pacific Robin
pacrob4,Pacific Robin (Vanuatu),Pacific Robin (Vanuatu)
pacrob5,Pacific Robin (Samoan),Pacific Robin (Samoan)
rosrob1,Rose Robin,Rose Robin
pinrob1,Pink Robin,Pink Robin
flarob1,Flame Robin,Flame Robin
scarob2,Scarlet Robin,Scarlet Robin
scarob3,Scarlet Robin (Campbell's),Scarlet Robin (Campbell's)
scarob4,Scarlet Robin (Scarlet),Scarlet Robin (Scarlet)
petroi1,Petroica sp.,Petroica sp.
canfly2,Canary Flyrobin,Canary Flyrobin
olifly3,Olive Flyrobin,Olive Flyrobin
yelfly4,Yellow-legged Flyrobin,Yellow-legged Flyrobin
yebrob1,Yellow-bellied Flyrobin,Yellow-bellied Flyrobin
torfly1,Torrent Flyrobin,Torrent Flyrobin
torfly2,Torrent Flyrobin (Torrent),Torrent Flyrobin (Torrent)
torfly3,Torrent Flyrobin (New Britain),Torrent Flyrobin (New Britain)
gobfly2,Golden-bellied Flyrobin,Golden-bellied Flyrobin
lebfly3,Lemon-bellied Flyrobin,Lemon-bellied Flyrobin
lebfly1,Lemon-bellied Flyrobin (Lemon-bellied),Lemon-bellied Flyrobin (Lemon-bellied)
lebfly4,Lemon-bellied Flyrobin (Kimberley),Lemon-bellied Flyrobin (Kimberley)
bisfly1,Bismarck Flyrobin (undescribed form),Bismarck Flyrobin (undescribed form)
jacwin1,Jacky Winter,Jacky-winter
microe1,flyrobin sp.,flyrobin sp.
sosrob1,Southern Scrub Robin,Southern Scrub-Robin
nosrob1,Northern Scrub Robin,Northern Scrub-Robin
papscr2,Papuan Scrub Robin,Papuan Scrub-Robin
gyhrob2,Grey-headed Robin,Gray-headed Robin
ashrob2,Black-capped Robin,Black-capped Robin
gyhrob1,Ashy Robin,Arfak Robin
blcrob1,Black-chinned Robin,Black-chinned Robin
bltrob1,Black-throated Robin,Black-throated Robin
blsrob2,Black-sided Robin,Black-sided Robin
whbrob2,White-browed Robin,White-browed Robin
busrob1,Buff-sided Robin,Buff-sided Robin
dusrob1,Dusky Robin,Dusky Robin
hoorob1,Hooded Robin,Hooded Robin
whrrob2,White-rumped Robin,White-rumped Robin
manrob1,Mangrove Robin,Mangrove Robin
whwrob2,White-winged Robin,White-winged Robin
bugrob1,Slaty Robin,Blue-gray Robin
smorob2,Smoky Robin,Smoky Robin
olyrob1,Banded Yellow Robin,Banded Yellow Robin
yelrob1,Eastern Yellow Robin,Eastern Yellow Robin
eayrob1,Eastern Yellow Robin (Wet Tropics),Eastern Yellow Robin (Wet Tropics)
eayrob2,Eastern Yellow Robin (Southeastern),Eastern Yellow Robin (Southeastern)
gybrob1,Western Yellow Robin,Western Yellow Robin
weyrob1,Western Yellow Robin (Yellow-rumped),Western Yellow Robin (Yellow-rumped)
weyrob2,Western Yellow Robin (Green-rumped),Western Yellow Robin (Green-rumped)
whbrob1,White-breasted Robin,White-breasted Robin
payrob1,Pale-yellow Robin,Pale-yellow Robin
payrob2,Pale-yellow Robin (Buff-lored),Pale-yellow Robin (Buff-lored)
payrob3,Pale-yellow Robin (White-lored),Pale-yellow Robin (White-lored)
whfrob1,White-faced Robin,White-faced Robin
whnroc1,White-necked Rockfowl,White-necked Rockfowl
gynroc1,Grey-necked Rockfowl,Gray-necked Rockfowl
rufroc1,Cape Rockjumper,Cape Rockjumper
orbroc1,Drakensberg Rockjumper,Drakensberg Rockjumper
marbab1,Rail-babbler,Malaysian Rail-babbler
yebhyl1,Yellow-bellied Hyliota,Yellow-bellied Hyliota
souhyl1,Southern Hyliota,Southern Hyliota
usahyl1,Usambara Hyliota,Usambara Hyliota
vibhyl1,Violet-backed Hyliota,Violet-backed Hyliota
faifly1,Fairy Flycatcher,Fairy Flycatcher
yebfan1,黄腹扇尾鹟,Yellow-bellied Fairy-Fantail
afbfly1,African Blue Flycatcher,African Blue Flycatcher
wtbfly1,White-tailed Blue Flycatcher,White-tailed Blue Flycatcher
ducfly1,Dusky Crested Flycatcher,Dusky Crested Flycatcher
wbcfly1,White-bellied Crested Flycatcher,White-bellied Crested Flycatcher
whbcrf1,White-bellied Crested Flycatcher (White-bellied),White-bellied Crested Flycatcher (White-bellied)
whbcrf2,White-bellied Crested Flycatcher (Toro),White-bellied Crested Flycatcher (Toro)
wtcfly1,White-tailed Crested Flycatcher,White-tailed Crested Flycatcher
gyhcaf1,方尾鹟,Gray-headed Canary-Flycatcher
citcaf1,Citrine Canary-flycatcher,Citrine Canary-Flycatcher
fictit1,火冠雀,Fire-capped Tit
yebtit3,黄眉林雀,Yellow-browed Tit
sultit1,冕雀,Sultan Tit
sultit3,冕雀 (黄冠),Sultan Tit (Yellow-crested)
sultit2,冕雀 (gayeti),Sultan Tit (Black-crested)
coatit2,煤山雀,Coal Tit
coatit1,煤山雀 (britannicus/hibernicus),Coal Tit (British)
coatit3,煤山雀 (欧亚),Coal Tit (Continental)
coatit4,煤山雀 (ledouci/atlas),Coal Tit (Atlas)
coatit5,煤山雀 (cypriotes),Coal Tit (Cyprus)
coatit6,煤山雀 [phaeonotus Group],Coal Tit (Caucasus)
bkctit2,煤山雀 (栗胁),Coal Tit (Black-crested)
coatit7,煤山雀 (西部),Coal Tit (Himalayan)
coatit8,煤山雀 (华南),Coal Tit (Chinese)
bkbtit2,棕枕山雀,Rufous-naped Tit
ruvtit2,黑冠山雀,Rufous-vented Tit
y01066,棕枕山雀/黑冠山雀,Rufous-naped/Rufous-vented Tit
yebtit4,黄腹山雀,Yellow-bellied Tit
eletit2,Elegant Tit,Elegant Tit
paltit2,Palawan Tit,Palawan Tit
cretit2,Crested Tit,Crested Tit
gyctit1,褐冠山雀,Gray-crested Tit
vartit3,台湾杂色山雀,Chestnut-bellied Tit
vartit2,Iriomote Tit,Iriomote Tit
vartit1,杂色山雀,Varied Tit
y00982,台湾杂色山雀/杂色山雀,Chestnut-bellied/Varied Tit
vartit4,Owston's Tit,Owston's Tit
whftit2,White-fronted Tit,White-fronted Tit
whbtit4,白眉山雀,White-browed Tit
somtit3,Sombre Tit,Sombre Tit
pedtit1,红腹山雀,Pere David's Tit
martit2,沼泽山雀,Marsh Tit
castit2,Caspian Tit,Caspian Tit
bkbtit1,黑喉山雀,Black-bibbed Tit
wiltit1,褐头山雀,Willow Tit
wiltit2,褐头山雀 (欧亚北部),Willow Tit (Willow)
sontit2,褐头山雀 (桑加山雀),Willow Tit (Songar)
y00696,沼泽山雀/褐头山雀,Marsh/Willow Tit
sictit1,川褐头山雀,Sichuan Tit
carchi,Carolina Chickadee,Carolina Chickadee
bkcchi,Black-capped Chickadee,Black-capped Chickadee
x00195,Carolina x Black-capped Chickadee (hybrid),Carolina x Black-capped Chickadee (hybrid)
y00033,Carolina/Black-capped Chickadee,Carolina/Black-capped Chickadee
mouchi,Mountain Chickadee,Mountain Chickadee
mouchi3,Mountain Chickadee (Rocky Mts.),Mountain Chickadee (Rocky Mts.)
mouchi4,Mountain Chickadee (Pacific),Mountain Chickadee (Pacific)
x00623,Black-capped x Mountain Chickadee (hybrid),Black-capped x Mountain Chickadee (hybrid)
y00983,Black-capped/Mountain Chickadee,Black-capped/Mountain Chickadee
mexchi,Mexican Chickadee,Mexican Chickadee
x01055,Mountain x Mexican Chickadee (hybrid),Mountain x Mexican Chickadee (hybrid)
chbchi,Chestnut-backed Chickadee,Chestnut-backed Chickadee
x01012,Mountain x Chestnut-backed Chickadee (hybrid),Mountain x Chestnut-backed Chickadee (hybrid)
borchi2,Boreal Chickadee,Boreal Chickadee
x00708,Black-capped x Boreal Chickadee (hybrid),Black-capped x Boreal Chickadee (hybrid)
x00637,Mountain x Boreal Chickadee (hybrid),Mountain x Boreal Chickadee (hybrid)
gyhchi,西伯利亚山雀,Gray-headed Chickadee
x00743,褐头山雀x西伯利亚山雀 (杂交),Willow Tit x Gray-headed Chickadee (hybrid)
chicka1,未识别的Poecile属山雀,chickadee sp.
blutit,Eurasian Blue Tit,Eurasian Blue Tit
afbtit2,African Blue Tit,African Blue Tit
azutit2,灰蓝山雀,Azure Tit
azutit1,灰蓝山雀 (白腹),Azure Tit (Azure)
yebtit5,灰蓝山雀 (黄胸),Azure Tit (Yellow-breasted)
x00965,Eurasian Blue x Azure Tit (hybrid),Eurasian Blue x Azure Tit (hybrid)
y01148,Eurasian Blue/Azure Tit,Eurasian Blue/Azure Tit
britit,Bridled Titmouse,Bridled Titmouse
oaktit,Oak Titmouse,Oak Titmouse
juntit1,Juniper Titmouse,Juniper Titmouse
y01149,Bridled/Juniper Titmouse,Bridled/Juniper Titmouse
y00326,Oak/Juniper Titmouse (Plain Titmouse),Oak/Juniper Titmouse (Plain Titmouse)
tuftit,Tufted Titmouse,Tufted Titmouse
x00709,Carolina Chickadee x Tufted Titmouse (hybrid),Carolina Chickadee x Tufted Titmouse (hybrid)
x00642,Black-capped Chickadee x Tufted Titmouse (hybrid),Black-capped Chickadee x Tufted Titmouse (hybrid)
blctit4,Black-crested Titmouse,Black-crested Titmouse
bcxtit1,Tufted x Black-crested Titmouse (hybrid),Tufted x Black-crested Titmouse (hybrid)
y00327,Tufted/Black-crested Titmouse,Tufted/Black-crested Titmouse
grotit1,地山雀,Ground Tit
grbtit1,绿背山雀,Green-backed Tit
gretit1,欧亚大山雀,Great Tit
gretit3,欧亚大山雀 (欧洲),Great Tit (Great)
turtit1,欧亚大山雀 (西域山雀),Great Tit (Turkestan)
cintit13,大山雀,Asian Tit
gretit2,大山雀 (苍背山雀),Asian Tit (Cinereous)
japtit4,大山雀 (远东山雀，绿背),Asian Tit (Japanese)
japtit2,大山雀 (远东山雀，灰背),Asian Tit (commixtus)
japtit1,大山雀 (amamiensis),Asian Tit (Amami)
japtit5,大山雀 (okinawae),Asian Tit (Okinawa)
japtit3,大山雀 (nigriloris),Asian Tit (Ishigaki)
y01315,欧亚大山雀/大山雀,Great/Asian Tit
parus1,未识别的Parus属山雀,Parus sp.
whwtit2,White-naped Tit,White-naped Tit
yeltit2,台湾黄山雀,Taiwan Yellow Tit
blltit1,眼纹黄山雀,Himalayan Black-lored Tit
indtit1,Indian Black-lored Tit,Indian Yellow Tit
yectit1,黄颊山雀,Yellow-cheeked Tit
whsblt1,White-shouldered Black Tit,White-shouldered Black-Tit
whwblt3,White-winged Black Tit,White-winged Black-Tit
rubtit3,Rufous-bellied/Cinnamon-breasted Tit,Rufous-bellied Tit
rubtit1,Rufous-bellied Tit,Rufous-bellied Tit (Rufous-bellied)
rubtit2,Cinnamon-breasted Tit,Rufous-bellied Tit (Cinnamon-breasted)
whbtit5,White-bellied Tit,White-bellied Tit
soublt1,Southern Black Tit,Southern Black-Tit
cartit2,Carp's Tit,Carp's Tit
y01302,Southern Black Tit/Carp's Tit,Southern Black-Tit/Carp's Tit
dustit2,Dusky Tit,Dusky Tit
miotit2,Miombo Tit,Miombo Tit
stbtit2,Stripe-breasted Tit,Stripe-breasted Tit
somtit4,Acacia Tit,Somali Tit
rettit2,Red-throated Tit,Red-throated Tit
whbblt1,White-backed Black Tit,White-backed Black-Tit
ashtit2,Ashy Tit,Ashy Tit
grytit1,Grey Tit,Gray Tit
y01303,Ashy/Grey Tit,Ashy/Gray Tit
afrtit1,african tit sp.,african tit sp.
parid1,未识别的山雀科鸟类,parid sp.
verdin,Verdin,Verdin
euptit1,欧亚攀雀,Eurasian Penduline-Tit
bhptit1,黑头攀雀,Black-headed Penduline-Tit
x01080,欧亚攀雀x黑头攀雀 (杂交),Eurasian x Black-headed Penduline-Tit (hybrid)
y01265,欧亚攀雀/黑头攀雀,Eurasian/Black-headed Penduline-Tit
wcptit1,白冠攀雀,White-crowned Penduline-Tit
y01388,欧亚攀雀/白冠攀雀,Eurasian/White-crowned Penduline-Tit
chptit1,中华攀雀,Chinese Penduline-Tit
remiz1,未识别的Remiz属攀雀,Remiz sp.
septit1,Sennar Penduline Tit,Sennar Penduline-Tit
mcptit1,Mouse-colored Penduline Tit,Mouse-colored Penduline-Tit
yeptit1,Yellow Penduline Tit,Yellow Penduline-Tit
foptit1,Forest Penduline Tit,Forest Penduline-Tit
afptit1,Grey Penduline Tit,African Penduline-Tit
afrpet2,Grey Penduline Tit (White-bellied),African Penduline-Tit (White-bellied)
afrpet1,Grey Penduline Tit (Buff-bellied),African Penduline-Tit (Buff-bellied)
afrpet3,Grey Penduline Tit (Yellow-bellied),African Penduline-Tit (Yellow-bellied)
afrpet4,Grey Penduline Tit (Slaty-backed),African Penduline-Tit (Slaty-backed)
afrpet5,Grey Penduline Tit (Buff-vented),African Penduline-Tit (Buff-vented)
soptit1,Cape Penduline Tit,Southern Penduline-Tit
y01365,African/Southern Penduline Tit,African/Southern Penduline-Tit
sphlar12,Spike-heeled Lark,Spike-heeled Lark
beelar1,Beesley's Lark,Beesley's Lark
grhlar1,Greater Hoopoe-Lark,Greater Hoopoe-Lark
grehol1,Greater Hoopoe-Lark (Cape Verde),Greater Hoopoe-Lark (Cape Verde)
grehol2,Greater Hoopoe-Lark (Mainland),Greater Hoopoe-Lark (Mainland)
lehlar1,Lesser Hoopoe-Lark,Lesser Hoopoe-Lark
gralar2,Gray's Lark,Gray's Lark
shclar1,Short-clawed Lark,Short-clawed Lark
klblar6,Karoo/Benguela Long-billed Lark,Karoo Long-billed Lark
benlar1,Benguela Long-billed Lark,Karoo Long-billed Lark (Benguela)
klblar1,Karoo Long-billed Lark,Karoo Long-billed Lark (Karoo)
elblar1,Eastern Long-billed Lark,Eastern Long-billed Lark
y00415,Cape/Agulhas Long-billed Lark,Cape Long-billed Lark
caplar1,Cape Long-billed Lark,Cape Long-billed Lark (Cape)
agular1,Agulhas Long-billed Lark,Cape Long-billed Lark (Agulhas)
loblar1,long-billed lark sp.,long-billed lark sp.
rurlar1,Rufous-rumped Lark,Rufous-rumped Lark
duslar1,Dusky Lark,Dusky Lark
thblar1,Thick-billed Lark,Thick-billed Lark
batlar1,Bar-tailed Lark,Bar-tailed Lark
rutlar2,Rufous-tailed Lark,Rufous-tailed Lark
deslar1,Desert Lark,Desert Lark
ammoma1,Ammomanes sp.,Ammomanes sp.
beslar1,Black-eared Sparrow-Lark,Black-eared Sparrow-Lark
madlar1,Madagascar Lark,Madagascar Lark
cbslar1,Chestnut-backed Sparrow-Lark,Chestnut-backed Sparrow-Lark
bcslar1,Black-crowned Sparrow-Lark,Black-crowned Sparrow-Lark
ascspl1,Ashy-crowned Sparrow-Lark,Ashy-crowned Sparrow-Lark
chhspl1,Chestnut-headed Sparrow-Lark,Chestnut-headed Sparrow-Lark
gybspl1,Grey-backed Sparrow-Lark,Gray-backed Sparrow-Lark
fislar1,Fischer's Sparrow-Lark,Fischer's Sparrow-Lark
sparro2,sparrow-lark sp.,sparrow-lark sp.
ruslar1,Rusty Bush Lark,Rusty Lark
sablar2,Sabota Lark,Sabota Lark
sablar1,Sabota Lark (Bradfield's),Sabota Lark (Bradfield's)
sablar3,Sabota Lark (Sabota),Sabota Lark (Sabota)
gillar1,Gillett's Lark,Gillett's Lark
piblar3,Pink-breasted Lark,Pink-breasted Lark
faclar8,Fawn-colored/Foxy Lark,Fawn-colored Lark
faclar2,Fawn-colored Lark,Fawn-colored Lark (Fawn-colored)
foxlar1,Foxy Lark,Fawn-colored Lark (Foxy)
karlar2,Karoo Lark,Karoo Lark
ferlar2,Red Lark,Red Lark
dunlar5,Dune Lark,Dune Lark
barlar2,Dune Lark (Barlow's),Dune Lark (Barlow's)
barlar4,Dune Lark (Coastal),Dune Lark (Coastal)
barlar3,Dune Lark (Cave's),Dune Lark (Cave's)
dunlar3,Dune Lark (Dune),Dune Lark (Dune)
x00863,Karoo x Dune Lark (hybrid),Karoo x Dune Lark (hybrid)
liblar1,Archer's Lark,Liben Lark
rudlar1,Rudd's Lark,Rudd's Lark
burbus1,Burmese Bush Lark,Burmese Bushlark
indbus3,Indochinese Bush Lark,Indochinese Bushlark
jerbus2,Jerdon's Bush Lark,Jerdon's Bushlark
indbus2,Indian Bush Lark,Indian Bushlark
benbus1,棕翅歌百灵,Bengal Bushlark
y00744,Jerdon's/Indian Bush Lark,Jerdon's/Indian Bushlark
monlar2,Monotonous Lark,Monotonous Lark
korlar1,Kordofan Lark,Kordofan Lark
willar1,Williams's Lark,Williams's Lark
frilar1,Friedmann's Lark,Friedmann's Lark
whtlar1,White-tailed Lark,White-tailed Lark
latlar1,Melodious Lark,Melodious Lark
sinbus6,歌百灵,Singing Bushlark
sinbus1,歌百灵 (西非至南亚),Singing Bushlark (Singing)
ausbus2,歌百灵 (东南亚至澳洲),Singing Bushlark (Australasian)
y01340,Indochinese/Singing Bushlark,Indochinese/Singing Bushlark
y01118,Indian/Singing Bushlark,Indian/Singing Bushlark
y01344,Plocealauda/Mirafra sp.,Plocealauda/Mirafra sp.
mirafr1,Mirafra sp.,Mirafra sp.
collar1,Collared Lark,Collared Lark
flalar1,Flappet Lark,Flappet Lark
anglar1,Angola Lark,Angola Lark
higlar1,Highland Lark,Highland Lark
runlar3,Highland Lark (Sudan),Highland Lark (Sudan)
runlar4,Highland Lark (Bamenda),Highland Lark (Bamenda)
higlar2,Highland Lark (Western),Highland Lark (Western)
caclar1,Cape Clapper Lark,Cape Clapper Lark
caclar2,Cape Clapper Lark (Cape),Cape Clapper Lark (Cape)
caclar3,Cape Clapper Lark (Agulhas),Cape Clapper Lark (Agulhas)
eaclar1,Eastern Clapper Lark,Eastern Clapper Lark
plalar1,Plains Lark,Plains Lark
runlar18,Plains Lark (Kabali's),Plains Lark (Kabali's)
runlar8,Plains Lark (Malbrant's),Plains Lark (Malbrant's)
runlar7,Plateau Lark,Plateau Lark
runlar1,Rufous-naped Lark,Rufous-naped Lark
runlar5,Rufous-naped Lark (Rufous-naped),Rufous-naped Lark (Rufous-naped)
runlar6,Rufous-naped Lark (Serengeti),Rufous-naped Lark (Serengeti)
y01341,Plains/Rufous-naped Lark,Plains/Rufous-naped Lark
y01342,Plateau/Rufous-naped Lark,Plateau/Rufous-naped Lark
senlar1,Sentinel Lark,Sentinel Lark
y01343,Rufous-naped/Sentinel Lark,Rufous-naped/Sentinel Lark
slblar1,Somali Lark,Somali Lark
ashlar1,Somali Lark (Ash's),Somali Lark (Ash's)
slblar4,Somali Lark (Somali),Somali Lark (Somali)
rewlar1,Red-winged Lark,Red-winged Lark
rewlar6,Red-winged Lark (Red-winged),Red-winged Lark (Red-winged)
rewlar3,Red-winged Lark (Rift Valley),Red-winged Lark (Rift Valley)
runlar2,Russet Lark,Russet Lark
kidlar1,Kidepo Lark,Kidepo Lark
coryph1,Corypha sp.,Corypha sp.
woolar1,Woodlark,Wood Lark
stalar2,Stark's Lark,Stark's Lark
maslar1,Masked Lark,Masked Lark
piblar1,Pink-billed Lark,Pink-billed Lark
botlar1,Botha's Lark,Botha's Lark
shtlar1,Short-tailed Lark,Short-tailed Lark
obblar1,Obbia Lark,Obbia Lark
scllar1,Sclater's Lark,Sclater's Lark
whwlar1,白翅云雀 (白翅百灵),White-winged Lark
razsky1,Raso Lark,Raso Skylark
skylar,云雀,Eurasian Skylark
skylar1,云雀 (欧洲),Eurasian Skylark (European)
skylar2,云雀 (亚洲),Eurasian Skylark (Asian)
eursky1,云雀 (东北亚),Eurasian Skylark (Far Eastern)
orisky1,小云雀,Oriental Skylark
y00652,云雀/小云雀,Eurasian/Oriental Skylark
sunlar1,Sun Lark,Sun Lark
lablar1,Large-billed Lark,Large-billed Lark
tawlar1,Sykes's Lark,Tawny Lark
thelar1,Thekla's Lark,Thekla's Lark
crelar1,凤头百灵,Crested Lark
crelar2,凤头百灵 (广布),Crested Lark (Crested)
crelar3,凤头百灵 (西北非),Crested Lark (Maghreb)
y00980,Thekla's/Crested Lark,Thekla's/Crested Lark
mallar1,Malabar Lark,Malabar Lark
y00417,Crested/Malabar Lark,Crested/Malabar Lark
galeri1,Galerida sp.,Galerida sp.
horlar,角百灵,Horned Lark
horlar5,角百灵 (atlas),Horned Lark (Atlas)
horlar6,角百灵 (西亚至中亚，黑颈),Horned Lark (Black-necklaced)
horlar7,角百灵 (青藏，黑额),Horned Lark (Tibetan)
horlar8,角百灵 (北方，白脸),Horned Lark (Brandt's)
horlar4,角百灵 (极北，黄脸),Horned Lark (Shore)
horlar3,角百灵 [alpestris Group],Horned Lark (Eastern dark Group)
horlar2,角百灵 [occidentalis Group],Horned Lark (Western pale Group)
horlar1,角百灵 [strigata Group],Horned Lark (Western rufous Group)
horlar9,角百灵 (enertera),Horned Lark (South Baja)
horlar10,角百灵 [chrysolaema Group],Horned Lark (Mexican)
horlar11,角百灵 (peregrina),Horned Lark (Colombian)
temlar1,Temminck's Lark,Temminck's Lark
y00898,Horned/Temminck's Lark,Horned/Temminck's Lark
blalar4,Rufous-capped Lark,Rufous-capped Lark
blalar2,Blanford's Lark,Blanford's Lark
blalar3,Blanford's Lark (Blanford's),Blanford's Lark (Blanford's)
erllar1,Blanford's Lark (Erlanger's),Blanford's Lark (Erlanger's)
gstlar1,大短趾百灵,Greater Short-toed Lark
reclar1,Red-capped Lark,Red-capped Lark
humlar1,细嘴短趾百灵,Hume's Lark
y00897,大短趾百灵/细嘴短趾百灵,Greater Short-toed/Hume's Lark
sstlar4,蒙古短趾百灵,Mongolian Short-toed Lark
y01042,大短趾百灵/蒙古短趾百灵,Greater/Mongolian Short-toed Lark
y00416,蒙古短趾百灵/细嘴短趾百灵,Hume's Lark/Mongolian Short-toed Lark
caland1,Calandrella sp.,Calandrella sp.
bimlar1,双斑百灵 (二斑百灵),Bimaculated Lark
tiblar1,长嘴百灵,Tibetan Lark
monlar1,蒙古百灵,Mongolian Lark
callar1,草原百灵,Calandra Lark
y00687,双斑百灵/草原百灵,Bimaculated/Calandra Lark
blalar1,黑百灵,Black Lark
duplar1,Dupont's Lark,Dupont's Lark
dunlar1,Dunn's Lark,Dunn's Lark
dunlar4,Arabian Lark,Arabian Lark
dunlar2,Dunn's/Arabian Lark,Dunn's/Arabian Lark
sstlar1,Somali/Athi Short-toed Lark,Somali Short-toed Lark
sstlar2,Somali Short-toed Lark,Somali Short-toed Lark (Somali)
sstlar3,Athi Short-toed Lark,Somali Short-toed Lark (Athi)
lstlar2,亚洲短趾百灵,Asian Short-toed Lark
mstlar1,Mediterranean Short-toed Lark,Mediterranean Short-toed Lark
tstlar1,中亚短趾百灵,Turkestan Short-toed Lark
lstlar1,亚洲短趾百灵/中亚短趾百灵,Asian/Turkestan Short-toed Lark
lstlar3,Mediterranean/Turkestan Short-toed Lark,Mediterranean/Turkestan Short-toed Lark
sanlar1,恒河沙百灵,Sand Lark
alauda1,未识别的Alaudala属短趾百灵,Alaudala sp.
y00675,大短趾百灵/未识别的Alaudala属短趾百灵,Greater Short-toed Lark/Alaudala sp.
y00979,未识别的短趾百灵,Calandrella/Alaudala sp.
lark1,未识别的百灵科鸟类,lark sp.
bearee1,文须雀,Bearded Reedling
yesnic1,Western Nicator,Western Nicator
easnic1,Eastern Nicator,Eastern Nicator
yetnic1,Yellow-throated Nicator,Yellow-throated Nicator
y00896,Western/Yellow-throated Nicator,Western/Yellow-throated Nicator
grecro1,Green Crombec,Green Crombec
lebcro1,Lemon-bellied Crombec,Lemon-bellied Crombec
whbcro2,White-browed Crombec,White-browed Crombec
whbcro1,White-browed Crombec (White-browed),White-browed Crombec (White-browed)
whbcro3,White-browed Crombec (Lendu),White-browed Crombec (Lendu)
norcro1,Northern Crombec,Northern Crombec
norcro3,Northern Crombec (Northern),Northern Crombec (Northern)
norcro2,Northern Crombec (Eastern),Northern Crombec (Eastern)
shbcro1,Philippa's Crombec,Short-billed Crombec
reccro1,Red-capped Crombec,Red-capped Crombec
refcro1,Red-faced Crombec,Red-faced Crombec
somcro1,Somali Crombec,Somali Crombec
capcro1,Long-billed Crombec,Long-billed Crombec
crombe1,crombec sp.,crombec sp.
damroc1,Rockrunner,Rockrunner
mogwar1,Moustached Grass Warbler,Moustached Grass-Warbler
capgra1,Cape Grassbird,Cape Grassbird
viswar1,Victorin's Warbler,Victorin's Warbler
kemlon1,Kemp's Longbill,Kemp's Longbill
yellon1,Yellow Longbill,Yellow Longbill
grylon1,Grey Longbill,Gray Longbill
pullon1,Pulitzer's Longbill,Pulitzer's Longbill
krelon1,Kretschmer's Longbill,Kretschmer's Longbill
longbi1,longbill sp.,longbill sp.
comjer1,Common Jery,Common Jery
grejer1,Green Jery,Green Jery
sttjer1,Stripe-throated Jery,Stripe-throated Jery
sttjer2,Stripe-throated Jery (Stripe-throated),Stripe-throated Jery (Stripe-throated)
sttjer3,Stripe-throated Jery (Subdesert),Stripe-throated Jery (Subdesert)
jery1,jery sp.,jery sp.
mitbab1,Visayan Miniature Babbler,Leyte Plumed-Warbler
minmib1,Mindanao Miniature Babbler,Mindanao Plumed-Warbler
yevere1,Yellow-vented Eremomela,Yellow-vented Eremomela
yebere1,Yellow-bellied Eremomela,Yellow-bellied Eremomela
yebere11,Yellow-bellied Eremomela (Yellow-bellied),Yellow-bellied Eremomela (Yellow-bellied)
salere1,Yellow-bellied Eremomela (Salvadori's),Yellow-bellied Eremomela (Salvadori's)
senere1,Senegal Eremomela,Senegal Eremomela
grbere1,Green-backed Eremomela,Green-backed Eremomela
greere1,Green-capped Eremomela,Green-capped Eremomela
yerere1,Karoo Eremomela,Karoo Eremomela
rucere1,Rufous-crowned Eremomela,Rufous-crowned Eremomela
turere1,Turner's Eremomela,Turner's Eremomela
blnere1,Black-necked Eremomela,Black-necked Eremomela
bunere1,Burnt-necked Eremomela,Burnt-neck Eremomela
eremom1,Eremomela sp.,eremomela sp.
rwgwar2,Red-winged Grey Warbler,Red-winged Gray Warbler
silpri2,Sierra Leone Prinia,Sierra Leone Prinia
whcpri2,White-chinned Prinia,White-chinned Prinia
robpri1,Roberts's Warbler,Roberts's Warbler
nampri1,Namaqua Warbler,Namaqua Warbler
grnlon1,Green Longtail,Green Longtail
grnlon2,Green Longtail (Green),Green Longtail (Green)
grnlon3,Green Longtail (Bioko),Green Longtail (Bioko)
blcapa2,Black-collared Apalis,Black-collared Apalis
ruwapa1,Rwenzori Apalis,Rwenzori Apalis
afrtai2,Red-capped Forest Warbler,African Tailorbird
lobtai1,Long-billed Forest Warbler,Long-billed Tailorbird
lobtai2,Long-billed Forest Warbler (Long-billed),Long-billed Tailorbird (Long-billed)
lobtai3,Long-billed Forest Warbler (Njesi),Long-billed Tailorbird (Njesi)
whtwar1,White-tailed Warbler,White-tailed Warbler
whtwar2,White-tailed Warbler (Highland),White-tailed Warbler (Highland)
whtwar3,White-tailed Warbler (Alexander's),White-tailed Warbler (Alexander's)
whtwar4,White-tailed Warbler (Bioko),White-tailed Warbler (Bioko)
miowrw2,Miombo Wren-Warbler,Miombo Wren-Warbler
miowrw3,Stierling's Wren-Warbler,Stierling's Wren-Warbler
x00966,Miombo x Stierling's Wren-Warbler (hybrid),Miombo x Stierling's Wren-Warbler (hybrid)
miowrw1,Miombo/Stierling's Wren-Warbler,Miombo/Stierling's Wren-Warbler
grywrw1,Grey Wren-Warbler,Gray Wren-Warbler
bawwar1,Barred Wren-Warbler,Barred Wren-Warbler
y01389,Stierling's/Barred Wren-Warbler,Stierling's/Barred Wren-Warbler
grbcam1,Green-backed/Grey-backed Camaroptera,Green-backed Camaroptera
gnbcam2,Grey-backed Camaroptera,Green-backed Camaroptera (Gray-backed)
gnbcam1,Green-backed Camaroptera,Green-backed Camaroptera (Green-backed)
gnbcam3,Hartert's Camaroptera,Hartert's Camaroptera
y01150,Green-backed/Hartert's Camaroptera,Green-backed/Hartert's Camaroptera
yebcam1,Yellow-browed Camaroptera,Yellow-browed Camaroptera
olgcam1,Olive-green Camaroptera,Olive-green Camaroptera
olgcam2,Olive-green Camaroptera (Olive-green),Olive-green Camaroptera (Olive-green)
olgcam3,Olive-green Camaroptera (Tawny-breasted),Olive-green Camaroptera (Tawny-breasted)
camaro1,Camaroptera sp.,camaroptera sp.
crilon1,Cricket Warbler,Cricket Longtail
bubwar2,Buff-bellied Warbler,Buff-bellied Warbler
batapa2,Bar-throated Apalis,Bar-throated Apalis
batapa4,Taita Apalis,Taita Apalis
batapa3,Yellow-throated Apalis,Yellow-throated Apalis
batapa5,Namuli Apalis,Namuli Apalis
blcapa1,Black-capped Apalis,Black-capped Apalis
bkcapa1,Black-capped Apalis (Black-capped),Black-capped Apalis (Black-capped)
bkcapa2,Black-capped Apalis (White-tailed),Black-capped Apalis (White-tailed)
bltapa1,Black-throated Apalis,Black-throated Apalis
whwapa1,White-winged Apalis,White-winged Apalis
masapa1,Lowland Masked Apalis,Masked Apalis
blfapa1,Mountain Masked Apalis,Black-faced Apalis
yebapa1,Yellow-breasted/Brown-tailed Apalis,Yellow-breasted Apalis
yebapa2,Brown-tailed Apalis,Yellow-breasted Apalis (Brown-tailed)
yebapa3,Yellow-breasted Apalis,Yellow-breasted Apalis (Yellow-breasted)
rudapa1,Rudd's Apalis,Rudd's Apalis
shaapa2,Sharpe's Apalis,Sharpe's Apalis
butapa1,Buff-throated Apalis,Buff-throated Apalis
butapa2,Buff-throated Apalis (Black-breasted),Buff-throated Apalis (Black-breasted)
butapa3,Buff-throated Apalis (Angola),Buff-throated Apalis (Angola)
butapa4,Buff-throated Apalis (Buff-throated),Buff-throated Apalis (Buff-throated)
kunapa1,Kungwe Apalis,Kungwe Apalis
bamapa1,Bamenda Apalis,Bamenda Apalis
gosapa1,Gosling's Apalis,Gosling's Apalis
chtapa2,Kabobo Apalis,Kabobo Apalis
chtapa3,Chestnut-throated Apalis,Chestnut-throated Apalis
chaapa1,Chapin's Apalis,Chapin's Apalis
blhapa1,Black-headed Apalis,Black-headed Apalis
chiapa1,Chirinda Apalis,Chirinda Apalis
gryapa1,Grey Apalis,Gray Apalis
gryapa2,Grey Apalis (Sclater's),Gray Apalis (Sclater's)
gryapa3,Grey Apalis (Angola),Gray Apalis (Angola)
gryapa4,Grey Apalis (Grey),Gray Apalis (Gray)
brhapa1,Brown-headed Apalis,Brown-headed Apalis
karapa2,Karamoja Apalis,Karamoja Apalis
karapa3,Maasai Apalis,Maasai Apalis
apalis1,Apalis sp.,apalis sp.
comtai1,长尾缝叶莺,Common Tailorbird
ruftai1,Rufous-fronted Tailorbird,Rufous-fronted Tailorbird
dantai1,黑喉缝叶莺,Dark-necked Tailorbird
y01175,长尾缝叶莺/黑喉缝叶莺,Common/Dark-necked Tailorbird
camtai1,Cambodian Tailorbird,Cambodian Tailorbird
ashtai1,Ashy Tailorbird,Ashy Tailorbird
y01176,Dark-necked/Ashy Tailorbird,Dark-necked/Ashy Tailorbird
olbtai1,Olive-backed Tailorbird,Olive-backed Tailorbird
ruttai1,Rufous-tailed Tailorbird,Rufous-tailed Tailorbird
phitai1,Philippine Tailorbird,Visayan Tailorbird
gybtai1,Grey-backed Tailorbird,Gray-backed Tailorbird
gnbtai1,Trilling Tailorbird,Green-backed Tailorbird
yebtai1,Yellow-breasted Tailorbird,Yellow-breasted Tailorbird
whbtai1,Black-headed Tailorbird,White-browed Tailorbird
whetai1,White-eared Tailorbird,White-eared Tailorbird
tailor1,未识别的Orthotomus属缝叶莺,tailorbird sp.
strpri2,喜山山鹪莺,Himalayan Prinia
strpri8,山鹪莺,Striped Prinia
brnpri2,缅甸山鹪莺,Burmese Prinia
brnpri3,越南山鹪莺,Annam Prinia
bropri1,褐山鹪莺,Brown Prinia
y00442,缅甸山鹪莺/褐山鹪莺,Burmese/Brown Prinia
hilpri1,黑胸山鹪莺,Black-throated Prinia
bktpri2,Rufous-crowned Prinia,Rufous-crowned Prinia
hilpri2,黑喉山鹪莺,Hill Prinia
gycpri1,Grey-crowned Prinia,Gray-crowned Prinia
rufpri2,Rufous-fronted Prinia,Rufous-fronted Prinia
rufpri1,暗冕山鹪莺,Rufescent Prinia
gybpri1,灰胸山鹪莺,Gray-breasted Prinia
y01177,暗冕山鹪莺/灰胸山鹪莺,Rufescent/Gray-breasted Prinia
bawpri1,Bar-winged Prinia,Bar-winged Prinia
grapri1,Graceful Prinia,Graceful Prinia
delpri1,娇美山鹪莺,Delicate Prinia
y00443,Graceful/Delicate Prinia,Graceful/Delicate Prinia
junpri1,Jungle Prinia,Jungle Prinia
yebpri1,黄腹山鹪莺,Yellow-bellied Prinia
yebpri2,黄腹山鹪莺 (西南，黄腹),Yellow-bellied Prinia (Yellow-bellied)
yebpri3,黄腹山鹪莺 (华南，淡黄腹),Yellow-bellied Prinia (Chinese)
ashpri1,Ashy Prinia,Ashy Prinia
y01001,Yellow-bellied/Ashy Prinia,Yellow-bellied/Ashy Prinia
tafpri1,Tawny-flanked Prinia,Tawny-flanked Prinia
plapri1,纯色山鹪莺,Plain Prinia
palpri1,Pale Prinia,Pale Prinia
rivpri1,River Prinia,River Prinia
blcpri1,Black-chested Prinia,Black-chested Prinia
y01304,Tawny-flanked/Black-chested Prinia,Tawny-flanked/Black-chested Prinia
karpri1,Karoo Prinia,Karoo Prinia
x01241,Black-chested x Karoo Prinia (hybrid),Black-chested x Karoo Prinia (hybrid)
drapri1,Drakensberg Prinia,Drakensberg Prinia
y01305,Karoo/Drakensberg Prinia,Karoo/Drakensberg Prinia
satpri1,Sao Tome Prinia,Sao Tome Prinia
banpri1,Banded/Black-faced Prinia,Banded Prinia
banpri2,Banded Prinia,Banded Prinia (Banded)
banpri3,Black-faced Prinia,Banded Prinia (Black-faced)
rewpri1,Red-winged Prinia,Red-winged Prinia
refwar2,Red-fronted Prinia,Red-fronted Prinia
refwar1,Red-fronted Prinia (Red-fronted),Red-fronted Prinia (Red-fronted)
refwar3,Red-fronted Prinia (Rufous-backed),Red-fronted Prinia (Rufous-backed)
prinia1,未识别的山鹪莺,prinia sp.
kopwar1,Cinnamon-breasted Warbler,Cinnamon-breasted Warbler
mrmwar1,Winifred's/Rubeho Warbler,Mrs. Moreau's Warbler
mrmwar2,Winifred's Warbler,Mrs. Moreau's Warbler (Mrs. Moreau's)
mrmwar3,Rubeho Warbler,Mrs. Moreau's Warbler (Rubeho)
socwar2,Socotra Warbler,Socotra Warbler
ruewar2,Rufous-eared Warbler,Rufous-eared Warbler
bkcruw1,Black-headed Rufous Warbler,Black-capped Rufous-Warbler
bkfruw1,Black-faced Rufous Warbler,Black-faced Rufous-Warbler
oriwar2,Oriole Warbler,Oriole Warbler
gycwar3,Grey-capped Warbler,Gray-capped Warbler
refcis1,Red-faced Cisticola,Red-faced Cisticola
refcis2,Red-faced Cisticola (Red-faced),Red-faced Cisticola (Red-faced)
refcis3,Red-faced Cisticola (Lepe),Red-faced Cisticola (Lepe)
sincis1,Singing Cisticola,Singing Cisticola
whicis1,Whistling Cisticola,Whistling Cisticola
chacis1,Chattering Cisticola,Chattering Cisticola
tricis1,Trilling Cisticola,Trilling Cisticola
bubcis1,Bubbling Cisticola,Bubbling Cisticola
chucis1,Chubb's Cisticola,Chubb's Cisticola
chucis3,Chubb's Cisticola (Discolored),Chubb's Cisticola (Discolored)
chucis4,Chubb's Cisticola (Chubb's),Chubb's Cisticola (Chubb's)
huncis1,Hunter's Cisticola,Hunter's Cisticola
bllcis1,Black-lored Cisticola,Black-lored Cisticola
kilcis1,Kilombero Cisticola,Kilombero Cisticola
rolcis2,Rock-loving Cisticola,Rock-loving Cisticola
rolcis1,Rock-loving Cisticola (Rock-loving),Rock-loving Cisticola (Rock-loving)
rolcis3,Rock-loving Cisticola (Lazy),Rock-loving Cisticola (Lazy)
rolcis4,Huambo Cisticola,Huambo Cisticola
borcis1,Boran Cisticola,Boran Cisticola
ratcis1,Rattling Cisticola,Rattling Cisticola
ashcis1,Ashy Cisticola,Ashy Cisticola
repcis1,Red-pate Cisticola,Red-pate Cisticola
dorcis1,Dorst's Cisticola,Dorst's Cisticola
grycis1,Tinkling Cisticola,Tinkling Cisticola
rehcis2,Grey-backed Cisticola,Gray-backed Cisticola
rehcis1,Grey-backed Cisticola (Namib),Gray-backed Cisticola (Namib)
rehcis3,Grey-backed Cisticola (Red-headed),Gray-backed Cisticola (Red-headed)
rehcis4,Grey-backed Cisticola (Plain-breasted),Gray-backed Cisticola (Plain-breasted)
waicis2,Lynes's Cisticola,Lynes's Cisticola
waicis1,Wailing Cisticola,Wailing Cisticola
tarcis1,Tana River Cisticola,Tana River Cisticola
chucis2,Churring Cisticola,Churring Cisticola
wincis4,Coastal Cisticola,Coastal Cisticola
whtcis1,White-tailed Cisticola,White-tailed Cisticola
wincis5,Luapula Cisticola,Luapula Cisticola
chicis1,Chirping Cisticola,Chirping Cisticola
wincis6,Ethiopian Cisticola,Ethiopian Cisticola
wincis3,Winding Cisticola,Winding Cisticola
wincis1,Coastal/Luapula/Winding Cisticola,Coastal/Luapula/Winding Cisticola
wincis2,Rufous-winged Cisticola,Rufous-winged Cisticola
carcis1,Carruthers's Cisticola,Carruthers's Cisticola
tincis1,Levaillant's Cisticola,Levaillant's Cisticola
stocis1,Stout Cisticola,Stout Cisticola
stocis2,Stout Cisticola (Western),Stout Cisticola (Western)
stocis3,Stout Cisticola (Stout),Stout Cisticola (Stout)
stocis4,Stout Cisticola (Omo),Stout Cisticola (Omo)
stocis5,Stout Cisticola (Rufous-crowned),Stout Cisticola (Rufous-crowned)
stocis6,Stout Cisticola (Angola),Stout Cisticola (Angola)
crocis1,Croaking Cisticola,Croaking Cisticola
pipcis2,Neddicky,Piping Cisticola
abecis1,Aberdare Cisticola,Aberdare Cisticola
tabcis1,Long-tailed Cisticola,Tabora Cisticola
sltcis1,Black-tailed Cisticola,Slender-tailed Cisticola
sifcis1,Short-winged Cisticola,Siffling Cisticola
rufcis1,Rufous Cisticola,Rufous Cisticola
foxcis1,Foxy Cisticola,Foxy Cisticola
tincis3,Tiny Cisticola,Tiny Cisticola
zitcis1,棕扇尾莺,Zitting Cisticola
zitcis2,棕扇尾莺 (欧亚),Zitting Cisticola (Western)
zitcis3,棕扇尾莺 (terrestris/uropygialis),Zitting Cisticola (African)
zitcis4,棕扇尾莺 (东亚至澳洲),Zitting Cisticola (Double Zitting)
zitcis5,棕扇尾莺 (日本),Zitting Cisticola (Far Eastern)
soccis1,Socotra Cisticola,Socotra Cisticola
madcis2,Madagascar Cisticola,Madagascar Cisticola
descis1,Desert Cisticola,Desert Cisticola
clocis1,Cloud Cisticola,Cloud Cisticola
clocis2,Cloud Cisticola (Cloud),Cloud Cisticola (Cloud)
clocis3,Cloud Cisticola (Cape),Cloud Cisticola (Cape)
blncis1,Black-backed Cisticola,Black-backed Cisticola
bkncis1,Black-backed Cisticola (winneba),Black-backed Cisticola (winneba)
bkncis2,Black-backed Cisticola (Black-backed),Black-backed Cisticola (Black-backed)
clscis1,Dambo Cisticola,Dambo Cisticola
tekcis1,Teke Cisticola (undescribed form),Teke Cisticola (undescribed form)
pepcis1,Pectoral-patch Cisticola,Pectoral-patch Cisticola
pepcis2,Pectoral-patch Cisticola (Lynes's),Pectoral-patch Cisticola (Lynes's)
pepcis3,Pectoral-patch Cisticola (Pectoral-patch),Pectoral-patch Cisticola (Pectoral-patch)
paccis1,Pale-crowned Cisticola,Pale-crowned Cisticola
wiscis1,Wing-snapping Cisticola,Wing-snapping Cisticola
wiscis2,Wing-snapping Cisticola (Gabon),Wing-snapping Cisticola (Gabon)
wiscis3,Wing-snapping Cisticola (Wing-snapping),Wing-snapping Cisticola (Wing-snapping)
gohcis1,金头扇尾莺,Golden-headed Cisticola
y01127,棕扇尾莺/金头扇尾莺,Zitting/Golden-headed Cisticola
cistic1,cisticola sp.,cisticola sp.
grawar1,Grauer's Warbler,Grauer's Warbler
albwar1,Aldabra Brush Warbler,Aldabra Brush-Warbler
malbrw1,Malagasy/Anjouan Brush Warbler,Malagasy Brush-Warbler
anbwar1,Anjouan Brush Warbler,Malagasy Brush-Warbler (Anjouan)
madbrw1,Malagasy Brush Warbler,Malagasy Brush-Warbler (Malagasy)
subbrw1,Subdesert Brush Warbler,Subdesert Brush-Warbler
gcbwar1,Grande Comore Brush Warbler,Grande Comore Brush-Warbler
mohbrw1,Moheli Brush Warbler,Moheli Brush-Warbler
paywar1,Papyrus Yellow Warbler,Papyrus Yellow-Warbler
papyew1,Papyrus Yellow Warbler (Papyrus),Papyrus Yellow-Warbler (Papyrus)
papyew2,Papyrus Yellow Warbler (Zambian),Papyrus Yellow-Warbler (Zambian)
thbwar1,厚嘴苇莺,Thick-billed Warbler
boowar1,靴篱莺,Booted Warbler
sykwar2,赛氏篱莺,Sykes's Warbler
y00643,靴篱莺/赛氏篱莺,Booted/Sykes's Warbler
eaowar1,草绿篱莺,Eastern Olivaceous Warbler
weowar1,西草绿篱莺,Western Olivaceous Warbler
y00623,草绿篱莺/西草绿篱莺,Eastern/Western Olivaceous Warbler
afywar1,African Yellow Warbler,African Yellow-Warbler
moywar1,Mountain Yellow Warbler,Mountain Yellow-Warbler
iduna1,未识别的Iduna属篱莺,Iduna sp.
upcwar1,Upcher's Warbler,Upcher's Warbler
oltwar1,Olive-tree Warbler,Olive-tree Warbler
melwar1,Melodious Warbler,Melodious Warbler
ictwar1,Icterine Warbler,Icterine Warbler
y00644,Melodious/Icterine Warbler,Melodious/Icterine Warbler
hippol1,Hippolais sp.,Hippolais sp.
aquwar1,Aquatic Warbler,Aquatic Warbler
bbrwar1,黑眉苇莺,Black-browed Reed Warbler
strwar1,细纹苇莺,Streaked Reed Warbler
mouwar1,须苇莺,Moustached Warbler
sedwar1,水蒲苇莺,Sedge Warbler
padwar1,稻田苇莺,Paddyfield Warbler
blwwar1,钝翅苇莺,Blunt-winged Warbler
manrew1,远东苇莺,Manchurian Reed Warbler
y00418,黑眉苇莺/远东苇莺,Black-browed/Manchurian Reed Warbler
y00419,钝翅苇莺/远东苇莺,Blunt-winged/Manchurian Reed Warbler
blrwar1,布氏苇莺,Blyth's Reed Warbler
y00751,稻田苇莺/布氏苇莺,Paddyfield/Blyth's Reed Warbler
labrew1,大嘴苇莺,Large-billed Reed Warbler
y01250,布氏苇莺/大嘴苇莺,Blyth's/Large-billed Reed Warbler
y00420,稻田苇莺/钝翅苇莺/布氏苇莺/大嘴苇莺,Paddyfield/Blunt-winged/Blyth's/Large-billed Reed Warbler
marwar3,Marsh Warbler,Marsh Warbler
eurwar1,芦苇莺,Common Reed Warbler
eurrew1,芦苇莺 (欧亚西部),Common Reed Warbler (Common)
eurrew2,芦苇莺 (中亚),Common Reed Warbler (Caspian)
afrrew2,芦苇莺 (avicenniae),Common Reed Warbler (Mangrove)
eurwar3,芦苇莺 (ammon),Common Reed Warbler (Siwa)
afrwar1,芦苇莺 [baeticatus Group],Common Reed Warbler (African)
y01046,Marsh/Common Reed Warbler,Marsh/Common Reed Warbler
barwar2,Basra Reed Warbler,Basra Reed Warbler
leswar1,Lesser Swamp Warbler,Lesser Swamp Warbler
grswar2,Greater Swamp Warbler,Greater Swamp Warbler
cvswar1,Cape Verde Warbler,Cape Verde Swamp Warbler
maswar1,Madagascar Swamp Warbler,Madagascar Swamp Warbler
rodbrw1,Rodrigues Warbler,Rodrigues Warbler
sebwar1,Seychelles Warbler,Seychelles Warbler
grrwar1,大苇莺,Great Reed Warbler
y00667,芦苇莺/大苇莺,Common/Great Reed Warbler
orrwar1,东方大苇莺,Oriental Reed Warbler
clrwar1,噪大苇莺,Clamorous Reed Warbler
clarew3,噪大苇莺 (stentoreus/levantinus),Clamorous Reed Warbler (Clamorous)
clarew2,噪大苇莺 (色淡),Clamorous Reed Warbler (Brown)
y00996,大苇莺/东方大苇莺/噪大苇莺,Great/Oriental/Clamorous Reed Warbler
nigrew1,Nightingale Reed Warbler,Nightingale Reed Warbler
sairew1,Saipan Reed Warbler,Saipan Reed Warbler
aurwar1,Australian Reed Warbler,Australian Reed Warbler
carrew1,Caroline Reed Warbler,Caroline Reed Warbler
agurew1,Aguiguan Reed Warbler,Aguiguan Reed Warbler
chiwar1,Bokikokiko,Kiritimati Reed Warbler
marwar2,Southern Marquesan Reed Warbler,Southern Marquesan Reed Warbler
pagrew1,Pagan Reed Warbler,Pagan Reed Warbler
narwar1,Nauru Reed Warbler,Nauru Reed Warbler
miller,Millerbird,Millerbird
miller1,Millerbird (Nihoa),Millerbird (Nihoa)
miller2,Millerbird (Laysan),Millerbird (Laysan)
pirwar2,Pitcairn Reed Warbler,Pitcairn Reed Warbler
hirwar1,Henderson Reed Warbler,Henderson Island Reed Warbler
cirwar2,Cook Reed Warbler,Cook Islands Reed Warbler
rimrew1,Rimatara Reed Warbler,Rimatara Reed Warbler
soirew1,Garrett's Reed Warbler,Society Islands Reed Warbler
tahrew1,Tahiti Reed Warbler,Tahiti Reed Warbler
moorew1,Moorea Reed Warbler,Moorea Reed Warbler
marrew2,Northern Marquesan Reed Warbler,Northern Marquesan Reed Warbler
turwar1,Tuamotu Reed Warbler,Tuamotu Reed Warbler
manrew2,Mangareva Reed Warbler,Mangareva Reed Warbler
acroce1,未识别的Acrocephalus属苇莺,Acrocephalus sp.
y00908,未识别的篱莺和苇莺,Iduna/Hippolais/Acrocephalus sp.
luzwrb1,Cordillera Ground Warbler,Cordillera Ground-Warbler
simgrw1,Sierra Madre Ground Warbler,Sierra Madre Ground-Warbler
gybbab2,Bicol Ground Warbler,Bicol Ground-Warbler
grgwar1,苍眉蝗莺,Gray's Grasshopper Warbler
sakwar1,库页岛蝗莺,Sakhalin Grasshopper Warbler
y00997,苍眉蝗莺/库页岛蝗莺,Gray's/Sakhalin Grasshopper Warbler
margra1,斑背大尾莺,Marsh Grassbird
pagwar1,小蝗莺,Pallas's Grasshopper Warbler
migwar,北蝗莺,Middendorff's Grasshopper Warbler
plewar1,史氏蝗莺,Pleske's Grasshopper Warbler
y01100,北蝗莺/史氏蝗莺,Middendorff's/Pleske's Grasshopper Warbler
helops1,未识别的Helopsaltes属蝗莺,Helopsaltes sp.
lanwar,矛斑蝗莺,Lanceolated Warbler
baswar1,Bamboo Warbler,Bamboo Warbler
eurwar2,River Warbler,River Warbler
savwar1,鸲蝗莺,Savi's Warbler
y01185,River/Savi's Warbler,River/Savi's Warbler
brbwar2,棕褐短翅蝗莺,Brown Bush Warbler
cogwar1,黑斑蝗莺,Common Grasshopper Warbler
y01186,矛斑蝗莺/黑斑蝗莺,Lanceolated/Common Grasshopper Warbler
lbbwar1,巨嘴短翅蝗莺,Long-billed Bush Warbler
chbwar1,中华短翅蝗莺,Chinese Bush Warbler
frbwar1,Friendly Bush Warbler,Friendly Bush Warbler
ltbwar1,Long-tailed Bush Warbler,Long-tailed Bush Warbler
cbbwar2,Sulawesi Bush Warbler,Sulawesi Bush Warbler
cbbwar4,Seram Bush Warbler,Seram Bush Warbler
talgrw1,Taliabu Bush Warbler,Taliabu Bush Warbler
cbbwar3,Buru Bush Warbler,Buru Bush Warbler
spobuw1,北短翅蝗莺,Baikal Bush Warbler
y00998,中华短翅蝗莺/北短翅蝗莺,Chinese/Baikal Bush Warbler
spobuw2,West Himalayan Bush Warbler,West Himalayan Bush Warbler
spobuw3,斑胸短翅蝗莺,Spotted Bush Warbler
y00999,北短翅蝗莺/斑胸短翅蝗莺,Baikal/Spotted Bush Warbler
taibuw1,台湾短翅蝗莺,Taiwan Bush Warbler
rubwar1,高山短翅蝗莺,Russet Bush Warbler
dabwar1,Dalat Bush Warbler,Dalat Bush Warbler
y01000,棕褐短翅蝗莺/高山短翅蝗莺,Brown/Russet Bush Warbler
sicbuw1,四川短翅蝗莺,Sichuan Bush Warbler
jabwar1,Javan Bush Warbler,Javan Bush Warbler
javbuw1,Javan Bush Warbler (Javan),Javan Bush Warbler (Javan)
timbuw1,Javan Bush Warbler (Timor),Javan Bush Warbler (Timor)
benbuw1,Benguet Bush Warbler,Benguet Bush Warbler
locust6,未识别的Locustella属蝗莺,Locustella sp.
locust2,未识别的Helopsaltes/Locustella属蝗莺,Helopsaltes/Locustella sp.
flrgra1,Fly River Grassbird,Fly River Grassbird
spibir1,Spinifexbird,Spinifexbird
litgra1,Little Grassbird,Little Grassbird
fernbi1,New Zealand Fernbird,New Zealand Fernbird
fernbi2,New Zealand Fernbird (New Zealand),New Zealand Fernbird (New Zealand)
fernbi3,New Zealand Fernbird (Snares),New Zealand Fernbird (Snares)
chifer1,Chatham Islands Fernbird,Chatham Islands Fernbird
malia1,Malia,Malia
broson1,Brown Songlark,Brown Songlark
bisthi1,New Britain Thicketbird,Bismarck Thicketbird
rusthi1,Rusty Thicketbird,Rusty Thicketbird
bubbus1,Buff-banded Thicketbird,Buff-banded Bushbird
rufson1,Rufous Songlark,Rufous Songlark
tawgra3,Tawny Grassbird,Tawny Grassbird
tawgra2,Papuan Grassbird,Papuan Grassbird
papgra1,Papuan Grassbird (interscapularis/mayri),Papuan Grassbird (interscapularis/mayri)
papgra2,Papuan Grassbird (macrurus Group),Papuan Grassbird (macrurus Group)
tawgra1,Tawny/Papuan Grassbird,Tawny/Papuan Grassbird
guathi2,Santo Thicketbird,Santo Thicketbird
guathi1,Guadalcanal Thicketbird,Guadalcanal Thicketbird
necgra1,New Caledonian Thicketbird,New Caledonian Thicketbird
lolwar1,Long-legged Thicketbird,Long-legged Thicketbird
bouthi1,Bougainville Thicketbird,Bougainville Thicketbird
ceybuw1,Sri Lanka Bush Warbler,Sri Lanka Bush Warbler
brtgra2,Broad-tailed Grassbird,Broad-tailed Grassbird
brigra2,须草莺,Bristled Grassbird
fatgra1,Fan-tailed Grassbird,Fan-tailed Grassbird
strgra1,沼泽大尾莺,Striated Grassbird
megalu1,Poodytes/Cincloramphus/Megalurus sp.,Poodytes/Cincloramphus/Megalurus sp.
knswar1,Knysna Warbler,Knysna Warbler
banscw1,Bangwa Forest Warbler,Bangwa Warbler
afswar1,Barratt's Warbler,Barratt's Warbler
camscw1,Evergreen Forest Warbler,Evergreen-forest Warbler
evfwar1,Evergreen Forest Warbler (Lopez's),Evergreen-forest Warbler (Lopez's)
evfwar2,Evergreen Forest Warbler (Volcanic),Evergreen-forest Warbler (Volcanic)
evfwar3,Evergreen Forest Warbler (Boulton's),Evergreen-forest Warbler (Boulton's)
evfwar4,Evergreen Forest Warbler (Eastern),Evergreen-forest Warbler (Eastern)
cibwar1,Cinnamon Bracken Warbler,Cinnamon Bracken-Warbler
gryemt1,Grey Emutail,Gray Emutail
bretai1,Brown Emutail,Brown Emutail
jrswar1,Dja River Scrub Warbler,Dja River Swamp Warbler
afbwar1,Little Rush Warbler,Little Rush Warbler
wwswar1,White-winged Swamp Warbler,White-winged Swamp Warbler
grswar1,Grauer's Swamp Warbler,Grauer's Swamp Warbler
hirwar2,Highland Rush Warbler,Highland Rush Warbler
bradyp1,Bradypterus sp.,Bradypterus sp.
bkcdon,Black-capped Donacobius,Black-capped Donacobius
whtoxy1,White-throated Oxylabes,White-throated Oxylabes
lobber1,Long-billed Bernieria,Long-billed Bernieria
crywar1,Cryptic Warbler,Cryptic Warbler
wetjer2,Wedge-tailed Jery,Wedge-tailed Jery
thamno2,Thamnornis,Thamnornis
yeboxy1,Madagascar Yellowbrow,Madagascar Yellowbrow
dustet1,Dusky Tetraka,Dusky Tetraka
spetet1,Spectacled Tetraka,Spectacled Tetraka
apptet1,Appert's Tetraka,Appert's Tetraka
gyctet1,Grey-crowned Tetraka,Gray-crowned Tetraka
ranwar1,Rand's Warbler,Rand's Warbler
scbcup3,鳞胸鹪鹛,Scaly-breasted Cupwing
sbwbab1,鳞胸鹪鹛 (喜山),Scaly-breasted Cupwing (Himalayan)
chicup1,鳞胸鹪鹛 (中华鹪鹛),Scaly-breasted Cupwing (Chinese)
taiwrb1,台湾鹪鹛,Taiwan Cupwing
immwrb1,尼泊尔鹪鹛,Immaculate Cupwing
y00811,鳞胸鹪鹛/尼泊尔鹪鹛,Scaly-breasted/Immaculate Cupwing
pywbab1,小鳞胸鹪鹛,Pygmy Cupwing
cupwin1,未识别的Pnoepyga属鹪鹛,cupwing sp.
afrmar2,African River Martin,African River Martin
wermar2,白眼河燕,White-eyed River Martin
sqtsaw1,Square-tailed Saw-wing,Square-tailed Sawwing
mousaw1,Mountain Saw-wing,Mountain Sawwing
whhsaw1,White-headed Saw-wing,White-headed Sawwing
whhsaw2,White-headed Saw-wing (White-headed),White-headed Sawwing (White-headed)
whhsaw3,White-headed Saw-wing (Dusky-throated),White-headed Sawwing (Dusky-throated)
blksaw1,Black Saw-wing,Black Sawwing
fansaw1,Fanti Saw-wing,Fanti Sawwing
sawwin1,saw-wing sp.,sawwing sp.
gyrswa1,Grey-rumped Swallow,Gray-rumped Swallow
whbswa3,White-backed Swallow,White-backed Swallow
masmar1,Mascarene Martin,Mascarene Martin
banmar1,Banded Martin,Banded Martin
bramar1,Brazza's Martin,Brazza's Martin
plamar1,Brown-throated Martin,Plain Martin
ethmar1,Ethiopian Martin (undescribed form),Ethiopian Martin (undescribed form)
plamar3,Madagascar Martin,Madagascar Martin
y01251,Brown-throated/Madagascar Martin,Plain/Madagascar Martin
gytmar1,灰喉沙燕 (褐喉沙燕),Gray-throated Martin
conmar1,Congo Martin,Congo Martin
banswa,崖沙燕,Bank Swallow
y01086,灰喉沙燕/崖沙燕,Gray-throated Martin/Bank Swallow
pasmar1,淡色沙燕,Pale Martin
y00808,崖沙燕/淡色沙燕,Bank Swallow/Pale Martin
ripari1,未识别的沙燕,Riparia sp.
treswa,Tree Swallow,Tree Swallow
tumswa1,Tumbes Swallow,Tumbes Swallow
whwswa1,White-winged Swallow,White-winged Swallow
whrswa1,White-rumped Swallow,White-rumped Swallow
chiswa1,Chilean Swallow,Chilean Swallow
y00702,White-rumped/Chilean Swallow,White-rumped/Chilean Swallow
manswa1,Mangrove Swallow,Mangrove Swallow
golswa1,Golden Swallow,Golden Swallow
vigswa,Violet-green Swallow,Violet-green Swallow
x00716,Tree x Violet-green Swallow (hybrid),Tree x Violet-green Swallow (hybrid)
y00701,Tree/Violet-green Swallow,Tree/Violet-green Swallow
bahswa,Bahama Swallow,Bahama Swallow
tachyc1,Tachycineta sp.,Tachycineta sp.
purmar,Purple Martin,Purple Martin
purmar1,Purple Martin (subis/arboricola),Purple Martin (subis/arboricola)
purmar2,Purple Martin (hesperia),Purple Martin (hesperia)
cubmar,Cuban Martin,Cuban Martin
y00805,Purple/Cuban Martin,Purple/Cuban Martin
carmar1,Caribbean Martin,Caribbean Martin
y01264,Cuban x Caribbean Martin (hybrid),Cuban x Caribbean Martin (hybrid)
sinmar1,Sinaloa Martin,Sinaloa Martin
y00806,Caribbean/Sinaloa Martin,Caribbean/Sinaloa Martin
y00807,Cuban/Caribbean/Sinaloa Martin (Snowy-bellied Martin),Cuban/Caribbean/Sinaloa Martin (Snowy-bellied Martin)
gybmar,Grey-breasted Martin,Gray-breasted Martin
soumar,Southern Martin,Southern Martin
y00745,Purple/Southern Martin,Purple/Southern Martin
y00421,Grey-breasted/Southern Martin,Gray-breasted/Southern Martin
permar1,Peruvian Martin,Peruvian Martin
galmar1,Galapagos Martin,Galapagos Martin
brcmar1,Brown-chested Martin,Brown-chested Martin
bncmar1,Brown-chested Martin (tapera),Brown-chested Martin (tapera)
bncmar2,Brown-chested Martin (fusca),Brown-chested Martin (fusca)
martin1,new world martin sp. (Progne sp.),new world martin sp. (Progne sp.)
nrwswa,Northern Rough-winged Swallow,Northern Rough-winged Swallow
nrwswa1,Northern Rough-winged Swallow (Northern),Northern Rough-winged Swallow (Northern)
nrwswa2,Northern Rough-winged Swallow (Ridgway's),Northern Rough-winged Swallow (Ridgway's)
x00715,Violet-green x Northern Rough-winged Swallow (hybrid),Violet-green x Northern Rough-winged Swallow (hybrid)
srwswa1,Southern Rough-winged Swallow,Southern Rough-winged Swallow
y00899,Northern/Southern Rough-winged Swallow,Northern/Southern Rough-winged Swallow
blcswa1,Black-capped Swallow,Black-capped Swallow
whtswa1,White-thighed Swallow,White-thighed Swallow
whbswa2,White-banded Swallow,White-banded Swallow
bawswa1,Blue-and-white Swallow,Blue-and-white Swallow
bawswa3,Blue-and-white Swallow (cyanoleuca),Blue-and-white Swallow (cyanoleuca)
bawswa5,Blue-and-white Swallow (peruviana),Blue-and-white Swallow (peruviana)
bawswa4,Blue-and-white Swallow (patagonica),Blue-and-white Swallow (patagonica)
blcswa2,Black-collared Swallow,Black-collared Swallow
tahswa2,Tawny-headed Swallow,Tawny-headed Swallow
pafswa1,Pale-footed Swallow,Pale-footed Swallow
brbswa1,Brown-bellied Swallow,Brown-bellied Swallow
andswa2,Andean Swallow,Andean Swallow
eurcrm1,岩燕,Eurasian Crag-Martin
rocmar1,Pale Crag Martin,Pale Crag-Martin
y00981,Eurasian/Pale Crag Martin,Eurasian/Pale Crag-Martin
rocmar4,Red-throated Rock Martin,Red-throated Crag-Martin
y01282,Pale Crag Martin/Red-throated Rock Martin,Pale/Red-throated Crag-Martin
rocmar5,Large Rock Martin,Southern Crag-Martin
y01283,Red-throated/Southern Rock Martin,Red-throated/Southern Crag-Martin
duscrm1,纯色岩燕,Dusky Crag-Martin
y00422,岩燕/纯色岩燕,Eurasian/Dusky Crag-Martin
ptyono1,crag martin sp.,crag-martin sp.
bluswa1,Blue Swallow,Montane Blue Swallow
barswa1,Black-and-rufous Swallow,Black-and-rufous Swallow
hirund3,未识别的Hirundo属燕,Hirundo sp.
pebswa1,Pearl-breasted Swallow,Pearl-breasted Swallow
pacswa3,Hill Swallow,Hill Swallow
pacswa1,洋燕 (洋斑燕),Pacific Swallow
pacswa5,Tahiti Swallow,Tahiti Swallow
piwswa1,Pied-winged Swallow,Pied-winged Swallow
whtswa2,White-tailed Swallow,White-tailed Swallow
welswa1,Welcome Swallow,Welcome Swallow
barswa,家燕,Barn Swallow
barswa2,家燕 (欧亚西部，黑胸带),Barn Swallow (White-bellied)
barswa6,家燕 (savignii),Barn Swallow (Egyptian)
barswa7,家燕 (transitiva),Barn Swallow (Levant)
barswa8,家燕 (贝加尔，红腹),Barn Swallow (Tytler's)
barswa4,家燕 (东亚，白腹),Barn Swallow (Buff-bellied)
barswa5,家燕 (美洲，红腹),Barn Swallow (American)
x00666,Tree x Barn Swallow (hybrid),Tree x Barn Swallow (hybrid)
x00710,崖沙燕x家燕 (杂交),Bank x Barn Swallow (hybrid)
y00746,家燕/洋燕,Pacific/Barn Swallow
recswa1,Red-chested Swallow,Red-chested Swallow
ethswa1,Ethiopian Swallow,Ethiopian Swallow
angswa1,Angola Swallow,Angola Swallow
wtbswa1,White-bibbed Swallow,White-throated Blue Swallow
whtswa3,White-throated Swallow,White-throated Swallow
witswa1,线尾燕,Wire-tailed Swallow
forswa2,Forest Swallow,Forest Swallow
y00901,Square-tailed Sawwing/Forest Swallow,Square-tailed Sawwing/Forest Swallow
comhom1,西方毛脚燕,Western House-Martin
x00659,家燕x西方毛脚燕 (杂交),Barn Swallow x Western House-Martin (hybrid)
comhom2,白腹毛脚燕,Siberian House-Martin
cohmar1,西方毛脚燕/白腹毛脚燕,Western/Siberian House-Martin
ashmar1,烟腹毛脚燕,Asian House-Martin
y00649,白腹毛脚燕/烟腹毛脚燕,Siberian/Asian House-Martin
nephom1,黑喉毛脚燕,Nepal House-Martin
housem1,未识别的毛脚燕,house-martin sp.
grests1,Greater Striped Swallow,Greater Striped Swallow
rerswa8,欧金腰燕,European Red-rumped Swallow
x00658,家燕x欧金腰燕 (杂交),Barn x European Red-rumped Swallow (hybrid)
rerswa12,非洲金腰燕,African Red-rumped Swallow
rerswa3,非洲金腰燕 (domicella),African Red-rumped Swallow (domicella)
rerswa13,非洲金腰燕 [melanocrissus Group],African Red-rumped Swallow (melanocrissus Group)
y01284,欧金腰燕/非洲金腰燕,European/African Red-rumped Swallow
y00621,金腰燕,Eastern Red-rumped Swallow
errswa1,金腰燕 (广布),Eastern Red-rumped Swallow (Daurian)
strswa2,金腰燕 (斑腰燕),Eastern Red-rumped Swallow (Striated)
y01285,欧金腰燕/金腰燕,European/Eastern Red-rumped Swallow
rerswa1,欧金腰燕/非洲金腰燕/金腰燕,European/African/Eastern Red-rumped Swallow
srlswa1,Sri Lanka Swallow,Sri Lanka Swallow
rubswa1,Rufous-bellied Swallow,Rufous-bellied Swallow
lessts1,Lesser Striped Swallow,Lesser Striped Swallow
y01182,Greater/Lesser Striped Swallow,Greater/Lesser Striped Swallow
rucswa2,Red-breasted Swallow,Rufous-chested Swallow
mosswa2,Mosque Swallow,Mosque Swallow
cecrop1,Cecropis sp.,Cecropis sp.
retswa2,Red-throated Cliff Swallow,Red-throated Swallow
preswa2,Preuss's Cliff Swallow,Preuss's Swallow
resswa2,Red Sea Cliff Swallow,Red Sea Swallow
soaswa2,South African Cliff Swallow,South African Swallow
sttswa2,黄额燕,Streak-throated Swallow
faimar2,Fairy Martin,Fairy Martin
tremar2,Tree Martin,Tree Martin
y00900,Fairy/Tree Martin,Fairy/Tree Martin
cliswa,American Cliff Swallow,Cliff Swallow
cliswa2,American Cliff Swallow (pyrrhonota Group),Cliff Swallow (pyrrhonota Group)
cliswa3,American Cliff Swallow (Southwestern),Cliff Swallow (melanogaster)
x00717,Barn x American Cliff Swallow (hybrid),Barn x Cliff Swallow (hybrid)
x00661,Violet-green x American Cliff Swallow (hybrid),Violet-green x Cliff Swallow (hybrid)
cavswa,Cave Swallow,Cave Swallow
cavswa2,Cave Swallow (Caribbean),Cave Swallow (Caribbean)
cavswa3,Cave Swallow (Texas),Cave Swallow (Texas)
cavswa4,Cave Swallow (Yucatan),Cave Swallow (Yucatan)
x00660,Barn x Cave Swallow (hybrid),Barn x Cave Swallow (hybrid)
x00892,American Cliff x Cave Swallow (hybrid),Cliff x Cave Swallow (hybrid)
y00604,American Cliff/Cave Swallow,Cliff/Cave Swallow
chcswa2,Chestnut-collared Swallow,Chestnut-collared Swallow
y00809,American Cliff/Chestnut-collared Swallow,Cliff/Chestnut-collared Swallow
petroc1,Petrochelidon sp.,Petrochelidon sp.
swallo,未识别的燕科鸟类,swallow sp.
somgre1,Sombre Greenbul,Sombre Greenbul
slbgre1,Slender-billed Greenbul,Slender-billed Greenbul
golgre1,Golden Greenbul,Golden Greenbul
blcbul1,Black-collared Bulbul,Black-collared Bulbul
combri2,Red-tailed Bristlebill,Red-tailed Bristlebill
gntbri1,Green-tailed Bristlebill,Green-tailed Bristlebill
lesbri1,Yellow-lored Bristlebill,Yellow-lored Bristlebill
lesbri3,Yellow-eyed Bristlebill,Yellow-eyed Bristlebill
gyhbri1,Grey-headed Bristlebill,Gray-headed Bristlebill
bristl1,bristlebill sp.,bristlebill sp.
yetgre2,Yellow-gorgeted Greenbul,Yellow-gorgeted Greenbul
patgre1,Pale-throated Greenbul,Pale-throated Greenbul
yetgre3,Pale-throated Greenbul (soror),Pale-throated Greenbul (soror)
yetgre4,Pale-throated Greenbul (flavigula),Pale-throated Greenbul (flavigula)
spogre1,Spotted Greenbul,Spotted Greenbul
swagre1,Swamp Palm Bulbul,Swamp Greenbul
joygre1,Joyful Greenbul,Joyful Greenbul
prigre1,Prigogine's Greenbul,Prigogine's Greenbul
yengre1,Falkenstein's Greenbul,Yellow-necked Greenbul
yebgre1,Yellow-bellied Greenbul,Yellow-bellied Greenbul
simgre1,Simple Greenbul,Simple Greenbul
hongre1,Honeyguide Greenbul,Honeyguide Greenbul
sjogre1,Sjöstedt's Greenbul,Sjöstedt's Greenbul
camgre2,Cameroon Mountain Greenbul,Cameroon Mountain Greenbul
shegre1,Shelley's/Kakamega Greenbul,Shelley's Greenbul
shebul1,Kakamega Greenbul,Shelley's Greenbul (Kakamega)
shegre2,Shelley's Greenbul,Shelley's Greenbul (Shelley's)
wesmog1,Western Mountain Greenbul,Western Mountain Greenbul
easmog5,Kikuyu Mountain Greenbul,Kikuyu Mountain Greenbul
easmog2,Black-headed Mountain Greenbul,Black-headed Mountain Greenbul
easmog6,Uluguru Mountain Greenbul,Uluguru Mountain Greenbul
easmog4,Black-browed Mountain Greenbul,Black-browed Mountain Greenbul
stfgre1,Olive-headed Greenbul,Olive-headed Greenbul
stcgre4,Olive-headed Greenbul (Stripe-faced),Olive-headed Greenbul (Stripe-faced)
stcgre3,Olive-headed Greenbul (Olive-headed),Olive-headed Greenbul (Olive-headed)
stcgre1,Stripe-cheeked Greenbul,Stripe-cheeked Greenbul
easmog3,Yellow-throated Mountain Greenbul,Yellow-throated Mountain Greenbul
arizel1,Arizelocichla sp.,Arizelocichla sp.
wesbeg1,Western Bearded Greenbul,Western Bearded-Greenbul
easbeg1,Eastern Bearded Greenbul,Eastern Bearded-Greenbul
retgre1,Red-tailed Greenbul,Red-tailed Greenbul
whbgre1,White-bearded Greenbul,White-bearded Greenbul
y00904,Red-tailed/White-bearded Greenbul,Red-tailed/White-bearded Greenbul
yebgre3,Yellow-bearded Greenbul,Yellow-bearded Greenbul
crinig1,Criniger sp.,Criniger sp.
litgre2,Little Greenbul,Little Greenbul
yewgre1,Yellow-whiskered Greenbul,Yellow-whiskered Greenbul
plagre2,Plain Greenbul,Plain Greenbul
plagre1,Plain Greenbul (leonina),Plain Greenbul (leonina)
plagre3,Plain Greenbul (curvirostris),Plain Greenbul (curvirostris)
grygre1,Little Grey Greenbul,Gray Greenbul
ansgre1,Ansorge's Greenbul,Ansorge's Greenbul
eurill1,Eurillas sp.,Eurillas sp.
tingre1,Lowland Tiny Greenbul,Tiny Greenbul
usabul1,Montane Tiny Greenbul,Usambara Greenbul
whtgre1,White-throated Greenbul,White-throated Greenbul
whtgre4,Angola Greenbul,Angola Greenbul
yesbul1,Yellow-streaked/Sharpe's Greenbul,Yellow-streaked Greenbul
yesgre2,Sharpe's Greenbul,Yellow-streaked Greenbul (Sharpe's)
yesgre1,Yellow-streaked Greenbul,Yellow-streaked Greenbul (Yellow-streaked)
xavgre1,Xavier's Greenbul,Xavier's Greenbul
ictgre1,Icterine Greenbul,Icterine Greenbul
y00905,Xavier's/Icterine Greenbul,Xavier's/Icterine Greenbul
terbro1,Terrestrial Brownbul,Terrestrial Brownbul
caogre1,Cameroon Olive Greenbul,Cameroon Olive-Greenbul
norbro1,Northern Brownbul,Northern Brownbul
gyogre1,Grey-olive Greenbul,Gray-olive Greenbul
fisgre1,Fischer's Greenbul,Fischer's Greenbul
cabgre1,Cabanis's/Placid Greenbul,Cabanis's Greenbul
cabgre3,Placid Greenbul,Cabanis's Greenbul (Placid)
cabgre2,Cabanis's Greenbul,Cabanis's Greenbul (Cabanis's)
leaflo1,Leaf-love,Leaf-love
sasgre1,Sassi's Olive Greenbul,Sassi's Greenbul
gyhgre1,Grey-headed Greenbul,Gray-headed Greenbul
toogre1,Toro Olive Greenbul,Toro Olive-Greenbul
baugre1,Baumann's Olive Greenbul,Baumann's Greenbul
paogre1,Pale-olive Greenbul,Pale-olive Greenbul
phylla1,Phyllastrephus sp.,Phyllastrephus sp.
greenb1,greenbul sp.,greenbul sp.
habbul1,Hairy-backed Bulbul,Hairy-backed Bulbul
hobbul1,Hook-billed Bulbul,Hook-billed Bulbul
yebbul2,Yellow-bellied Bulbul,Yellow-bellied Bulbul
gytbul1,Palawan Bulbul,Gray-throated Bulbul
gycbul2,Grey-cheeked Bulbul,Gray-cheeked Bulbul
ochbul3,Penan Bulbul,Penan Bulbul
penbul2,Penan Bulbul (Penan),Penan Bulbul (Penan)
penbul1,Penan Bulbul (Meratus),Penan Bulbul (Meratus)
gycbul3,Brown-cheeked Bulbul,Brown-cheeked Bulbul
whtbul1,黄腹冠鹎,White-throated Bulbul
ochbul2,Ochraceous Bulbul,Ochraceous Bulbul
putbul1,白喉冠鹎,Puff-throated Bulbul
putbul2,白喉冠鹎 (griseiceps),Puff-throated Bulbul (Gray-crowned)
putbul3,白喉冠鹎 (灰脸),Puff-throated Bulbul (Puff-throated)
strbul2,纵纹绿鹎,Striated Bulbul
finbul1,Finsch's Bulbul,Finsch's Bulbul
subbul1,Sulphur-bellied Bulbul,Sulphur-bellied Bulbul
olibul1,Olive Bulbul,Olive Bulbul
olibul2,Olive Bulbul (Olive),Olive Bulbul (Olive)
olibul3,Olive Bulbul (Baker's),Olive Bulbul (Baker's)
buvbul1,Buff-vented Bulbul,Buff-vented Bulbul
y00423,Olive/Buff-vented Bulbul,Olive/Buff-vented Bulbul
chabul1,Charlotte's Bulbul,Charlotte's Bulbul
cacbul1,Cachar Bulbul,Cachar Bulbul
gyebul1,灰眼短脚鹎,Gray-eyed Bulbul
gyebul2,灰眼短脚鹎 (广布),Gray-eyed Bulbul (Gray-eyed)
gyebul3,灰眼短脚鹎 (innectens),Gray-eyed Bulbul (innectens)
iole1,Iole sp.,Iole sp.
ashbul1,灰短脚鹎,Ashy Bulbul
ashbul2,灰短脚鹎 (广布),Ashy Bulbul (Ashy)
ashbul6,灰短脚鹎 (remotus),Ashy Bulbul (Brown-backed)
cinbul1,Cinereous Bulbul,Cinereous Bulbul
ashbul4,Cinereous Bulbul (Cinereous),Cinereous Bulbul (Cinereous)
ashbul5,Cinereous Bulbul (Green-winged),Cinereous Bulbul (Green-winged)
chebul1,栗背短脚鹎,Chestnut Bulbul
yebbul3,Yellow-browed Bulbul,Yellow-browed Bulbul
crsbul1,Cream-striped Bulbul,Cream-striped Bulbul
sunbul1,Sumatran Bulbul,Sumatran Bulbul
sunbul3,Javan Bulbul,Javan Bulbul
strbul1,Streaked Bulbul,Streaked Bulbul
moubul2,绿翅短脚鹎,Mountain Bulbul
nicbul2,Nicobar Bulbul,Nicobar Bulbul
phibul1,Philippine Bulbul,Philippine Bulbul
minbul1,Mindoro Bulbul,Mindoro Bulbul
stbbul1,Streak-breasted Bulbul,Streak-breasted Bulbul
stbbul2,Streak-breasted Bulbul (Tablas),Streak-breasted Bulbul (Tablas)
stbbul3,Streak-breasted Bulbul (Cebu),Streak-breasted Bulbul (Cebu)
stbbul4,Streak-breasted Bulbul (Siquijor),Streak-breasted Bulbul (Siquijor)
golbul3,Seram Golden Bulbul,Seram Golden-Bulbul
sergob1,Seram Golden Bulbul (Seram),Seram Golden-Bulbul (Seram)
sergob2,Seram Golden Bulbul (Ambon),Seram Golden-Bulbul (Ambon)
sangob1,Sangihe Golden Bulbul,Sangihe Golden-Bulbul
toggob1,Togian Golden Bulbul,Togian Golden-Bulbul
sulgob2,Banggai Golden Bulbul,Banggai Golden-Bulbul
sulgob3,Sula Golden Bulbul,Sula Golden-Bulbul
halgob1,Halmahera Golden Bulbul,Halmahera Golden-Bulbul
obigob1,Obi Golden Bulbul,Obi Golden-Bulbul
golbul4,Buru Golden Bulbul,Buru Golden-Bulbul
visbul1,Visayan Bulbul,Visayan Bulbul
yelbul1,Yellowish Bulbul,Yellowish Bulbul
yelbul2,Yellowish Bulbul (Yellowish),Yellowish Bulbul (Yellowish)
yelbul3,Yellowish Bulbul (Sulu),Yellowish Bulbul (Sulu)
yelbul4,Camiguin Bulbul,Camiguin Bulbul
zambul1,Zamboanga Bulbul,Zamboanga Bulbul
brebul1,栗耳短脚鹎,Brown-eared Bulbul
reubul1,Reunion Bulbul,Reunion Bulbul
madbul1,Malagasy Bulbul,Malagasy Bulbul
maubul1,Mauritius Bulbul,Mauritius Bulbul
whhbul1,White-headed Bulbul,White-headed Bulbul
blabul1,黑短脚鹎,Black Bulbul
blkbul1,黑短脚鹎 (灰体),Black Bulbul (psaroides Group)
blkbul2,黑短脚鹎 (黑体),Black Bulbul (Black)
blkbul3,黑短脚鹎 (白头),Black Bulbul (leucocephalus Group)
blkbul4,黑短脚鹎 (海南),Black Bulbul (perniger)
blkbul5,黑短脚鹎 (灰翅),Black Bulbul (Gray-winged)
sqtbul1,Square-tailed Bulbul,Square-tailed Bulbul
sqtbul2,Square-tailed Bulbul (Indian),Square-tailed Bulbul (Indian)
sqtbul3,Square-tailed Bulbul (Sri Lanka),Square-tailed Bulbul (Sri Lanka)
combul1,Grande Comore Bulbul,Grande Comore Bulbul
mohbul1,Moheli Bulbul,Moheli Bulbul
seybul1,Seychelles Bulbul,Seychelles Bulbul
pubbul1,Puff-backed Bulbul,Puff-backed Bulbul
bawbul2,Black-and-white Bulbul,Black-and-white Bulbul
yewbul1,Yellow-wattled Bulbul,Yellow-wattled Bulbul
gyhbul1,Grey-headed Bulbul,Gray-headed Bulbul
blhbul1,黑头鹎,Black-headed Bulbul
andbul1,Andaman Bulbul,Andaman Bulbul
blwbul1,Blue-wattled Bulbul,Blue-wattled Bulbul
spebul1,Spectacled Bulbul,Spectacled Bulbul
gybbul1,Grey-bellied Bulbul,Gray-bellied Bulbul
scbbul1,Scaly-breasted Bulbul,Scaly-breasted Bulbul
blcbul2,黑冠黄鹎,Black-crested Bulbul
bkcbul1,Flame-throated Bulbul,Flame-throated Bulbul
bkcbul2,Black-capped Bulbul,Black-capped Bulbul
bkcbul3,Ruby-throated Bulbul,Ruby-throated Bulbul
rutbul1,Ruby-throated Bulbul (Yellow-eyed),Ruby-throated Bulbul (Yellow-eyed)
rutbul2,Ruby-throated Bulbul (Red-eyed),Ruby-throated Bulbul (Red-eyed)
bkcbul4,Bornean Bulbul,Bornean Bulbul
bafbul1,Bare-faced Bulbul,Bare-faced Bulbul
crefin1,凤头雀嘴鹎,Crested Finchbill
colfin1,领雀嘴鹎,Collared Finchbill
spnbul1,Spot-necked Bulbul,Spot-necked Bulbul
crvbul1,Cream-vented Bulbul,Cream-vented Bulbul
crvbul2,Cream-vented Bulbul (White-eyed),Cream-vented Bulbul (White-eyed)
crvbul3,Cream-vented Bulbul (Red-eyed),Cream-vented Bulbul (Red-eyed)
olwbul1,Olive-winged Bulbul,Olive-winged Bulbul
olwbul9,Olive-winged Bulbul (Olive-winged),Olive-winged Bulbul (Olive-winged)
olwbul3,Olive-winged Bulbul (Barusan),Olive-winged Bulbul (Barusan)
reebul1,Asian Red-eyed Bulbul,Red-eyed Bulbul
sthbul1,Straw-headed Bulbul,Straw-headed Bulbul
crebul1,Cream-eyed Bulbul,Cream-eyed Bulbul
y01151,Cream-vented/Cream-eyed Bulbul,Cream-vented/Cream-eyed Bulbul
asfbul1,Ashy-fronted Bulbul,Ashy-fronted Bulbul
whbbul2,White-browed Bulbul,White-browed Bulbul
ayebul1,Ayeyarwady Bulbul,Ayeyarwady Bulbul
stebul2,条耳鹎,Streak-eared Bulbul
sttbul2,Pale-eyed Bulbul,Pale-eyed Bulbul
sttbul3,纹喉鹎,Stripe-throated Bulbul
y01196,Olive-winged/Stripe-throated Bulbul,Olive-winged/Stripe-throated Bulbul
sttbul1,Pale-eyed/Stripe-throated Bulbul,Pale-eyed/Stripe-throated Bulbul
flabul1,黄绿鹎,Flavescent Bulbul
orsbul2,Aceh Bulbul,Aceh Bulbul
orsbul3,Orange-spotted Bulbul,Orange-spotted Bulbul
orsbul1,Aceh/Orange-spotted Bulbul,Aceh/Orange-spotted Bulbul
flabul3,Pale-faced Bulbul,Pale-faced Bulbul
yetbul1,Yellow-throated Bulbul,Yellow-throated Bulbul
yeebul1,Yellow-eared Bulbul,Yellow-eared Bulbul
brbbul1,黄臀鹎,Brown-breasted Bulbul
livbul1,白头鹎,Light-vented Bulbul
livbul2,白头鹎 (广布),Light-vented Bulbul (sinensis)
livbul3,白头鹎 (黑头),Light-vented Bulbul (hainanus)
livbul4,白头鹎 (台湾),Light-vented Bulbul (formosae/orii)
stybul1,台湾鹎,Styan's Bulbul
x00744,白头鹎x台湾鹎 (杂交),Light-vented x Styan's Bulbul (hybrid)
y00987,白头鹎/台湾鹎,Light-vented/Styan's Bulbul
combul2,common bulbul sp.,Common Bulbul
combul3,Common Bulbul,Common Bulbul (Common)
combul5,Somali Bulbul,Common Bulbul (Somali)
combul4,Dodson's Bulbul,Common Bulbul (Dodson's)
combul6,Dark-capped Bulbul,Common Bulbul (Dark-capped)
rewbul,红耳鹎,Red-whiskered Bulbul
yevbul1,白眉黄臀鹎,Yellow-vented Bulbul
yevbul9,白眉黄臀鹎 [analis Group],Yellow-vented Bulbul (Sunda)
yevbul10,白眉黄臀鹎 [goiavier Group],Yellow-vented Bulbul (Philippine)
x01196,红耳鹎x白眉黄臀鹎 (杂交),Red-whiskered x Yellow-vented Bulbul (hybrid)
revbul,黑喉红臀鹎,Red-vented Bulbul
x01024,红耳鹎x黑喉红臀鹎 (杂交),Red-whiskered x Red-vented Bulbul (hybrid)
y00810,红耳鹎/黑喉红臀鹎,Red-whiskered/Red-vented Bulbul
sohbul1,白喉红臀鹎,Sooty-headed Bulbul
x00967,黑喉红臀鹎x白喉红臀鹎 (杂交),Red-vented x Sooty-headed Bulbul (hybrid)
whebul1,White-eared Bulbul,White-eared Bulbul
x01044,Red-vented x White-eared Bulbul (hybrid),Red-vented x White-eared Bulbul (hybrid)
whcbul2,白颊鹎,Himalayan Bulbul
whsbul1,White-spectacled Bulbul,White-spectacled Bulbul
blfbul1,African Red-eyed Bulbul,Black-fronted Bulbul
x01242,Dark-capped x Black-fronted Bulbul (hybrid),Common x Black-fronted Bulbul (hybrid)
capbul1,Cape Bulbul,Cape Bulbul
x01243,Black-fronted x Cape Bulbul (hybrid),Black-fronted x Cape Bulbul (hybrid)
pycnon3,Pycnonotus sp.,Pycnonotus sp.
pycnon1,Microtarsus/Rubigula/Pycnonotus sp.,Microtarsus/Rubigula/Pycnonotus sp.
pycnon2,未识别的鹎科鸟类,Pycnonotidae sp.
woowar,林柳莺,Wood Warbler
webwar1,Western Bonelli's Warbler,Western Bonelli's Warbler
x01019,Wood x Western Bonelli's Warbler (hybrid),Wood x Western Bonelli's Warbler (hybrid)
eabwar1,Eastern Bonelli's Warbler,Eastern Bonelli's Warbler
y00814,Western/Eastern Bonelli's Warbler,Western/Eastern Bonelli's Warbler
astwar2,灰喉柳莺,Ashy-throated Warbler
bubwar1,橙斑翅柳莺,Buff-barred Warbler
yebwar3,黄眉柳莺,Yellow-browed Warbler
humwar1,淡眉柳莺,Hume's Warbler
humwar2,淡眉柳莺 (西部),Hume's Warbler (Western)
humwar3,淡眉柳莺 (中东部),Hume's Warbler (Eastern)
y00641,黄眉柳莺/淡眉柳莺,Yellow-browed/Hume's Warbler
brlwar1,布氏柳莺,Brooks's Leaf Warbler
chilew1,云南柳莺,Chinese Leaf Warbler
palwar5,黄腰柳莺,Pallas's Leaf Warbler
ganlew1,甘肃柳莺,Gansu Leaf Warbler
parwar1,淡黄腰柳莺,Lemon-rumped Warbler
siclew1,四川柳莺,Sichuan Leaf Warbler
y01221,甘肃柳莺/四川柳莺,Gansu/Sichuan Leaf Warbler
y00991,淡黄腰柳莺/四川柳莺,Lemon-rumped/Sichuan Leaf Warbler
tylwar1,Tytler's Leaf Warbler,Tytler's Leaf Warbler
radwar1,巨嘴柳莺,Radde's Warbler
yeswar1,棕眉柳莺,Yellow-streaked Warbler
subwar2,灰柳莺,Sulphur-bellied Warbler
y00989,黄腹柳莺/华西柳莺,Tickell's Leaf Warbler
tilwar1,黄腹柳莺,Tickell's Leaf Warbler (Tickell's)
alplew1,华西柳莺,Tickell's Leaf Warbler (Alpine)
y01152,灰柳莺/黄腹柳莺,Sulphur-bellied/Tickell's Leaf Warbler
duswar,褐柳莺,Dusky Warbler
y00749,巨嘴柳莺/褐柳莺,Radde's/Dusky Warbler
y00990,巨嘴柳莺/棕眉柳莺/褐柳莺,Radde's/Yellow-streaked/Dusky Warbler
smowar1,烟柳莺,Smoky Warbler
y00988,褐柳莺/烟柳莺,Dusky/Smoky Warbler
pllwar2,Plain Leaf Warbler,Plain Leaf Warbler
butwar1,棕腹柳莺,Buff-throated Warbler
wlwwar,欧柳莺,Willow Warbler
mouchi2,中亚叽喳柳莺 (东方叽喳柳莺),Mountain Chiffchaff
mouchi1,中亚叽喳柳莺 (高加索),Mountain Chiffchaff (Caucasian)
mouchi5,中亚叽喳柳莺 (帕米尔),Mountain Chiffchaff (Kashmir)
caichi1,Canary Islands Chiffchaff,Canary Islands Chiffchaff
comchi1,叽喳柳莺,Common Chiffchaff
comchi3,叽喳柳莺 (欧洲),Common Chiffchaff (Common)
comchi4,叽喳柳莺 (西伯利亚),Common Chiffchaff (Siberian)
x01077,欧柳莺x叽喳柳莺 (杂交),Willow Warbler x Common Chiffchaff (hybrid)
y00812,欧柳莺/叽喳柳莺,Willow Warbler/Common Chiffchaff
y01101,中亚叽喳柳莺/叽喳柳莺,Mountain/Common Chiffchaff
ibechi2,Iberian Chiffchaff,Iberian Chiffchaff
y01045,Willow Warbler/Common Chiffchaff/Iberian Chiffchaff,Willow Warbler/Common Chiffchaff/Iberian Chiffchaff
y00813,Common/Iberian Chiffchaff,Common/Iberian Chiffchaff
letwar1,Lemon-throated Leaf Warbler,Lemon-throated Leaf Warbler
phlwar1,Philippine Leaf Warbler,Philippine Leaf Warbler
eacwar1,冕柳莺,Eastern Crowned Warbler
ijlwar1,饭岛柳莺,Ijima's Leaf Warbler
brwwar1,Brown Woodland Warbler,Brown Woodland-Warbler
yetwow1,Yellow-throated Woodland Warbler,Yellow-throated Woodland-Warbler
rfwwar1,Red-faced Woodland Warbler,Red-faced Woodland-Warbler
lauwow1,Laura's Woodland Warbler,Laura's Woodland-Warbler
bcwwar1,Black-capped Woodland Warbler,Black-capped Woodland-Warbler
ugawow1,Uganda Woodland Warbler,Uganda Woodland-Warbler
whswar1,白眶鹟莺,White-spectacled Warbler
gycwar2,灰脸鹟莺,Gray-cheeked Warbler
goswar1,金眶鹟莺,Green-crowned Warbler
gycwar1,灰冠鹟莺,Gray-crowned Warbler
whiwar2,韦氏鹟莺,Whistler's Warbler
y00993,金眶鹟莺/韦氏鹟莺,Green-crowned/Whistler's Warbler
y00994,灰冠鹟莺/韦氏鹟莺,Gray-crowned/Whistler's Warbler
biawar1,比氏鹟莺,Bianchi's Warbler
y00650,灰冠鹟莺/比氏鹟莺,Gray-crowned/Bianchi's Warbler
marwar4,峨眉鹟莺,Martens's Warbler
pltwar1,淡尾鹟莺,Alström's Warbler
y00995,比氏鹟莺/峨眉鹟莺/淡尾鹟莺,Bianchi's/Martens's/Alström's Warbler
seicer2,金眶鹟莺种组,Phylloscopus sp. (Golden-spectacled Warbler complex)
grnwar1,Green Warbler,Green Warbler
grewar3,暗绿柳莺,Greenish Warbler
grewar6,暗绿柳莺 (欧亚北部),Greenish Warbler (viridanus)
grewar5,暗绿柳莺 (喜山),Greenish Warbler (trochiloides/ludlowi)
grewar4,暗绿柳莺 (华中),Greenish Warbler (obscuratus)
y00642,Green/Greenish Warbler,Green/Greenish Warbler
grewar2,双斑绿柳莺,Two-barred Warbler
grewar1,暗绿柳莺/双斑绿柳莺,Greenish/Two-barred Warbler
emlwar1,峨眉柳莺,Emei Leaf Warbler
lblwar1,乌嘴柳莺,Large-billed Leaf Warbler
y01088,暗绿柳莺/乌嘴柳莺,Greenish/Large-billed Leaf Warbler
pllwar1,淡脚柳莺,Pale-legged Leaf Warbler
salwar1,库页岛柳莺,Sakhalin Leaf Warbler
y00750,淡脚柳莺/库页岛柳莺,Pale-legged/Sakhalin Leaf Warbler
arcwar3,日本柳莺,Japanese Leaf Warbler
arcwar1,极北柳莺,Arctic Warbler
y00907,日本柳莺/极北柳莺,Japanese Leaf/Arctic Warbler
arcwar2,堪察加柳莺,Kamchatka Leaf Warbler
y00815,极北柳莺/堪察加柳莺,Arctic/Kamchatka Leaf Warbler
arcwar,日本柳莺/极北柳莺/堪察加柳莺,Japanese Leaf/Arctic/Kamchatka Leaf Warbler
chcwar2,栗头鹟莺,Chestnut-crowned Warbler
yebwar2,Yellow-breasted Warbler,Yellow-breasted Warbler
sunwar1,Sunda Warbler,Sunda Warbler
sunwar2,Sunda Warbler (Sumatran),Sunda Warbler (Sumatran)
sunwar3,Sunda Warbler (Javan),Sunda Warbler (Javan)
limlew1,灰岩柳莺,Limestone Leaf Warbler
yevwar1,黄胸柳莺,Yellow-vented Warbler
subwar3,黑眉柳莺,Sulphur-breasted Warbler
y00992,灰岩柳莺/黑眉柳莺,Limestone Leaf/Sulphur-breasted Warbler
weclew1,大冕柳莺,Western Crowned Warbler
blylew1,西南冠纹柳莺,Blyth's Leaf Warbler
clalew1,冠纹柳莺,Claudia's Leaf Warbler
harlew1,华南冠纹柳莺,Hartert's Leaf Warbler
bllwar1,西南冠纹柳莺/冠纹柳莺/华南冠纹柳莺,Blyth's/Claudia's/Hartert's Leaf Warbler
gyhwar2,灰头柳莺,Gray-hooded Warbler
davlew1,云南白斑尾柳莺,Davison's Leaf Warbler
halwar1,海南柳莺,Hainan Leaf Warbler
klolew1,白斑尾柳莺,Kloss's Leaf Warbler
wtlwar1,云南白斑尾柳莺/白斑尾柳莺,Davison's/Kloss's Leaf Warbler
mouwar2,Mountain Leaf Warbler,Mountain Leaf Warbler
mouwar4,Negros Leaf Warbler,Negros Leaf Warbler
tilwar2,Timor/Flores Leaf Warbler,Timor Leaf Warbler
tilwar3,Flores Leaf Warbler,Timor Leaf Warbler (Flores)
tilwar4,Timor Leaf Warbler,Timor Leaf Warbler (Timor)
rolwar1,Rote Leaf Warbler,Rote Leaf Warbler
sclwar1,Makira Leaf Warbler,Makira Leaf Warbler
sulwar1,Sulawesi Leaf Warbler,Sulawesi Leaf Warbler
sulwar3,Lompobattang Leaf Warbler,Lompobattang Leaf Warbler
selwar1,Selayar Leaf Warbler (undescribed form),Selayar Leaf Warbler (undescribed form)
islwar1,Island Leaf Warbler,Island Leaf Warbler
isllew4,Island Leaf Warbler (Peleng),Island Leaf Warbler (Peleng)
isllew3,Island Leaf Warbler (Taliabu),Island Leaf Warbler (Taliabu)
isllew8,Island Leaf Warbler (Halmahera),Island Leaf Warbler (Halmahera)
isllew11,Island Leaf Warbler (Bacan),Island Leaf Warbler (Bacan)
isllew7,Island Leaf Warbler (Buru),Island Leaf Warbler (Buru)
isllew6,Island Leaf Warbler (Seram),Island Leaf Warbler (Seram)
isllew5,Island Leaf Warbler (Kai),Island Leaf Warbler (Kai)
isllew2,Island Leaf Warbler (New Guinea),Island Leaf Warbler (New Guinea)
isllew1,Island Leaf Warbler (South Pacific),Island Leaf Warbler (South Pacific)
isllew9,Numfor Leaf Warbler,Numfor Leaf Warbler
isllew10,Biak Leaf Warbler,Biak Leaf Warbler
kullew1,Kolombangara Leaf Warbler,Kolombangara Leaf Warbler
phyllo1,未识别的柳莺,Phylloscopus sp.
grehyl1,Green Hylia,Green Hylia
tithyl1,Tit Hylia,Tit-hylia
chcfly1,Chestnut-capped Flycatcher,Chestnut-capped Flycatcher
yelfly2,Little Yellow Flycatcher,Yellow Flycatcher
livfly1,Livingstone's Flycatcher,Livingstone's Flycatcher
stswar1,Streaked Scrub Warbler,Scrub Warbler
scrwar1,Streaked Scrub Warbler (Western),Scrub Warbler (Western)
scrwar2,Streaked Scrub Warbler (Eastern),Scrub Warbler (Eastern)
neuwar1,Neumann's Warbler,Neumann's Warbler
pfbwar1,淡脚树莺,Pale-footed Bush Warbler
timstu1,Timor Stubtail,Timor Stubtail
borstu1,Bornean Stubtail,Bornean Stubtail
asistu1,鳞头树莺,Asian Stubtail
gybtes1,灰腹地莺,Gray-bellied Tesia
slbtes1,金冠地莺,Slaty-bellied Tesia
y00906,灰腹地莺/金冠地莺,Gray-bellied/Slaty-bellied Tesia
javtes1,Javan Tesia,Javan Tesia
ructes1,Russet-capped Tesia,Russet-capped Tesia
tesia1,未识别的Tesia属地莺,tesia sp. (genus Tesia)
ccbwar1,大树莺,Chestnut-crowned Bush Warbler
gysbuw1,棕顶树莺,Gray-sided Bush Warbler
chhtes1,栗头地莺,Chestnut-headed Tesia
cetwar1,宽尾树莺,Cetti's Warbler
cettia1,未识别的Cettia属树莺,Cettia sp.
yebwar1,黄腹鹟莺,Yellow-bellied Warbler
rufwar1,棕脸鹟莺,Rufous-faced Warbler
blfwar1,黑脸鹟莺,Black-faced Warbler
moutai2,金头拟缝叶莺,Mountain Tailorbird
ruhtai2,Rufous-headed Tailorbird,Rufous-headed Tailorbird
brbwar1,宽嘴鹟莺,Broad-billed Warbler
y01153,金头拟缝叶莺/宽嘴鹟莺,Mountain Tailorbird/Broad-billed Warbler
phbwar1,Philippine Bush Warbler,Philippine Bush Warbler
jabwar,日本树莺,Japanese Bush Warbler
jabwar7,日本树莺 (广布),Japanese Bush Warbler (Northern)
jabwar6,日本树莺 (diphone),Japanese Bush Warbler (Bonin)
manbuw1,远东树莺,Manchurian Bush Warbler
y00747,日本树莺/远东树莺,Japanese/Manchurian Bush Warbler
pabwar1,Palau Bush Warbler,Palau Bush Warbler
tabwar1,Tanimbar Bush Warbler,Tanimbar Bush Warbler
shawar1,Shade Bush Warbler,Shade Warbler
odedi1,Bougainville Bush Warbler,Odedi
fibwar1,Fiji Bush Warbler,Fiji Bush Warbler
bfbwar1,强脚树莺,Brownish-flanked Bush Warbler
bfbwar2,强脚树莺 (广布),Brownish-flanked Bush Warbler (Brownish-flanked)
bfbwar3,强脚树莺 (台湾),Brownish-flanked Bush Warbler (Taiwan)
yebbuw2,喜山黄腹树莺 (休氏树莺),Hume's Bush Warbler
ybbwar1,黄腹树莺,Yellowish-bellied Bush Warbler
y00748,强脚树莺/黄腹树莺,Brownish-flanked/Yellowish-bellied Bush Warbler
abbwar1,异色树莺,Aberrant Bush Warbler
subwar4,异色树莺 [vulcanius Group],Aberrant Bush Warbler (Sunda)
abbwar2,异色树莺 (喜山),Aberrant Bush Warbler (Aberrant)
abbwar3,异色树莺 (横断山脉),Aberrant Bush Warbler (Perplexing)
buswar1,未识别的Horornis属树莺,Horornis sp.
wbtwar1,花彩雀莺,White-browed Tit-Warbler
crtwar1,凤头雀莺,Crested Tit-Warbler
lottit1,北长尾山雀,Long-tailed Tit
lottit2,北长尾山雀 (白头),Long-tailed Tit (caudatus)
lottit3,北长尾山雀 [europaeus Group],Long-tailed Tit (europaeus Group)
lottit4,北长尾山雀 [alpinus Group],Long-tailed Tit (alpinus Group)
lottit5,银喉长尾山雀,Silver-throated Tit
x01197,北长尾山雀x银喉长尾山雀 (杂交),Long-tailed x Silver-throated Tit (hybrid)
whctit1,White-cheeked Bushtit,White-cheeked Tit
pygtit1,Pygmy Bushtit,Pygmy Tit
blttit2,红头长尾山雀,Black-throated Tit
bkttit1,红头长尾山雀 (黑眉),Black-throated Tit (Black-throated)
bkttit3,红头长尾山雀 (白眉),Black-throated Tit (Red-headed)
bkttit2,红头长尾山雀 (annamensis),Black-throated Tit (Gray-crowned)
whttit1,White-throated Bushtit,White-throated Tit
bkbtit3,棕额长尾山雀/缅甸长尾山雀/黑眉长尾山雀,Black-browed Tit
bkbtit5,棕额长尾山雀,Black-browed Tit (Rufous-fronted)
bkbtit6,缅甸长尾山雀,Black-browed Tit (Burmese)
bkbtit4,黑眉长尾山雀,Black-browed Tit (Black-browed)
sootit1,银脸长尾山雀,Sooty Tit
bushti,American Bushtit,Bushtit
bushti1,American Bushtit (Pacific),Bushtit (Pacific)
bushti2,American Bushtit (Interior),Bushtit (Interior)
bkebus,American Bushtit (melanotis Group),Bushtit (melanotis Group)
blackc1,黑顶林莺,Eurasian Blackcap
garwar1,Garden Warbler,Garden Warbler
dohthb1,Dohrn's Warbler,Dohrn's Thrush-Babbler
abycat1,Abyssinian Catbird,Abyssinian Catbird
busbla1,Bush Blackcap,Bush Blackcap
afhbab1,African Hill Babbler,African Hill Babbler
afhbab4,African Hill Babbler (Mt. Cameroon),African Hill Babbler (Mt. Cameroon)
afhbab5,African Hill Babbler (Claude's),African Hill Babbler (Claude's)
afhbab6,African Hill Babbler (Stierling's),African Hill Babbler (Stierling's)
afhbab2,African Hill Babbler (African),African Hill Babbler (African)
afhbab3,Rwenzori Hill Babbler,Rwenzori Hill Babbler
barwar1,横斑林莺,Barred Warbler
laywar2,Layard's Warbler,Layard's Warbler
banwar2,Banded Parisoma,Banded Parisoma
ruvwar2,Chestnut-vented Warbler,Chestnut-vented Warbler
y01306,Layard's/Chestnut-vented Warbler,Layard's/Chestnut-vented Warbler
leswhi4,白喉林莺/沙白喉林莺/休氏白喉林莺,Lesser Whitethroat
leswhi2,白喉林莺 (北方),Lesser Whitethroat (curruca/blythi)
leswhi3,白喉林莺 (中亚),Lesser Whitethroat (halimodendri)
leswhi1,白喉林莺,Lesser Whitethroat (Lesser)
smawhi1,沙白喉林莺 (中亚),Lesser Whitethroat (Desert)
y01048,白喉林莺/沙白喉林莺 (中亚),Lesser Whitethroat (Lesser/Desert)
marwhi1,沙白喉林莺 (甘肃),Lesser Whitethroat (Gansu)
y01050,沙白喉林莺,Lesser Whitethroat (Desert/Gansu)
humwhi1,休氏白喉林莺,Lesser Whitethroat (Hume's)
y00752,白喉林莺/休氏白喉林莺,Lesser Whitethroat (Lesser/Hume's)
y01049,白喉林莺/沙白喉林莺 (中亚)/休氏白喉林莺,Lesser Whitethroat (Lesser/Desert/Hume's)
brnwar1,Brown Parisoma,Brown Parisoma
brnwar3,Brown Parisoma (Grey-vented),Brown Parisoma (Gray-vented)
brnwar2,Brown Parisoma (Brown),Brown Parisoma (Brown)
yemwar1,Yemen Warbler,Yemen Warbler
reswar1,Arabian Warbler,Arabian Warbler
weowar2,Western Orphean Warbler,Western Orphean Warbler
eaowar2,东歌林莺,Eastern Orphean Warbler
y00816,Western/Eastern Orphean Warbler,Western/Eastern Orphean Warbler
afdwar1,African Desert Warbler,African Desert Warbler
asdwar1,亚洲漠地林莺,Asian Desert Warbler
triwar1,Tristram's Warbler,Tristram's Warbler
menwar1,Menetries's Warbler,Menetries's Warbler
menwar2,Menetries's Warbler (mystacea),Menetries's Warbler (mystacea)
menwar3,Menetries's Warbler (rubescens/turcmenica),Menetries's Warbler (rubescens/turcmenica)
ruewar1,Rüppell's Warbler,Rüppell's Warbler
cypwar1,Cyprus Warbler,Cyprus Warbler
sarwar1,Sardinian Warbler,Sardinian Warbler
subwar8,Moltoni's Warbler,Moltoni's Warbler
subwar6,Western Subalpine Warbler,Western Subalpine Warbler
easwar1,Eastern Subalpine Warbler,Eastern Subalpine Warbler
subwar1,Western/Eastern Subalpine Warbler,Western/Eastern Subalpine Warbler
y00909,Moltoni's/Western/Eastern Subalpine Warbler,Moltoni's/Western/Eastern Subalpine Warbler
grewhi1,灰白喉林莺,Greater Whitethroat
spewar2,Spectacled Warbler,Spectacled Warbler
marwar1,Marmora's Warbler,Marmora's Warbler
darwar1,Dartford Warbler,Dartford Warbler
balwar1,Balearic Warbler,Balearic Warbler
curruc1,未识别的Curruca属林莺,Curruca sp.
sylvia1,未识别的Sylvia/Curruca属林莺,Sylvia/Curruca sp.
olwwar1,未识别的旧大陆莺类,old world warbler sp.
fitmyz1,火尾绿鹛,Fire-tailed Myzornis
rutbab1,宝兴鹛雀,Rufous-tailed Babbler
gobful1,金胸雀鹛,Golden-breasted Fulvetta
yeebab1,金眼鹛雀,Yellow-eyed Babbler
jerbab1,杰氏鹛雀,Jerdon's Babbler
jerbab2,杰氏鹛雀 (scindicum),Jerdon's Babbler (Indus)
jerbab3,杰氏鹛雀 (griseigulare),Jerdon's Babbler (Himalayan)
jerbab4,杰氏鹛雀 (altirostre),Jerdon's Babbler (Irrawaddy)
tarbab1,西域山鹛,Tarim Babbler
beibab1,山鹛,Beijing Babbler
speful1,棕头雀鹛,Spectacled Fulvetta
indful1,中南雀鹛 (印支雀鹛),Indochinese Fulvetta
chiful1,中华雀鹛 (高山雀鹛),Chinese Fulvetta
ludful1,路德雀鹛,Brown-throated Fulvetta
whbful1,白眉雀鹛,White-browed Fulvetta
whbful10,白眉雀鹛 (白喉，褐耳羽),White-browed Fulvetta (White-throated)
whbful4,白眉雀鹛 (纹喉，褐耳羽),White-browed Fulvetta (Bhutan)
whbful5,白眉雀鹛 (austeni),White-browed Fulvetta (Naga Hills)
whbful6,白眉雀鹛 (ripponi),White-browed Fulvetta (Chin Hills)
whbful11,白眉雀鹛 (白喉，黑耳羽),White-browed Fulvetta (Chinese)
whbful8,白眉雀鹛 (纹喉，黑耳羽),White-browed Fulvetta (Vietnam)
sttful2,褐头雀鹛,Manipur Fulvetta
sttful1,灰头雀鹛,Gray-hooded Fulvetta
taiful1,玉山雀鹛,Taiwan Fulvetta
fulvet2,未识别的Fulvetta属雀鹛,fulvetta sp. (genus Fulvetta)
wrenti,Wrentit,Wrentit
reepar3,震旦鸦雀,Reed Parrotbill
reepar5,震旦鸦雀 (东北),Reed Parrotbill (Northern)
reepar4,震旦鸦雀 (华东),Reed Parrotbill (Reed)
blbpar2,斑胸鸦雀,Black-breasted Parrotbill
spbpar1,点胸鸦雀,Spot-breasted Parrotbill
grepar1,红嘴鸦雀,Great Parrotbill
bropar1,褐鸦雀,Brown Parrotbill
thtpar1,三趾鸦雀,Three-toed Parrotbill
gyhpar3,灰头鸦雀,Gray-headed Parrotbill
bkhpar1,Black-headed Parrotbill,Black-headed Parrotbill
x00815,Grey-headed x Black-headed Parrotbill (hybrid),Gray-headed x Black-headed Parrotbill (hybrid)
ruhpar3,白胸鸦雀,White-breasted Parrotbill
ruhpar2,红头鸦雀,Rufous-headed Parrotbill
shtpar3,短尾鸦雀,Short-tailed Parrotbill
fulpar1,黄额鸦雀,Fulvous Parrotbill
bltpar1,橙额鸦雀,Black-throated Parrotbill
bktpar1,橙额鸦雀 (灰顶),Black-throated Parrotbill (Black-throated)
bktpar2,橙额鸦雀 (橙耳),Black-throated Parrotbill (Orange-eared)
bktpar3,橙额鸦雀 (灰耳),Black-throated Parrotbill (Gray-breasted)
bktpar4,橙额鸦雀 (ripponi/patriciae),Black-throated Parrotbill (Buff-breasted)
bktpar5,橙额鸦雀 (黑耳),Black-throated Parrotbill (Black-eared)
golpar2,金色鸦雀,Golden Parrotbill
blbpar3,黑眉鸦雀,Pale-billed Parrotbill
spepar2,白眶鸦雀,Spectacled Parrotbill
gyhpar4,暗色鸦雀,Gray-hooded Parrotbill
bnwpar1,云南鸦雀,Eye-ringed Parrotbill
bnwpar2,褐翅鸦雀,Brown-winged Parrotbill
vitpar1,棕头鸦雀,Vinous-throated Parrotbill
astpar1,灰喉鸦雀,Ashy-throated Parrotbill
x00467,棕头鸦雀x灰喉鸦雀 (杂交),Vinous-throated x Ashy-throated Parrotbill (hybrid)
rutpar2,灰冠鸦雀,Rusty-throated Parrotbill
parrot1,未识别的鸦雀,parrotbill sp.
whcyuh1,白领凤鹛,White-collared Yuhina
chcyuh1,Chestnut-crested Yuhina,Chestnut-crested Yuhina
stryuh1,栗耳凤鹛,Striated Yuhina
stryuh6,栗耳凤鹛 (灰冠),Striated Yuhina (Gray-crowned)
stryuh4,栗耳凤鹛 (褐冠),Striated Yuhina (Rufous-crowned)
indyuh1,栗颈凤鹛,Indochinese Yuhina
blcyuh1,黑额凤鹛,Black-chinned Yuhina
taiyuh1,褐头凤鹛,Taiwan Yuhina
whiyuh1,黄颈凤鹛,Whiskered Yuhina
buryuh1,Burmese Yuhina,Burmese Yuhina
whnyuh1,白项凤鹛,White-naped Yuhina
sttyuh1,纹喉凤鹛,Stripe-throated Yuhina
ruvyuh1,棕臀凤鹛,Rufous-vented Yuhina
yuhina1,未识别的凤鹛,yuhina sp.
fltbab1,Flame-templed Babbler,Flame-templed Babbler
vispyb1,Visayan Pygmy Babbler,Visayan Pygmy-Babbler
pygbab1,Mindanao Pygmy Babbler,Mindanao Pygmy-Babbler
rucbab3,Rusty-crowned Babbler,Rusty-crowned Babbler
gocbab1,Golden-crowned Babbler,Golden-crowned Babbler
bkcbab3,Calabarzon Babbler,Calabarzon Babbler
bkcbab10,Visayan Babbler,Visayan Babbler
pasbab1,Palawan Striped Babbler,Palawan Striped-Babbler
lusbab1,Luzon Striped Babbler,Luzon Striped-Babbler
chfbab1,Chestnut-faced Babbler,Chestnut-faced Babbler
pasbab2,Panay Striped Babbler,Panay Striped-Babbler
nesbab1,Negros Striped Babbler,Negros Striped-Babbler
goweye1,Golden White-eye,Golden White-eye
trweye1,Teardrop White-eye,Teardrop White-eye
lbweye2,Long-billed White-eye,Long-billed White-eye
giweye1,Giant White-eye,Giant White-eye
jgtwhe1,Mees's White-eye,Javan Heleia
gyhwhe1,Grey-hooded White-eye,Gray-hooded Heleia
pyweye1,Pygmy White-eye,Pygmy Heleia
minwhe1,Mindanao White-eye,Mindanao Heleia
sthwhe1,Streak-headed White-eye,Sulawesi Heleia
whbwhe1,Cream-browed White-eye,Eyebrowed Heleia
dacwhe1,Crested White-eye,Dark-crowned Heleia
timwhe1,Spot-breasted Heleia,Timor Heleia
flowhe1,Thick-billed Heleia,Flores Heleia
ysweye1,Yellow-ringed White-eye,Yellow-spectacled Heleia
bonhon1,Bonin White-eye,Bonin White-eye
rufwhe1,Rufescent Darkeye,Rufescent White-eye
ceywhe1,Sri Lanka White-eye,Sri Lanka White-eye
yelwhe1,Yellowish White-eye,Yellowish White-eye
bkcwhe1,Black-capped White-eye,Black-capped White-eye
whbwhe3,Pale White-eye,Pale White-eye
brrwhe9,Mbulu White-eye,Mbulu White-eye
cfweye1,红胁绣眼鸟,Chestnut-flanked White-eye
swiwhe1,暗绿绣眼鸟,Swinhoe's White-eye
mouble1,Mountain Blackeye,Mountain Black-eye
warwhe1,日本绣眼鸟,Warbling White-eye
y00424,暗绿绣眼鸟/日本绣眼鸟,Swinhoe's/Warbling White-eye
indwhe1,灰腹绣眼鸟,Indian White-eye
y01105,暗绿绣眼鸟/灰腹绣眼鸟,Swinhoe's/Indian White-eye
loweye2,低地绣眼鸟,Lowland White-eye
marwhe1,Marianne White-eye,Marianne White-eye
coweye1,Karthala White-eye,Comoro White-eye
reuwhe1,Reunion Olive White-eye,Reunion White-eye
mauwhe1,Mauritius Olive White-eye,Mauritius White-eye
maswhe2,Reunion Grey White-eye,Reunion Gray White-eye
maswhe3,Mauritius Grey White-eye,Mauritius Gray White-eye
wbweye1,Abyssinian White-eye,Abyssinian White-eye
abywhe1,Socotra White-eye,Socotra White-eye
camspe1,Mount Cameroon Speirops,Cameroon Speirops
afywhe1,Forest White-eye,Forest White-eye
afywhe3,Green White-eye,Green White-eye
brrwhe8,Broad-ringed White-eye,Kilimanjaro White-eye
fepspe1,Fernando Po Speirops,Bioko Speirops
heuwhe2,Ethiopian White-eye,Ethiopian White-eye
kafwhe1,Kafa White-eye,Kafa White-eye
brrwhe7,Kafa White-eye (Kafa),Kafa White-eye (Kafa)
brrwhe5,Kafa White-eye (Kulal),Kafa White-eye (Kulal)
brrwhe3,Kikuyu White-eye,Kikuyu White-eye
satwhe1,Principe White-eye,Principe White-eye
anweye1,Annobon White-eye,Annobon White-eye
satwhe2,Sao Tome White-eye,Sao Tome White-eye
blcspe1,Black-capped Speirops,Black-capped Speirops
prispe1,Principe Speirops,Principe Speirops
brrwhe4,Taita White-eye,Taita White-eye
afywhe2,Northern Yellow White-eye,Northern Yellow White-eye
noywhe1,Northern Yellow White-eye (senegalensis/demeryi),Northern Yellow White-eye (senegalensis/demeryi)
noywhe3,Northern Yellow White-eye (jacksoni/gerhardi),Northern Yellow White-eye (jacksoni/gerhardi)
y00444,Green/Northern Yellow White-eye,Green/Northern Yellow White-eye
noywhe2,Angola White-eye,Angola White-eye
capwhe6,Orange River White-eye,Orange River White-eye
brrwhe10,South Pare White-eye,South Pare White-eye
capwhe2,Cape White-eye,Cape White-eye
capwhe4,Cape White-eye (Cape),Cape White-eye (Cape)
capwhe5,Cape White-eye (Green),Cape White-eye (Green)
x00968,Orange River x Cape White-eye (hybrid),Orange River x Cape White-eye (hybrid)
y01154,Orange River/Cape White-eye,Orange River/Cape White-eye
afywhe4,Southern Yellow White-eye,Southern Yellow White-eye
y01390,Cape/Southern Yellow White-eye,Cape/Southern Yellow White-eye
peweye1,Pemba White-eye,Pemba White-eye
seywhe1,Seychelles White-eye,Seychelles White-eye
anjwhe1,Anjouan White-eye,Anjouan White-eye
mohwhe1,Moheli White-eye,Moheli White-eye
madwhe1,Malagasy White-eye,Malagasy White-eye
kirwhe1,Kirk's White-eye,Kirk's White-eye
maywhe1,Mayotte White-eye,Mayotte White-eye
aldwhe1,Aldabra White-eye,Aldabra White-eye
yebwhe1,Lemon-bellied White-eye,Lemon-bellied White-eye
merwhe1,Meratus White-eye,Meratus White-eye
lebwhe2,Wakatobi White-eye,Wakatobi White-eye
bcweye2,Black-crowned White-eye,Black-crowned White-eye
bkcwhe9,Black-crowned White-eye (northern Sulawesi),Black-crowned White-eye (northern Sulawesi)
bkcwhe7,Black-crowned White-eye (Banggai),Black-crowned White-eye (Banggai)
bkcwhe5,Black-crowned White-eye (Sula),Black-crowned White-eye (Sula)
bkcwhe8,Black-crowned White-eye (undescribed Lake Matano form),Black-crowned White-eye (undescribed Lake Matano form)
sanwhe1,Sangihe White-eye,Sangihe White-eye
togwhe1,Togian White-eye,Togian White-eye
sulwhe1,Pale-bellied White-eye,Sulawesi White-eye
bkrwhe1,Black-ringed White-eye,Black-ringed White-eye
bfweye1,Black-fronted/Green-fronted White-eye,Black-fronted White-eye
bkfwhe1,Black-fronted White-eye,Black-fronted White-eye (Black-fronted)
bkfwhe2,Green-fronted White-eye,Black-fronted White-eye (Green-fronted)
wtweye1,Tagula White-eye,Tagula White-eye
crtwhe2,Morotai White-eye,Morotai White-eye
crtwhe1,Cream-throated White-eye,Cream-throated White-eye
crtwhe3,Cream-throated White-eye (Halmahera),Cream-throated White-eye (Halmahera)
crtwhe4,Cream-throated White-eye (Bacan),Cream-throated White-eye (Bacan)
obiwhe1,Obi White-eye (undescribed form),Obi White-eye (undescribed form)
burwhe1,Buru White-eye,Buru White-eye
serwhe1,Seram White-eye,Seram White-eye
jaweye2,Javan White-eye,Javan White-eye
asbwhe1,Ashy-bellied White-eye,Ashy-bellied White-eye
asbwhe2,Ashy-bellied White-eye (Yellow-bellied),Ashy-bellied White-eye (Yellow-bellied)
asbwhe6,Ashy-bellied White-eye (Ashy-bellied),Ashy-bellied White-eye (Ashy-bellied)
ayweye3,Canary White-eye,Australian Yellow White-eye
silver3,Silvereye,Silvereye
silver19,Silvereye (Lord Howe),Silvereye (Lord Howe)
silver6,Silvereye (Capricorn),Silvereye (Capricorn)
silver2,Silvereye (West Australian),Silvereye (West Australian)
silver20,Silvereye (East Australian),Silvereye (East Australian)
silver10,Silvereye (Cinnamon-flanked),Silvereye (Cinnamon-flanked)
silver15,Silvereye (Ouvea and Mare),Silvereye (Ouvea and Mare)
silver16,Silvereye (Lifou),Silvereye (Lifou)
silver17,Silvereye (New Caledonian),Silvereye (New Caledonian)
silver21,Silvereye (Vanuatu),Silvereye (Vanuatu)
silver18,Silvereye (Fiji),Silvereye (Fiji)
x01127,Ashy-bellied White-eye x Silvereye (hybrid),Ashy-bellied White-eye x Silvereye (hybrid)
y01286,Ashy-bellied White-eye/Silvereye,Ashy-bellied White-eye/Silvereye
wawwhe1,Wangi-wangi White-eye,Wangi-wangi White-eye
humwhe1,Hume's White-eye,Hume's White-eye
y01155,Swinhoe's/Hume's White-eye,Swinhoe's/Hume's White-eye
sanwhe2,Sangkar White-eye,Sangkar White-eye
evweye1,Everett's White-eye,Everett's White-eye
baweye2,Vella Lavella White-eye,Banded White-eye
sacwhe1,Santa Cruz White-eye,Santa Cruz White-eye
capwhe3,Capped/Oya Tabu White-eye,Capped White-eye
capwhe7,Capped White-eye,Capped White-eye (Capped)
capwhe8,Oya Tabu White-eye,Capped White-eye (Oya Tabu)
yfweye1,Vanuatu White-eye,Yellow-fronted White-eye
beweye1,Bare-eyed White-eye,Bare-eyed White-eye
saweye2,Sanford's White-eye,Sanford's White-eye
vanwhe1,Vanikoro White-eye,Vanikoro White-eye
laweye1,Fiji White-eye,Fiji White-eye
y00817,Silvereye/Fiji White-eye,Silvereye/Fiji White-eye
bhweye1,Bismarck White-eye,Black-headed White-eye
biweye1,Biak White-eye,Biak White-eye
gytwhe2,Bougainville White-eye,Bougainville White-eye
gytwhe4,Guadalcanal White-eye,Guadalcanal White-eye
gytwhe5,Makira White-eye,Makira White-eye
yapwhe1,Olive-colored White-eye,Yap White-eye
duweye1,Dusky White-eye,Dusky White-eye
pohwhe1,Grey-brown White-eye,Pohnpei White-eye
koswhe1,Kosrae White-eye,Kosrae White-eye
rotwhe1,Rota White-eye,Rota White-eye
ytweye1,Yellow-throated White-eye,Yellow-throated White-eye
maweye2,Malaita White-eye,Malaita White-eye
ngweye1,Papuan White-eye,New Guinea White-eye
ambwhe1,Ambon White-eye,Ambon White-eye
grkwhe1,Kai Besar White-eye,Kai Besar White-eye
spweye2,Gizo White-eye,Splendid White-eye
likwhe1,Kai Kecil White-eye,Kai Kecil White-eye
gaweye1,Ranongga White-eye,Ranongga White-eye
soiwhe2,Solomons White-eye,Solomons White-eye
soiwhe3,Dark-eyed White-eye,Dark-eyed White-eye
ciweye2,Christmas White-eye,Christmas Island White-eye
brweye1,Bridled White-eye,Bridled White-eye
briwhe2,Bridled White-eye (Saipan),Bridled White-eye (Saipan)
briwhe1,Bridled White-eye (Bridled),Bridled White-eye (Bridled)
ciweye1,Citrine White-eye,Caroline Islands White-eye
plweye1,Plain White-eye,Plain White-eye
loweye1,Louisiade White-eye,Louisiade White-eye
kulwhe1,Kolombangara White-eye,Kolombangara White-eye
llweye1,Large Lifou White-eye,Large Lifou White-eye
wcweye1,White-chested White-eye,White-chested White-eye
saweye1,Samoan White-eye,Samoan White-eye
robwhe1,Robust White-eye,Robust White-eye
sbweye1,Slender-billed White-eye,Slender-billed White-eye
slweye1,Small Lifou White-eye,Small Lifou White-eye
gnbwhe1,Green-backed White-eye,Green-backed White-eye
reweye1,Rennell White-eye,Rennell White-eye
zoster1,未识别的Zosterops属绣眼鸟,Zosterops sp.
whitee1,未识别的绣眼鸟类,white-eye sp.
chcbab1,红顶鹛,Chestnut-capped Babbler
tabbab1,Tawny-bellied Babbler,Tawny-bellied Babbler
tabbab2,Tawny-bellied Babbler (Tawny-bellied),Tawny-bellied Babbler (Tawny-bellied)
tabbab5,Tawny-bellied Babbler (White-throated),Tawny-bellied Babbler (White-throated)
dafbab1,Dark-fronted Babbler,Dark-fronted Babbler
dafbab2,Dark-fronted Babbler (atriceps),Dark-fronted Babbler (atriceps)
dafbab3,Dark-fronted Babbler (bourdilloni),Dark-fronted Babbler (bourdilloni)
dafbab4,Dark-fronted Babbler (siccata),Dark-fronted Babbler (siccata)
dafbab5,Dark-fronted Babbler (nigrifrons),Dark-fronted Babbler (nigrifrons)
gyftib1,Grey-faced Tit-Babbler,Gray-faced Tit-Babbler
gyctib1,Grey-cheeked Tit-Babbler,Gray-cheeked Tit-Babbler
gyctib3,Kangean Tit-Babbler,Kangean Tit-Babbler
sttbab1,纹胸鹛 (纹胸巨鹛),Pin-striped Tit-Babbler
pistib1,纹胸鹛 (褐背),Pin-striped Tit-Babbler (Pin-striped)
pistib2,纹胸鹛 (灰背),Pin-striped Tit-Babbler (Palawan)
y01051,Grey-faced/Pin-striped Tit-Babbler,Gray-faced/Pin-striped Tit-Babbler
bostib1,Bold-striped Tit-Babbler,Bold-striped Tit-Babbler
bostib2,Bold-striped Tit-Babbler (Bold-striped),Bold-striped Tit-Babbler (Bold-striped)
bostib3,Bold-striped Tit-Babbler (Mapun),Bold-striped Tit-Babbler (Mapun)
fbtbab1,Fluffy-backed Tit-Babbler,Fluffy-backed Tit-Babbler
brtbab1,Brown Tit-Babbler,Brown Tit-Babbler
golbab1,金头穗鹛,Golden Babbler
chwbab1,Chestnut-winged Babbler,Chestnut-winged Babbler
chwbab3,Grey-hooded Babbler,Gray-hooded Babbler
crcbab1,Crescent-chested Babbler,Crescent-chested Babbler
rufbab10,黄喉穗鹛/红额穗鹛,Rufous-fronted Babbler
bucbab1,黄喉穗鹛,Rufous-fronted Babbler (Buff-chested)
rufbab2,红额穗鹛,Rufous-fronted Babbler (Rufous-fronted)
blcbab2,黑颏穗鹛,Black-chinned Babbler
rucbab1,红头穗鹛,Rufous-capped Babbler
cyanod1,未识别的Cyanoderma属穗鹛,Cyanoderma sp.
rtwbab1,短尾鹩鹛,Rufous-throated Wren-Babbler
miswrb1,锈喉鹩鹛,Mishmi Wren-Babbler
bwwbab1,斑翅鹩鹛,Bar-winged Wren-Babbler
patwrb1,淡喉鹩鹛,Pale-throated Wren-Babbler
ltwbab1,Naga Wren-Babbler,Naga Wren-Babbler
chhwrb1,Chin Hills Wren-Babbler,Chin Hills Wren-Babbler
tbwbab1,Tawny-breasted Wren-Babbler,Tawny-breasted Wren-Babbler
gybwrb1,灰腹鹩鹛 (长尾鹩鹛),Gray-bellied Wren-Babbler
liswrb1,Lisu Wren-Babbler (undescribed form),Lisu Wren-Babbler (undescribed form)
spelae1,未识别的Spelaeornis属鹩鹛,Spelaeornis sp.
blalau1,Black Laughingthrush,Black Laughingthrush
bahlau1,Bare-headed Laughingthrush,Bare-headed Laughingthrush
cobscb1,黑冠钩嘴鹛,Black-crowned Scimitar-Babbler
bncscb1,红嘴钩嘴鹛,Brown-crowned Scimitar-Babbler
cobscb2,红嘴钩嘴鹛 (滇西),Brown-crowned Scimitar-Babbler (Phayre's)
cobscb3,红嘴钩嘴鹛 (滇东南),Brown-crowned Scimitar-Babbler (albogularis Group)
cbsbab2,黑冠钩嘴鹛/红嘴钩嘴鹛,Black-crowned/Brown-crowned Scimitar-Babbler
rbsbab1,棕头钩嘴鹛,Red-billed Scimitar-Babbler
y01110,黑冠钩嘴鹛/棕头钩嘴鹛,Black-crowned/Red-billed Scimitar-Babbler
y01199,红嘴钩嘴鹛/棕头钩嘴鹛,Brown-crowned/Red-billed Scimitar-Babbler
sbsbab1,剑嘴鹛,Slender-billed Scimitar-Babbler
sbsbab3,棕颈钩嘴鹛,Streak-breasted Scimitar-Babbler
taiscb1,台湾棕颈钩嘴鹛,Taiwan Scimitar-Babbler
wbsbab1,灰头钩嘴鹛,White-browed Scimitar-Babbler
y01119,棕颈钩嘴鹛/灰头钩嘴鹛,Streak-breasted/White-browed Scimitar-Babbler
insbab1,Indian Scimitar Babbler,Indian Scimitar-Babbler
srlscb1,Sri Lanka Scimitar Babbler,Sri Lanka Scimitar-Babbler
chbscb2,Sunda Scimitar Babbler,Sunda Scimitar-Babbler
chbscb1,Javan Scimitar Babbler,Javan Scimitar-Babbler
pomato1,Pomatorhinus sp.,Pomatorhinus sp.
lasbab1,长嘴钩嘴鹛,Large Scimitar-Babbler
rcsbab1,锈脸钩嘴鹛,Rusty-cheeked Scimitar-Babbler
reescb1,红眼钩嘴鹛,Red-eyed Scimitar-Babbler
spbscb1,印度斑胸钩嘴鹛,Spot-breasted Scimitar-Babbler
bksscb1,斑胸钩嘴鹛,Black-streaked Scimitar-Babbler
gysscb1,华南斑胸钩嘴鹛,Gray-sided Scimitar-Babbler
y01316,斑胸钩嘴鹛/华南斑胸钩嘴鹛,Black-streaked/Gray-sided Scimitar-Babbler
sbsbab2,台湾斑胸钩嘴鹛,Black-necklaced Scimitar-Babbler
bltbab1,Black-throated Babbler,Black-throated Babbler
whbbab2,White-breasted Babbler,White-breasted Babbler
chrbab1,Chestnut-rumped Babbler,Chestnut-rumped Babbler
gytbab1,黑头穗鹛,Gray-throated Babbler
gyhbab1,Grey-headed Babbler,Gray-headed Babbler
nonbab1,弄岗穗鹛,Nonggang Babbler
soobab1,Sooty Babbler,Sooty Babbler
wbwbab1,黑胸楔嘴穗鹛 (黑胸楔嘴鹩鹛),Sikkim Wedge-billed Babbler
chbbab1,楔嘴穗鹛 (楔嘴鹩鹛),Cachar Wedge-billed Babbler
whnbab1,White-necked Babbler,White-necked Babbler
whbbab1,White-bibbed Babbler,White-bibbed Babbler
sntbab1,奥氏穗鹛,Snowy-throated Babbler
spnbab1,斑颈穗鹛,Spot-necked Babbler
stachy1,未识别的Stachyris属穗鹛,Stachyris sp.
babble1,未识别的鹛科鸟类,Timaliidae sp.
rurgra1,南亚草鹛,Indian Grassbird
chigra1,中华草鹛 (大草莺),Chinese Grassbird
lawbab1,Large Wren-Babbler,Large Wren-Babbler
mawbab1,Marbled Wren-Babbler,Marbled Wren-Babbler
btwbab1,Black-throated Wren-Babbler,Black-throated Wren-Babbler
socbab1,Sooty-capped Babbler,Sooty-capped Babbler
gybbab1,Grey-breasted Babbler,Gray-breasted Babbler
sccbab1,Scaly-crowned Babbler,Scaly-crowned Babbler
rucbab2,Rufous-crowned Babbler,Rufous-crowned Babbler
moubab1,Moustached Babbler,Moustached Babbler
palbab1,Melodious Babbler,Palawan Babbler
malaco1,Malacopteron sp.,Malacopteron sp.
whhbab2,白头鵙鹛,White-hooded Babbler
colbab1,领鵙鹛,Collared Babbler
yetful1,黄喉雀鹛,Yellow-throated Fulvetta
ruwful1,栗头雀鹛,Rufous-winged Fulvetta
bkcful1,Black-crowned Fulvetta,Black-crowned Fulvetta
gofful2,金额雀鹛,Gold-fronted Fulvetta
rutful1,棕喉雀鹛,Rufous-throated Fulvetta
rucful1,褐胁雀鹛,Rusty-capped Fulvetta
dusful1,褐顶雀鹛,Dusky Fulvetta
fulvet1,未识别的Schoeniparus属雀鹛,Schoeniparus sp.
putbab1,棕头幽鹛,Puff-throated Babbler
bncbab1,Brown-capped Babbler,Brown-capped Babbler
marbab2,Marsh Babbler,Marsh Babbler
bkcbab1,Malayan Black-capped Babbler,Malayan Black-capped Babbler
bbcbab1,Bornean Black-capped Babbler,Bornean Black-capped Babbler
bkcbab2,Javan Black-capped Babbler,Javan Black-capped Babbler
shtbab1,Mourning/Leaflitter/Glissando Babbler,Short-tailed Babbler
shtbab2,Mourning Babbler,Short-tailed Babbler (Mourning)
shtbab4,Glissando Babbler,Short-tailed Babbler (Glissando)
shtbab6,Leaflitter Babbler,Short-tailed Babbler (Leaflitter)
ashbab1,Ashy-headed Babbler,Ashy-headed Babbler
sptbab1,白腹幽鹛,Spot-throated Babbler
bubbab1,棕胸幽鹛,Buff-breasted Babbler
sumbab1,Sumatran Babbler,Sumatran Babbler
tembab1,Temminck's Babbler,Temminck's Babbler
whcbab1,Malayan/Bornean Swamp Babbler,White-chested Babbler
whcbab2,Malayan Swamp Babbler,White-chested Babbler (Malayan)
whcbab3,Bornean Swamp Babbler,White-chested Babbler (Bornean)
ferbab1,Ferruginous Babbler,Ferruginous Babbler
sulbab1,Sulawesi Babbler,Sulawesi Babbler
ruvpri1,Rufous-vented Grass Babbler,Rufous-vented Grass Babbler
swapri1,Swamp Grass Babbler,Swamp Grass Babbler
broill1,Brown Illadopsis,Brown Illadopsis
brnill1,Brown Illadopsis (Moloney's),Brown Illadopsis (Moloney's)
brnill2,Brown Illadopsis (Brown),Brown Illadopsis (Brown)
pabill1,Pale-breasted Illadopsis,Pale-breasted Illadopsis
y01317,Brown/Pale-breasted Illadopsis,Brown/Pale-breasted Illadopsis
pabill3,Tanzanian Illadopsis,Tanzanian Illadopsis
mouill1,Mountain Illadopsis,Mountain Illadopsis
blaill1,Blackcap Illadopsis,Blackcap Illadopsis
blaill2,Blackcap Illadopsis (Western),Blackcap Illadopsis (Western)
blaill3,Blackcap Illadopsis (Eastern),Blackcap Illadopsis (Eastern)
blaill4,Blackcap Illadopsis (Bioko),Blackcap Illadopsis (Bioko)
scbill1,Scaly-breasted Illadopsis,Scaly-breasted Illadopsis
y01319,Pale-breasted/Scaly-breasted Illadopsis,Pale-breasted/Scaly-breasted Illadopsis
y01318,Mountain/Scaly-breasted Illadopsis,Mountain/Scaly-breasted Illadopsis
thrbab1,Spotted Thrush-Babbler,Thrush Babbler
thrbab2,Spotted Thrush-Babbler (Rufous-tailed),Thrush Babbler (Rufous-tailed)
thrbab3,Spotted Thrush-Babbler (Thrush),Thrush Babbler (Thrush)
thrbab4,Spotted Thrush-Babbler (Olive),Thrush Babbler (Olive)
puvill1,Puvel's Illadopsis,Puvel's Illadopsis
ruwill1,Rufous-winged Illadopsis,Rufous-winged Illadopsis
illado1,Illadopsis sp.,illadopsis sp.
stwbab3,Striped Wren-Babbler,Striped Wren-Babbler
abbbab1,阿氏雅鹛,Abbott's Babbler
horbab2,Horsfield's Babbler,Horsfield's Babbler
horbab1,Horsfield's Babbler (Hartert's),Horsfield's Babbler (Hartert's)
horbab3,Horsfield's Babbler (Horsfield's),Horsfield's Babbler (Horsfield's)
horbab4,Horsfield's Babbler (Salvadori's),Horsfield's Babbler (Salvadori's)
blbbab1,Black-browed Babbler,Black-browed Babbler
mowbab1,Mountain Wren-Babbler,Mountain Wren-Babbler
stwbab1,短尾鹪鹛,Streaked Wren-Babbler
limwrb4,灰岩鹪鹛,Annam Limestone Babbler
limwrb2,Rufous Limestone Babbler,Rufous Limestone Babbler
limwrb3,Variable Limestone Babbler,Variable Limestone Babbler
liwbab1,limestone babbler sp.,limestone babbler sp.
rbwbab1,Rusty-breasted Wren-Babbler,Rusty-breasted Wren-Babbler
stwbab2,Striated Wren-Babbler,Striated Wren-Babbler
strwrb13,Striated Wren-Babbler (minuta/fortichi),Striated Wren-Babbler (minuta/fortichi)
strwrb14,Striated Wren-Babbler (mindanensis/basilanica),Striated Wren-Babbler (mindanensis/basilanica)
bowbab1,Bornean Wren-Babbler,Bornean Wren-Babbler
fawbab1,Falcated Wren-Babbler,Falcated Wren-Babbler
eywbab1,纹胸鹪鹛,Eyebrowed Wren-Babbler
lbwbab1,长嘴鹩鹛,Long-billed Wren-Babbler
sumwrb1,Sumatran Wren-Babbler,Sumatran Wren-Babbler
whtwrb1,White-throated Wren-Babbler,White-throated Wren-Babbler
namscb1,瑙蒙短尾鹛,Naung Mung Scimitar-Babbler
stsbab1,短尾鹛,Short-tailed Scimitar-Babbler
pellor1,未识别的幽鹛科鸟类,Pellorneidae sp.
brcful1,褐脸雀鹛,Brown-cheeked Fulvetta
bkbful1,Black-browed Fulvetta,Black-browed Fulvetta
broful1,Brown Fulvetta,Brown Fulvetta
javful1,Javan Fulvetta,Javan Fulvetta
nepful1,白眶雀鹛,Nepal Fulvetta
gycful3,灰眶雀鹛,David's Fulvetta
gycful5,淡眉雀鹛,Huet's Fulvetta
gycful1,台湾雀鹛,Morrison's Fulvetta
gycful4,云南雀鹛,Yunnan Fulvetta
mouful1,Mountain Fulvetta,Mountain Fulvetta
y00653,Black-browed/Mountain Fulvetta,Black-browed/Mountain Fulvetta
alcipp1,未识别的Alcippe属雀鹛,Alcippe sp.
strlau2,条纹噪鹛,Striated Laughingthrush
cutia1,斑胁姬鹛,Himalayan Cutia
viecut1,Vietnamese Cutia,Vietnamese Cutia
gyccro1,Grey-crowned Crocias,Gray-crowned Crocias
spocro1,Spotted Crocias,Spotted Crocias
scalau1,纯色噪鹛,Scaly Laughingthrush
brclau1,Brown-capped Laughingthrush,Brown-capped Laughingthrush
blwlau1,蓝翅噪鹛,Blue-winged Laughingthrush
strlau1,细纹噪鹛,Streaked Laughingthrush
bhulau1,丽星噪鹛,Bhutan Laughingthrush
strlau3,Striped Laughingthrush,Striped Laughingthrush
varlau1,杂色噪鹛,Variegated Laughingthrush
blflau1,黑顶噪鹛,Black-faced Laughingthrush
whwlau1,玉山噪鹛,White-whiskered Laughingthrush
prhlau1,灰腹噪鹛,Prince Henry's Laughingthrush
elllau1,橙翅噪鹛,Elliot's Laughingthrush
retlau1,赤尾噪鹛,Red-tailed Laughingthrush
collau1,Collared Laughingthrush,Collared Laughingthrush
chclau2,红头噪鹛,Chestnut-crowned Laughingthrush
chclau10,红头噪鹛 (栗冠),Chestnut-crowned Laughingthrush (Chestnut-crowned)
chclau9,红头噪鹛 (灰冠),Chestnut-crowned Laughingthrush (Gray-crowned)
asslau1,金翅噪鹛,Assam Laughingthrush
rewlau1,丽色噪鹛,Red-winged Laughingthrush
sielau1,银耳噪鹛,Silver-eared Laughingthrush
gowlau1,Golden-winged Laughingthrush,Golden-winged Laughingthrush
mallau1,Malayan Laughingthrush,Malayan Laughingthrush
trocha1,未识别的Trochalopteron属噪鹛,Trochalopteron sp.
bkclau1,Banasura Laughingthrush,Banasura Laughingthrush
bkclau2,Nilgiri Laughingthrush,Nilgiri Laughingthrush
kerlau2,Palani Laughingthrush,Palani Laughingthrush
kerlau3,Ashambu Laughingthrush,Ashambu Laughingthrush
lotsib1,长尾奇鹛,Long-tailed Sibia
whesib1,白耳奇鹛,White-eared Sibia
rufsib1,黑顶奇鹛,Rufous Sibia
beasib1,丽色奇鹛,Beautiful Sibia
beasib2,丽色奇鹛 (黑耳羽),Beautiful Sibia (Black-eared)
beasib3,丽色奇鹛 (灰耳羽),Beautiful Sibia (Gray-eared)
grysib1,灰奇鹛,Gray Sibia
blbsib1,黑背奇鹛,Black-backed Sibia
blhsib1,黑头奇鹛,Black-headed Sibia
bkhsib1,黑头奇鹛 (黑眶),Black-headed Sibia (Black-headed)
bkhsib2,黑头奇鹛 (engelbachi/kingi),Black-headed Sibia (engelbachi/kingi)
bkhsib3,黑头奇鹛 (robinsoni),Black-headed Sibia (Lang Bian)
hotbar1,纹头斑翅鹛,Hoary-throated Barwing
taibar1,台湾斑翅鹛,Taiwan Barwing
sttbar1,纹胸斑翅鹛,Streak-throated Barwing
sttbar2,纹胸斑翅鹛 (灰胸),Streak-throated Barwing (Gray-chested)
sttbar6,纹胸斑翅鹛 (棕胸),Streak-throated Barwing (Rufous-chested)
x01198,纹头斑翅鹛x纹胸斑翅鹛 (杂交),Hoary-throated x Streak-throated Barwing (hybrid)
y00753,纹头斑翅鹛/纹胸斑翅鹛,Hoary-throated/Streak-throated Barwing
strbar1,灰头斑翅鹛,Streaked Barwing
blwmin1,蓝翅希鹛,Blue-winged Minla
chtmin1,斑喉希鹛,Chestnut-tailed Minla
rufbar1,锈额斑翅鹛,Rusty-fronted Barwing
spebar1,白眶斑翅鹛,Spectacled Barwing
spebar2,白眶斑翅鹛 (东部),Spectacled Barwing (Eastern)
spebar3,白眶斑翅鹛 (西部),Spectacled Barwing (Western)
bkcbar1,Black-crowned Barwing,Black-crowned Barwing
reblei,红嘴相思鸟,Red-billed Leiothrix
siemes1,银耳相思鸟,Silver-eared Mesia
siemes2,银耳相思鸟 (橙胸),Silver-eared Mesia (Silver-eared)
siemes3,银耳相思鸟 (laurinae/rookmakeri),Silver-eared Mesia (Sumatran)
retmin1,火尾希鹛,Red-tailed Minla
rubsib1,栗背奇鹛,Rufous-backed Sibia
rubsib7,栗背奇鹛 (栗背),Rufous-backed Sibia (Rufous-backed)
rubsib6,栗背奇鹛 (黑背),Rufous-backed Sibia (Dalat)
buglio1,黑冠薮鹛,Bugun Liocichla
gyflio1,灰胸薮鹛,Emei Shan Liocichla
stelio1,黄痣薮鹛,Taiwan Liocichla
reflio2,灰头薮鹛 (赤脸薮鹛),Red-faced Liocichla
reflio3,红翅薮鹛,Scarlet-faced Liocichla
lagbab2,Large Grey Babbler,Large Gray Babbler
ashlau1,Ashy-headed Laughingthrush,Ashy-headed Laughingthrush
slbbab1,细嘴鸫鹛,Slender-billed Babbler
rufbab3,Rufous Babbler,Rufous Babbler
orbbab1,Orange-billed Babbler,Orange-billed Babbler
junbab2,丛林鸫鹛,Jungle Babbler
junbab1,丛林鸫鹛 [striata Group],Jungle Babbler (Jungle)
junbab3,丛林鸫鹛 (somervillei),Jungle Babbler (Black-winged)
yebbab1,Yellow-billed Babbler,Yellow-billed Babbler
y00818,Jungle/Yellow-billed Babbler,Jungle/Yellow-billed Babbler
rufcha2,Rufous Chatterer,Rufous Chatterer
scacha1,Scaly Chatterer,Scaly Chatterer
irabab1,Iraq Babbler,Iraq Babbler
combab1,Afghan Babbler,Afghan Babbler
combab3,Common Babbler,Common Babbler
fulcha1,Fulvous Babbler,Fulvous Chatterer
arabab1,Arabian Babbler,Arabian Babbler
strbab1,纹背鸫鹛,Striated Babbler
y01072,Common/Striated Babbler,Common/Striated Babbler
whtbab1,White-throated Babbler,White-throated Babbler
spibab1,Spiny Babbler,Spiny Babbler
capbab1,Capuchin Babbler,Capuchin Babbler
capbab2,Capuchin Babbler (Grey-hooded),Capuchin Babbler (Gray-hooded)
capbab4,Capuchin Babbler (Black-crowned),Capuchin Babbler (Black-crowned)
capbab3,Capuchin Babbler (Brown-throated),Capuchin Babbler (Brown-throated)
wtmbab1,White-throated Mountain Babbler,White-throated Mountain-Babbler
chmbab1,Chapin's Babbler,Chapin's Mountain-Babbler
rcmbab1,Red-collared Babbler,Red-collared Mountain-Babbler
brobab1,Brown Babbler,Brown Babbler
whrbab2,White-rumped Babbler,White-rumped Babbler
hipbab1,Hinde's Babbler,Hinde's Pied-Babbler
scabab2,Scaly Babbler,Scaly Babbler
armbab1,Arrow-marked Babbler,Arrow-marked Babbler
bacbab1,Bare-cheeked Babbler,Bare-cheeked Babbler
crebab1,White-headed Babbler,Cretzschmar's Babbler
blabab2,Blackcap Babbler,Blackcap Babbler
blabab1,Blackcap Babbler (Blackcap),Blackcap Babbler (Blackcap)
blabab3,Blackcap Babbler (Dusky-throated),Blackcap Babbler (Dusky-throated)
dusbab2,Dusky Babbler,Dusky Babbler
sopbab1,Southern Pied Babbler,Southern Pied-Babbler
harbab1,Hartlaub's Babbler,Hartlaub's Babbler
bklbab1,Black-lored Babbler,Black-lored Babbler
bklbab2,Black-lored Babbler (Sharpe's),Black-lored Babbler (Sharpe's)
bklbab3,Black-lored Babbler (Nanyuki),Black-lored Babbler (Nanyuki)
bkfbab1,Black-faced Babbler,Black-faced Babbler
norpib1,Northern Pied Babbler,Northern Pied-Babbler
turdoi1,Argya/Turdoides sp.,Argya/Turdoides sp.
spblau1,斑胸噪鹛,Spot-breasted Laughingthrush
orblau1,Orange-breasted Laughingthrush,Orange-breasted Laughingthrush
melthr,画眉,Chinese Hwamei
taihwa1,台湾画眉,Taiwan Hwamei
x00816,画眉x台湾画眉 (杂交),Chinese x Taiwan Hwamei (hybrid)
y00910,画眉/台湾画眉,Chinese/Taiwan Hwamei
lenlau1,小黑领噪鹛,Lesser Necklaced Laughingthrush
ruflau1,Rufous-fronted Laughingthrush,Rufous-fronted Laughingthrush
sunlau1,Sunda Laughingthrush,Sunda Laughingthrush
whclau2,白冠噪鹛,White-crested Laughingthrush
sumlau1,Sumatran Laughingthrush,Sumatran Laughingthrush
blhlau1,Black-hooded Laughingthrush,Black-hooded Laughingthrush
whnlau1,白颈噪鹛,White-necked Laughingthrush
camlau1,Cambodian Laughingthrush,Cambodian Laughingthrush
grylau1,褐胸噪鹛,Gray Laughingthrush
ruclau3,栗颊噪鹛,Rufous-cheeked Laughingthrush
garrul1,未识别的Garrulax属噪鹛,Garrulax sp.
suklau1,黑额山噪鹛,Snowy-cheeked Laughingthrush
ruclau1,棕颏噪鹛,Rufous-chinned Laughingthrush
chelau1,Chestnut-eared Laughingthrush,Chestnut-eared Laughingthrush
moulau1,灰翅噪鹛,Moustached Laughingthrush
moulau2,灰翅噪鹛 (黑冠),Moustached Laughingthrush (Western)
moulau3,灰翅噪鹛 (灰冠),Moustached Laughingthrush (Eastern)
spolau1,眼纹噪鹛,Spotted Laughingthrush
spolau6,眼纹噪鹛 (褐脸),Spotted Laughingthrush (Brown-cheeked)
spolau5,眼纹噪鹛 (黑头),Spotted Laughingthrush (Black-headed)
gialau1,大噪鹛,Giant Laughingthrush
bielau1,白点噪鹛,Biet's Laughingthrush
barlau1,斑背噪鹛,Barred Laughingthrush
wynlau1,Wayanad Laughingthrush,Wayanad Laughingthrush
ruvlau1,棕臀噪鹛,Rufous-vented Laughingthrush
whclau1,White-cheeked Laughingthrush,White-cheeked Laughingthrush
yetlau1,黄喉噪鹛,Yellow-throated Laughingthrush
buclau1,靛冠噪鹛,Blue-crowned Laughingthrush
chclau3,Chestnut-capped Laughingthrush,Chestnut-capped Laughingthrush
chhlau1,Chestnut-hooded Laughingthrush,Chestnut-hooded Laughingthrush
merlau1,Meratus Laughingthrush (undescribed form),Meratus Laughingthrush (undescribed form)
runlau1,栗颈噪鹛,Rufous-necked Laughingthrush
chblau1,Chestnut-backed Laughingthrush,Chestnut-backed Laughingthrush
bltlau1,黑喉噪鹛,Black-throated Laughingthrush
bktlau1,黑喉噪鹛 (白颊),Black-throated Laughingthrush (Black-throated)
bktlau2,黑喉噪鹛 (海南),Black-throated Laughingthrush (Hainan)
whblau1,白颊噪鹛,White-browed Laughingthrush
maslau1,黑脸噪鹛,Masked Laughingthrush
gnlthr,黑领噪鹛,Greater Necklaced Laughingthrush
y01002,小黑领噪鹛/黑领噪鹛,Lesser/Greater Necklaced Laughingthrush
pedlau1,山噪鹛,Pere David's Laughingthrush
chibub1,Mount Victoria Babax,Mount Victoria Babax
chibab2,矛纹草鹛,Chinese Babax
giabab1,大草鹛,Giant Babax
tibbab1,棕草鹛,Tibetan Babax
whtlau1,白喉噪鹛,White-throated Laughingthrush
ruclau2,台湾白喉噪鹛,Rufous-crowned Laughingthrush
gyslau,灰胁噪鹛,Gray-sided Laughingthrush
buflau1,棕噪鹛,Buffy Laughingthrush
ruslau1,台湾棕噪鹛,Rusty Laughingthrush
iantho1,未识别的Ianthocincla/Pterorhinus属噪鹛,Ianthocincla/Pterorhinus sp.
laughi1,未识别的噪鹛类,laughingthrush sp.
ruckin,Ruby-crowned Kinglet,Ruby-crowned Kinglet
gockin,Golden-crowned Kinglet,Golden-crowned Kinglet
y00425,Ruby-crowned/Golden-crowned Kinglet,Ruby-crowned/Golden-crowned Kinglet
goldcr1,戴菊,Goldcrest
goldcr6,戴菊 (欧洲至中亚),Goldcrest (European)
goldcr7,戴菊 (ellenthalerae),Goldcrest (western Canary Islands)
caikin1,戴菊 (teneriffae),Goldcrest (Tenerife)
goldcr2,戴菊 (azoricus),Goldcrest (Sao Miguel)
goldcr3,戴菊 (sanctaemariae),Goldcrest (Santa Maria)
goldcr4,戴菊 (inermis),Goldcrest (Western Azores)
goldcr5,戴菊 (东亚),Goldcrest (Asian)
flamec1,台湾戴菊,Flamecrest
firecr3,Madeira Firecrest,Madeira Firecrest
firecr1,Common Firecrest,Common Firecrest
y00622,Goldcrest/Common Firecrest,Goldcrest/Common Firecrest
wallcr1,红翅旋壁雀,Wallcreeper
whcnut1,喜山白脸䴓,White-cheeked Nuthatch
prznut1,白脸䴓,Przevalski's Nuthatch
gianut1,巨䴓,Giant Nuthatch
whbnut,White-breasted Nuthatch,White-breasted Nuthatch
whbnut2,White-breasted Nuthatch (Eastern),White-breasted Nuthatch (Eastern)
whbnut3,White-breasted Nuthatch (Interior West),White-breasted Nuthatch (Interior West)
whbnut4,White-breasted Nuthatch (Pacific),White-breasted Nuthatch (Pacific)
beanut1,丽䴓,Beautiful Nuthatch
blunut1,Blue Nuthatch,Blue Nuthatch
vefnut1,绒额䴓,Velvet-fronted Nuthatch
yebnut1,淡紫䴓,Yellow-billed Nuthatch
y01044,绒额䴓/淡紫䴓,Velvet-fronted/Yellow-billed Nuthatch
subnut1,Sulphur-billed Nuthatch,Sulphur-billed Nuthatch
pygnut,Pygmy Nuthatch,Pygmy Nuthatch
bnhnut,Brown-headed Nuthatch,Brown-headed Nuthatch
bnhnut2,Bahama Nuthatch,Bahama Nuthatch
yunnut1,滇䴓,Yunnan Nuthatch
algnut1,Algerian Nuthatch,Algerian Nuthatch
krunut1,Krüper's Nuthatch,Krüper's Nuthatch
rebnut,Red-breasted Nuthatch,Red-breasted Nuthatch
cornut1,Corsican Nuthatch,Corsican Nuthatch
snbnut1,黑头䴓,Snowy-browed Nuthatch
rocnut1,Western Rock Nuthatch,Western Rock Nuthatch
pernut1,岩䴓,Eastern Rock Nuthatch
y00903,Western/Eastern Rock Nuthatch,Western/Eastern Rock Nuthatch
eurnut6,Siberian Nuthatch,Siberian Nuthatch
whbnut1,White-browed Nuthatch,White-browed Nuthatch
whtnut1,白尾䴓,White-tailed Nuthatch
chbnut2,Indian Nuthatch,Indian Nuthatch
chbnut3,栗腹䴓,Chestnut-bellied Nuthatch
y00902,Indian/Chestnut-bellied Nuthatch,Indian/Chestnut-bellied Nuthatch
chbnut4,缅甸䴓,Burmese Nuthatch
y01266,栗腹䴓/缅甸䴓,Chestnut-bellied/Burmese Nuthatch
eurnut2,普通䴓,Eurasian Nuthatch
eurnut9,普通䴓 [europaea Group],Eurasian Nuthatch (Western)
eurnut10,普通䴓 (白腹),Eurasian Nuthatch (White-bellied)
eurnut7,普通䴓 (白喉栗腹),Eurasian Nuthatch (Buff-bellied)
eurnut8,普通䴓 (栗喉栗腹),Eurasian Nuthatch (Chinese)
y01222,Siberian/Eurasian Nuthatch,Siberian/Eurasian Nuthatch
chvnut1,栗臀䴓,Chestnut-vented Nuthatch
kasnut1,Kashmir Nuthatch,Kashmir Nuthatch
nuthat1,未识别的䴓,nuthatch sp.
spocre2,African Spotted Creeper,African Spotted Creeper
spocre3,Indian Spotted Creeper,Indian Spotted Creeper
eurtre1,欧亚旋木雀,Eurasian Treecreeper
eurtre3,霍氏旋木雀,Hodgson's Treecreeper
sictre1,四川旋木雀,Sichuan Treecreeper
brncre,Brown Creeper,Brown Creeper
brncre1,Brown Creeper (occidentalis Group),Brown Creeper (occidentalis Group)
brncre5,Brown Creeper (montana/idahoensis),Brown Creeper (montana/idahoensis)
brncre3,Brown Creeper (americana/nigrescens),Brown Creeper (americana/nigrescens)
brncre2,Brown Creeper (albescens/alticola),Brown Creeper (albescens/alticola)
brncre6,Brown Creeper (pernigra),Brown Creeper (pernigra)
brncre4,Brown Creeper (extima),Brown Creeper (extima)
shttre1,Short-toed Treecreeper,Short-toed Treecreeper
y00640,Eurasian/Short-toed Treecreeper,Eurasian/Short-toed Treecreeper
battre1,高山旋木雀,Bar-tailed Treecreeper
ruftre4,锈红腹旋木雀,Rusty-flanked Treecreeper
bnttre1,褐喉旋木雀,Sikkim Treecreeper
bnttre2,休氏旋木雀,Hume's Treecreeper
certhi1,未识别的旋木雀,treecreeper sp.
colgna1,Collared Gnatwren,Collared Gnatwren
tafgna1,Tawny-faced Gnatwren,Tawny-faced Gnatwren
lobgna5,Trilling Gnatwren,Long-billed Gnatwren
lobgna3,Trilling Gnatwren (rufiventris Group),Long-billed Gnatwren (rufiventris Group)
lobgna2,Trilling Gnatwren (Long-billed),Long-billed Gnatwren (Trilling)
lobgna4,Chattering Gnatwren,Chattering Gnatwren
lobgna1,Trilling/Chattering Gnatwren,Long-billed/Chattering Gnatwren
guigna3,Guianan Gnatcatcher,Guianan Gnatcatcher
sltgna1,Slate-throated Gnatcatcher,Slate-throated Gnatcatcher
iqugna1,Iquitos Gnatcatcher,Iquitos Gnatcatcher
guigna2,Rio Negro Gnatcatcher,Rio Negro Gnatcatcher
y01156,Guianan/Rio Negro Gnatcatcher,Guianan/Rio Negro Gnatcatcher
inagna1,Inambari Gnatcatcher,Inambari Gnatcatcher
guigna4,Para Gnatcatcher,Klages's Gnatcatcher
y01157,Inambari/Para Gnatcatcher,Inambari/Klages's Gnatcatcher
masgna1,Masked Gnatcatcher,Masked Gnatcatcher
crbgna1,Creamy-bellied Gnatcatcher,Creamy-bellied Gnatcatcher
cubgna1,Cuban Gnatcatcher,Cuban Gnatcatcher
trogna1,Tropical Gnatcatcher,Tropical Gnatcatcher
trogna9,Tropical Gnatcatcher (plumbiceps/anteocularis),Tropical Gnatcatcher (plumbiceps/anteocularis)
trogna6,Tropical Gnatcatcher (innotata),Tropical Gnatcatcher (innotata)
trogna8,Tropical Gnatcatcher (plumbea),Tropical Gnatcatcher (plumbea)
trogna7,Tropical Gnatcatcher (parvirostris),Tropical Gnatcatcher (parvirostris)
trogna5,Tropical Gnatcatcher (atricapilla),Tropical Gnatcatcher (atricapilla)
trogna3,Maranon Gnatcatcher,Marañon Gnatcatcher
whlgna3,Yucatan Gnatcatcher,Yucatan Gnatcatcher
trogna2,White-browed Gnatcatcher,White-browed Gnatcatcher
buggna,Blue-grey Gnatcatcher,Blue-gray Gnatcatcher
buggna2,Blue-grey Gnatcatcher (Western),Blue-gray Gnatcatcher (Western)
buggna1,Blue-grey Gnatcatcher (Eastern),Blue-gray Gnatcatcher (Eastern)
buggna3,Blue-grey Gnatcatcher (Cozumel),Blue-gray Gnatcatcher (Cozumel)
bktgna,Black-tailed Gnatcatcher,Black-tailed Gnatcatcher
calgna,California Gnatcatcher,California Gnatcatcher
bkcgna,Black-capped Gnatcatcher,Black-capped Gnatcatcher
x00643,Black-tailed x Black-capped Gnatcatcher (hybrid),Black-tailed x Black-capped Gnatcatcher (hybrid)
whlgna2,White-lored Gnatcatcher,White-lored Gnatcatcher
whlgna4,White-lored Gnatcatcher (Van Rossem's),White-lored Gnatcatcher (Van Rossem's)
whlgna5,White-lored Gnatcatcher (Central American),White-lored Gnatcatcher (Central American)
gnatca1,gnatcatcher sp.,gnatcatcher sp.
rocwre,Rock Wren,Rock Wren
rocwre1,Rock Wren (Northern),Rock Wren (Northern)
rocwre2,Rock Wren (Central American),Rock Wren (Central American)
nigwre1,Northern Nightingale-Wren,Nightingale Wren
scbwre1,Southern Nightingale-Wren,Scaly-breasted Wren
scbwre2,Southern Nightingale-Wren (Whistling),Scaly-breasted Wren (Whistling)
scbwre3,Southern Nightingale-Wren (Scaly),Scaly-breasted Wren (Scaly)
scbwre4,Southern Nightingale-Wren (Southern),Scaly-breasted Wren (Southern)
fluwre1,Flutist Wren,Flutist Wren
wibwre1,Wing-banded Wren,Wing-banded Wren
gymwre1,Grey-mantled Wren,Gray-mantled Wren
tobwre1,Tooth-billed Wren,Tooth-billed Wren
canwre,Canyon Wren,Canyon Wren
sumwre1,Sumichrast's Wren,Sumichrast's Wren
navwre1,Nava's Wren,Nava's Wren
zapwre1,Zapata Wren,Zapata Wren
houwre,Northern House Wren,Northern House Wren
houwre1,Northern House Wren (Northern),Northern House Wren (Northern)
bntwre1,Northern House Wren (Brown-throated),Northern House Wren (Brown-throated)
houwre3,Cozumel Wren,Cozumel Wren
cinwre1,Kalinago Wren,Kalinago Wren
houwre9,Kalinago Wren (Guadeloupe),Kalinago Wren (Guadeloupe)
houwre6,Kalinago Wren (Dominica),Kalinago Wren (Dominica)
houwre7,Kalinago Wren (Martinique),Kalinago Wren (Martinique)
houwre8,St. Lucia Wren,St. Lucia Wren
houwre10,St. Vincent Wren,St. Vincent Wren
houwre11,Grenada Wren,Grenada Wren
houwre4,Southern House Wren,Southern House Wren
sohwre4,Southern House Wren (Central American),Southern House Wren (Central American)
sohwre5,Southern House Wren (North Andean),Southern House Wren (North Andean)
houwre31,Southern House Wren (South Peruvian),Southern House Wren (South Peruvian)
sohwre6,Southern House Wren (cis-Andean),Southern House Wren (cis-Andean)
y01309,Northern/Southern House Wren,Northern/Southern House Wren
houwre5,Cobb's Wren,Cobb's Wren
socwre2,Socorro Wren,Socorro Wren
clawre1,Clarion Wren,Clarion Wren
rubwre2,Rufous-browed Wren,Rufous-browed Wren
ochwre1,Ochraceous Wren,Ochraceous Wren
mouwre1,Mountain Wren,Mountain Wren
samwre1,Santa Marta Wren,Santa Marta Wren
tepwre1,Tepui Wren,Tepui Wren
winwre4,鹪鹩,Eurasian Wren
eurwre1,鹪鹩 (islandicus),Eurasian Wren (Iceland)
eurwre2,鹪鹩 (borealis),Eurasian Wren (Faroe)
eurwre3,鹪鹩 (zetlandicus),Eurasian Wren (Shetland)
eurwre4,鹪鹩 (hebridensis),Eurasian Wren (Hebridean)
eurwre5,鹪鹩 (fridariensis),Eurasian Wren (Fair Isle)
eurwre6,鹪鹩 (hirtensis),Eurasian Wren (St. Kilda)
eurwre7,鹪鹩 (indigenus),Eurasian Wren (British)
eurwre8,鹪鹩 (欧亚),Eurasian Wren (Eurasian)
pacwre1,Pacific Wren,Pacific Wren
winwre1,Pacific Wren (alascensis Group),Pacific Wren (alascensis Group)
winwre2,Pacific Wren (Pacific),Pacific Wren (Pacific)
winwre3,Winter Wren,Winter Wren
winwre,Pacific/Winter Wren,Pacific/Winter Wren
timwre1,Timberline Wren,Timberline Wren
sedwre1,Sedge Wren,Sedge Wren
sedwre,Grass Wren,Grass Wren
sedwre2,Grass Wren (Northern),Grass Wren (Northern)
sedwre6,Grass Wren (Venezuelan),Grass Wren (Venezuelan)
sedwre7,Grass Wren (Paramo),Grass Wren (Paramo)
sedwre8,Grass Wren (Junin),Grass Wren (Junin)
sedwre9,Grass Wren (Puna),Grass Wren (Puna)
sedwre10,Grass Wren (Tucuman),Grass Wren (Tucuman)
sedwre11,Grass Wren (Pampas),Grass Wren (Pampas)
sedwre12,Grass Wren (Austral),Grass Wren (Austral)
merwre1,Merida Wren,Merida Wren
apowre1,Apolinar's Wren,Apolinar's Wren
marwre,Marsh Wren,Marsh Wren
marwre1,Marsh Wren (paludicola Group),Marsh Wren (paludicola Group)
marwre2,Marsh Wren (plesius Group),Marsh Wren (plesius Group)
marwre3,Marsh Wren (palustris Group),Marsh Wren (palustris Group)
marwre5,Marsh Wren (griseus),Marsh Wren (griseus)
marwre4,Marsh Wren (tolucensis),Marsh Wren (tolucensis)
y00328,Sedge/Marsh Wren,Sedge/Marsh Wren
carwre,Carolina Wren,Carolina Wren
carwre1,Carolina Wren (Northern),Carolina Wren (Northern)
y00487,Carolina Wren (Northeast Mexico/South Texas),Carolina Wren (Northeast Mexico/South Texas)
carwre2,Carolina Wren (White-browed),Carolina Wren (White-browed)
x01068,Northern House x Carolina Wren (hybrid),Northern House x Carolina Wren (hybrid)
bewwre,Bewick's Wren,Bewick's Wren
bewwre3,Bewick's Wren (bewickii),Bewick's Wren (bewickii)
bewwre2,Bewick's Wren (mexicanus Group),Bewick's Wren (mexicanus Group)
bewwre1,Bewick's Wren (spilurus Group),Bewick's Wren (spilurus Group)
whhwre1,White-headed Wren,White-headed Wren
babwre1,Band-backed Wren,Band-backed Wren
babwre11,Band-backed Wren (Mesoamerican),Band-backed Wren (Mesoamerican)
babwre10,Band-backed Wren (Costa Rican),Band-backed Wren (Costa Rican)
babwre9,Band-backed Wren (Colombian),Band-backed Wren (Colombian)
x00969,White-headed x Band-backed Wren (hybrid),White-headed x Band-backed Wren (hybrid)
grbwre1,Grey-barred Wren,Gray-barred Wren
giawre1,Giant Wren,Giant Wren
runwre3,Russet-naped Wren,Russet-naped Wren
runwre2,Veracruz Wren,Veracruz Wren
runwre4,Rufous-backed Wren,Rufous-backed Wren
runwre8,Rufous-backed Wren (Sula Valley),Rufous-backed Wren (Sula Valley)
rubwre14,Rufous-backed Wren (Rufous-backed),Rufous-backed Wren (Rufous-backed)
y01335,Russet-naped/Rufous-backed Wren,Russet-naped/Rufous-backed Wren
spowre1,Spotted Wren,Spotted Wren
bouwre1,Boucard's Wren,Boucard's Wren
yucwre1,Yucatan Wren,Yucatan Wren
cacwre,Cactus Wren,Cactus Wren
cacwre2,Cactus Wren (brunneicapillus Group),Cactus Wren (brunneicapillus Group)
cacwre1,Cactus Wren (affinis Group),Cactus Wren (affinis Group)
stbwre2,Stripe-backed Wren,Stripe-backed Wren
faswre1,Fasciated Wren,Fasciated Wren
bicwre1,Bicolored Wren,Bicolored Wren
thlwre1,Thrush-like Wren,Thrush-like Wren
thlwre5,Thrush-like Wren (Spot-breasted),Thrush-like Wren (Spot-breasted)
thlwre4,Thrush-like Wren (Unspotted),Thrush-like Wren (Unspotted)
sohwre1,Sooty-headed Wren,Sooty-headed Wren
blbwre1,Black-bellied Wren,Black-bellied Wren
pltwre1,Plain-tailed Wren,Plain-tailed Wren
pltwre4,Plain-tailed Wren (Western),Plain-tailed Wren (Western)
pltwre7,Plain-tailed Wren (Eastern),Plain-tailed Wren (Eastern)
pltwre3,Grey-browed Wren,Gray-browed Wren
manwre1,Mantaro Wren (undescribed form),Mantaro Wren (undescribed form)
incwre1,Inca Wren,Inca Wren
whiwre1,Whiskered Wren,Whiskered Wren
mouwre2,Moustached Wren,Moustached Wren
corwre1,Coraya Wren,Coraya Wren
x00970,Moustached x Coraya Wren (hybrid),Moustached x Coraya Wren (hybrid)
y00984,Moustached/Coraya Wren,Moustached/Coraya Wren
rubwre1,Rufous-breasted Wren,Rufous-breasted Wren
spbwre1,Spot-breasted Wren,Spot-breasted Wren
spbwre2,Speckle-breasted Wren,Speckle-breasted Wren
spbwre5,Speckle-breasted Wren (Colombian),Speckle-breasted Wren (Colombian)
spbwre3,Speckle-breasted Wren (Speckle-breasted),Speckle-breasted Wren (Speckle-breasted)
spbwre4,Speckle-breasted Wren (Marañon),Speckle-breasted Wren (Marañon)
hapwre1,Happy Wren,Happy Wren
hapwre8,Happy Wren (Mainland),Happy Wren (Mainland)
hapwre9,Happy Wren (Tres Marias Is.),Happy Wren (Tres Marias Is.)
bltwre1,Black-throated Wren,Black-throated Wren
pheugo1,Pheugopedius sp.,Pheugopedius sp.
sinwre1,Sinaloa Wren,Sinaloa Wren
banwre1,Banded Wren,Banded Wren
rawwre1,Rufous-and-white Wren,Rufous-and-white Wren
antwre2,Antioquia Wren,Antioquia Wren
nicwre1,Niceforo's Wren,Niceforo's Wren
stbwre1,Stripe-breasted Wren,Stripe-breasted Wren
sttwre1,Stripe-throated Wren,Stripe-throated Wren
plawre1,Cabanis's Wren,Cabanis's Wren
plawre3,Canebrake Wren,Canebrake Wren
y00985,Cabanis's/Canebrake Wren,Cabanis's/Canebrake Wren
istwre1,Isthmian Wren,Isthmian Wren
y00986,Cabanis's/Isthmian Wren,Cabanis's/Isthmian Wren
rivwre1,Riverside Wren,Riverside Wren
baywre1,Bay Wren,Bay Wren
baywre2,Bay Wren (Central American),Bay Wren (Central American)
baywre3,Bay Wren (South American),Bay Wren (South American)
supwre1,Superciliated Wren,Superciliated Wren
bubwre1,Buff-breasted Wren,Buff-breasted Wren
lobwre1,Long-billed Wren,Long-billed Wren
fabwre1,Fawn-breasted Wren,Fawn-breasted Wren
grywre1,Grey Wren,Gray Wren
cantor1,Cantorchilus sp.,Cantorchilus sp.
rufwre1,Rufous Wren,Rufous Wren
shawre1,Sepia-brown Wren,Sharpe's Wren
perwre1,Peruvian Wren,Peruvian Wren
fulwre1,Fulvous Wren,Fulvous Wren
cinnyc1,Cinnycerthia sp.,Cinnycerthia sp.
whbwre1,White-bellied Wren,White-bellied Wren
whbwre3,White-bellied Wren (Middle American),White-bellied Wren (Middle American)
whbwre4,White-bellied Wren (West Mexico),White-bellied Wren (West Mexico)
wbwwre1,White-breasted Wood Wren,White-breasted Wood-Wren
whbwow1,White-breasted Wood Wren (Sclater's),White-breasted Wood-Wren (Sclater's)
whbwow2,White-breasted Wood Wren (Cherrie's),White-breasted Wood-Wren (Cherrie's)
whbwow4,White-breasted Wood Wren (Choco),White-breasted Wood-Wren (Choco)
whbwow3,White-breasted Wood Wren (Black-capped),White-breasted Wood-Wren (Black-capped)
bwwwre1,Bar-winged Wood Wren,Bar-winged Wood-Wren
gbwwre1,Grey-breasted Wood Wren,Gray-breasted Wood-Wren
gybwow1,Grey-breasted Wood Wren (Central American),Gray-breasted Wood-Wren (Central American)
gybwow2,Grey-breasted Wood Wren (Choco),Gray-breasted Wood-Wren (Choco)
gybwow4,Grey-breasted Wood Wren (bangsi),Gray-breasted Wood-Wren (bangsi)
gybwow5,Grey-breasted Wood Wren (Perija),Gray-breasted Wood-Wren (Perija)
gybwow6,Grey-breasted Wood Wren (meridana),Gray-breasted Wood-Wren (meridana)
gybwow7,Grey-breasted Wood Wren (venezuelensis),Gray-breasted Wood-Wren (venezuelensis)
gybwow9,Grey-breasted Wood Wren (hilaris),Gray-breasted Wood-Wren (hilaris)
gybwow8,Grey-breasted Wood Wren (Andean),Gray-breasted Wood-Wren (Andean)
gybwow3,Hermit Wood Wren,Hermit Wood-Wren
munwow1,Munchique Wood Wren,Munchique Wood-Wren
woodwr1,wood wren sp.,wood-wren sp.
chbwre2,Northern Chestnut-breasted Wren,Northern Chestnut-breasted Wren
chbwre3,Southern Chestnut-breasted Wren,Southern Chestnut-breasted Wren
sonwre1,Song Wren,Song Wren
muswre2,Musician Wren,Musician Wren
muswre1,Musician Wren (Imeri),Musician Wren (Imeri)
muswre3,Musician Wren (Grey-eared),Musician Wren (Gray-eared)
muswre4,Musician Wren (Musician),Musician Wren (Musician)
muswre5,Musician Wren (Grey-flanked),Musician Wren (Gray-flanked)
muswre6,Musician Wren (Rondonia),Musician Wren (Rondonia)
muswre7,Musician Wren (Ferruginous),Musician Wren (Ferruginous)
wren1,wren sp.,wren sp.
spwbab1,丽星鹩鹛,Spotted Elachura
whtdip1,河乌,White-throated Dipper
brodip1,褐河乌,Brown Dipper
amedip,American Dipper,American Dipper
amedip1,American Dipper (Northern),American Dipper (Northern)
amedip2,American Dipper (Costa Rican),American Dipper (Costa Rican)
whcdip1,White-capped Dipper,White-capped Dipper
whcdip2,White-capped Dipper (Santa Marta),White-capped Dipper (Santa Marta)
whcdip3,White-capped Dipper (White-bellied),White-capped Dipper (White-bellied)
whcdip4,White-capped Dipper (White-capped),White-capped Dipper (White-capped)
rutdip1,Rufous-throated Dipper,Rufous-throated Dipper
reboxp1,Red-billed Oxpecker,Red-billed Oxpecker
yeboxp1,Yellow-billed Oxpecker,Yellow-billed Oxpecker
x01244,Red-billed x Yellow-billed Oxpecker (hybrid),Red-billed x Yellow-billed Oxpecker (hybrid)
y00825,Red-billed/Yellow-billed Oxpecker,Red-billed/Yellow-billed Oxpecker
stsrha2,Stripe-headed Rhabdornis,Stripe-sided Rhabdornis
lobrha1,Grand Rhabdornis,Long-billed Rhabdornis
stbrha1,Stripe-breasted Rhabdornis,Stripe-breasted Rhabdornis
visrha1,Visayan Rhabdornis,Visayan Rhabdornis
fibmyn1,Fiery-browed Starling,Fiery-browed Myna
fibmyn2,Grosbeak Starling,Finch-billed Myna
metsta1,Metallic/Violet-hooded Starling,Metallic Starling
metsta3,Violet-hooded Starling,Metallic Starling (Violet-hooded)
metsta2,Metallic Starling,Metallic Starling (Metallic)
yeesta1,Yellow-eyed Starling,Yellow-eyed Starling
tansta1,Tanimbar Starling,Tanimbar Starling
atosta1,Atoll Starling,Atoll Starling
rensta1,Rennell Starling,Rennell Starling
lotsta1,Long-tailed Starling,Long-tailed Starling
whesta2,White-eyed Starling,White-eyed Starling
brwsta1,Brown-winged Starling,Brown-winged Starling
sacsta1,Makira Starling,Makira Starling
ruwsta1,Rusty-winged Starling,Rusty-winged Starling
strsta1,Striated Starling,Striated Starling
pohsta1,Pohnpei Starling,Pohnpei Starling
sinsta1,Singing Starling,Singing Starling
mousta1,Mountain Starling,Mountain Starling
asgsta1,亚洲辉椋鸟,Asian Glossy Starling
molsta1,Moluccan Starling,Moluccan Starling
shtsta1,Short-tailed Starling,Short-tailed Starling
micsta1,Micronesian Starling,Micronesian Starling
polsta1,Polynesian Starling,Polynesian Starling
polsta2,Polynesian Starling (Polynesian),Polynesian Starling (Polynesian)
polsta3,Polynesian Starling (Manua),Polynesian Starling (Manua)
samsta1,Samoan Starling,Samoan Starling
kossta1,Kosrae Starling,Kosrae Starling
rarsta1,Rarotonga Starling,Rarotonga Starling
myssta1,Mauke Starling,Mysterious Starling
norsta1,Tasman Starling,Tasman Starling
raista2,Raiatea Starling,Raiatea Starling
aploni1,Aplonis sp.,Aplonis sp.
sulmyn1,Sulawesi Myna,Sulawesi Myna
helmyn1,Helmeted Myna,Helmeted Myna
locmyn1,Long-crested Myna,Long-crested Myna
apomyn2,Apo Myna,Apo Myna
coleto1,Coleto,Coleto
whnmyn1,White-necked Myna,White-necked Myna
whnmyn2,White-necked Myna (Northern),White-necked Myna (Northern)
whnmyn3,White-necked Myna (Southern),White-necked Myna (Southern)
baemyn1,Bare-eyed Myna,Bare-eyed Myna
yefmyn1,Yellow-faced Myna,Yellow-faced Myna
golmyn1,Golden Myna,Golden Myna
lotmyn1,Long-tailed Myna,Long-tailed Myna
gocmyn1,金冠树八哥,Golden-crested Myna
ceymyn1,Sri Lanka Hill Myna,Sri Lanka Myna
hilmyn,鹩哥,Common Hill Myna
cohmyn1,鹩哥 (广布),Common Hill Myna (Common)
cohmyn9,鹩哥 (miotera),Common Hill Myna (Simeulue)
niamyn1,鹩哥 (robusta),Common Hill Myna (Nias)
engmyn1,鹩哥 (enganensis),Common Hill Myna (Enggano)
cohmyn2,Tenggara Hill Myna,Tenggara Hill Myna
sohmyn1,Southern Hill Myna,Southern Hill Myna
eursta,紫翅椋鸟,European Starling
sposta1,Spotless Starling,Spotless Starling
y00626,Common/Spotless Starling,European/Spotless Starling
watsta1,Wattled Starling,Wattled Starling
rossta2,粉红椋鸟,Rosy Starling
dausta1,北椋鸟,Daurian Starling
chcsta1,紫背椋鸟,Chestnut-cheeked Starling
y00756,北椋鸟/紫背椋鸟,Daurian/Chestnut-cheeked Starling
bkcsta1,黑领椋鸟,Black-collared Starling
aspsta2,斑椋鸟,Indian Pied Starling
aspsta7,暹罗斑椋鸟,Siamese Pied Starling
aspsta3,Javan Pied Myna,Javan Pied Starling
piesta1,未识别的斑椋鸟类,pied starling sp.
whfsta2,White-faced Starling,White-faced Starling
balmyn1,Bali Myna,Bali Myna
rodsta2,Rodrigues Starling,Rodrigues Starling
reusta1,Hoopoe Starling,Reunion Starling
whssta2,灰背椋鸟,White-shouldered Starling
brasta1,黑冠椋鸟,Brahminy Starling
chtsta2,灰头椋鸟,Chestnut-tailed Starling
chtsta1,灰头椋鸟 (栗腹),Chestnut-tailed Starling (Western)
chtsta3,灰头椋鸟 (灰腹),Chestnut-tailed Starling (Eastern)
x01027,斑椋鸟×灰头椋鸟 (杂交),Indian Pied x Chestnut-tailed Starling (hybrid)
malsta1,马拉巴椋鸟,Malabar Starling
y00824,灰头椋鸟/马拉巴椋鸟,Chestnut-tailed/Malabar Starling
whhsta2,White-headed Starling,White-headed Starling
rebsta1,丝光椋鸟,Red-billed Starling
whcsta1,灰椋鸟,White-cheeked Starling
commyn,家八哥,Common Myna
banmyn1,灰背岸八哥,Bank Myna
vibsta1,红嘴椋鸟,Burmese Myna
vibsta4,红胸椋鸟,Vinous-breasted Myna
vibsta3,红嘴椋鸟/红胸椋鸟,Burmese/Vinous-breasted Myna
bkwsta1,Black-winged Myna,Black-winged Myna
bkwsta2,Black-winged Myna (Black-winged),Black-winged Myna (Black-winged)
bkwsta3,Black-winged Myna (Grey-backed),Black-winged Myna (Gray-backed)
bkwsta4,Black-winged Myna (Grey-rumped),Black-winged Myna (Gray-rumped)
junmyn1,丛林八哥,Jungle Myna
junmyn3,丛林八哥 (蓝眼),Jungle Myna (Blue-eyed)
junmyn6,丛林八哥 (黄眼),Jungle Myna (Yellow-eyed)
x01056,红嘴椋鸟x丛林八哥 (杂交),Burmese x Jungle Myna (hybrid)
y00823,家八哥/丛林八哥,Common/Jungle Myna
whvmyn,爪哇八哥 (白尾八哥),Javan Myna
x01028,丛林八哥x爪哇八哥 (杂交),Jungle x Javan Myna (hybrid)
pabmyn1,Pale-bellied Myna,Pale-bellied Myna
colmyn1,白领八哥,Collared Myna
whvmyn1,林八哥,Great Myna
x00468,黑领椋鸟x林八哥 (杂交),Black-collared Starling x Great Myna (hybrid)
x01136,暹罗斑椋鸟x林八哥 (杂交),Siamese Pied Starling x Great Myna (hybrid)
x00469,家八哥x林八哥 (杂交),Common x Great Myna (hybrid)
x01160,红胸椋鸟x林八哥 (杂交),Vinous-breasted x Great Myna (hybrid)
x01029,丛林八哥×林八哥 (杂交),Jungle x Great Myna (hybrid)
x00893,爪哇八哥×林八哥 (杂交),Javan x Great Myna (hybrid)
cremyn,八哥,Crested Myna
x01083,灰椋鸟x八哥 (杂交),White-cheeked Starling x Crested Myna (hybrid)
x01030,家八哥x八哥 (杂交),Common x Crested Myna (hybrid)
x01031,白领八哥x八哥 (杂交),Collared x Crested Myna (hybrid)
y01011,丛林八哥/八哥,Jungle/Crested Myna
blkmyn1,未识别的黑色八哥类,black myna sp.
acrido1,未识别的八哥类,Acridotheres sp.
madsta1,Madagascar Starling,Madagascar Starling
vibsta2,Violet-backed Starling,Violet-backed Starling
slbsta1,Slender-billed Starling,Slender-billed Starling
pawsta1,Pale-winged Starling,Pale-winged Starling
neusta1,Neumann's Starling,Neumann's Starling
rewsta1,Red-winged Starling,Red-winged Starling
chwsta1,Chestnut-winged Starling,Chestnut-winged Starling
chwsta2,Chestnut-winged Starling (Chestnut-winged),Chestnut-winged Starling (Chestnut-winged)
chwsta3,Chestnut-winged Starling (Hartlaub's),Chestnut-winged Starling (Hartlaub's)
walsta1,Waller's Starling,Waller's Starling
walsta3,Waller's Starling (Preuss's),Waller's Starling (Preuss's)
walsta4,Waller's Starling (Albertine),Waller's Starling (Albertine)
walsta5,Waller's Starling (Waller's),Waller's Starling (Waller's)
trista1,Tristram's Starling,Tristram's Starling
whbsta1,White-billed Starling,White-billed Starling
brcsta1,Bristle-crowned Starling,Bristle-crowned Starling
somsta1,Somali Starling,Somali Starling
socsta1,Socotra Starling,Socotra Starling
spwsta1,斑翅椋鸟,Spot-winged Starling
babsta1,Babbling Starling,Babbling Starling
babsta2,Babbling Starling (Western),Babbling Starling (Western)
babsta3,Babbling Starling (Eastern),Babbling Starling (Eastern)
whcsta2,White-collared Starling,White-collared Starling
magsta1,Magpie Starling,Magpie Starling
shasta2,Sharpe's Starling,Sharpe's Starling
abbsta2,Abbott's Starling,Abbott's Starling
natsta1,Narrow-tailed Starling,Narrow-tailed Starling
stusta1,Stuhlmann's Starling,Stuhlmann's Starling
kensta1,Kenrick's Starling,Kenrick's Starling
bbgsta1,Black-bellied Starling,Black-bellied Starling
phgsta1,Purple-headed Starling,Purple-headed Starling
ctgsta1,Copper-tailed Starling,Copper-tailed Starling
hilsta1,Hildebrandt's Starling,Hildebrandt's Starling
shesta1,Shelley's Starling,Shelley's Starling
bugsta1,Burchell's Starling,Burchell's Starling
ruegls1,Rüppell's Starling,Rüppell's Starling
ltgsta1,Long-tailed Glossy Starling,Long-tailed Glossy Starling
megsta1,Meves's Starling,Meves's Starling
mevgls1,Meves's Starling (Meves's),Meves's Starling (Meves's)
mevsta1,Meves's Starling (Cunene),Meves's Starling (Cunene)
mevgls2,Meves's Starling (Benguela),Meves's Starling (Benguela)
ashsta2,Ashy Starling,Ashy Starling
spgsta1,Splendid Starling,Splendid Starling
prgsta1,Principe Starling,Principe Starling
gobsta5,Golden-breasted Starling,Golden-breasted Starling
supsta1,Superb Starling,Superb Starling
chbsta1,Chestnut-bellied Starling,Chestnut-bellied Starling
afpsta1,Pied Starling,African Pied Starling
whcsta3,White-crowned Starling,White-crowned Starling
fissta1,Fischer's Starling,Fischer's Starling
lbesta1,Lesser/Miombo Blue-eared Starling,Lesser Blue-eared Starling
lbegls1,Lesser Blue-eared Starling,Lesser Blue-eared Starling (Lesser)
lbegls2,Miombo Blue-eared Starling,Lesser Blue-eared Starling (Miombo)
stgsta1,Sharp-tailed Starling,Sharp-tailed Starling
gbesta1,Greater Blue-eared Starling,Greater Blue-eared Starling
y01331,Lesser/Greater Blue-eared Starling,Lesser/Greater Blue-eared Starling
emesta1,Emerald Starling,Emerald Starling
pugsta1,Purple Starling,Purple Starling
capgls1,Cape Starling,Cape Starling
btgsta1,Bronze-tailed Starling,Bronze-tailed Starling
glossy1,Lamprotornis sp.,Lamprotornis sp.
y00757,未识别的八哥和椋鸟,myna/starling sp.
blumoc,Blue Mockingbird,Blue Mockingbird
bawmoc1,Blue-and-white Mockingbird,Blue-and-white Mockingbird
blacat1,Black Catbird,Black Catbird
grycat,Grey Catbird,Gray Catbird
whbthr3,Martinique Thrasher,Martinique Thrasher
whbthr4,St. Lucia Thrasher,St. Lucia Thrasher
scbthr,Scaly-breasted Thrasher,Scaly-breasted Thrasher
peethr1,Pearly-eyed Thrasher,Pearly-eyed Thrasher
y01158,Scaly-breasted/Pearly-eyed Thrasher,Scaly-breasted/Pearly-eyed Thrasher
brotre1,Brown Trembler,Brown Trembler
gratre1,Grey Trembler,Gray Trembler
y01010,Brown/Grey Trembler,Brown/Gray Trembler
cubthr,Curve-billed Thrasher,Curve-billed Thrasher
cubthr1,Curve-billed Thrasher (curvirostre Group),Curve-billed Thrasher (curvirostre Group)
cubthr2,Curve-billed Thrasher (palmeri Group),Curve-billed Thrasher (palmeri Group)
ocethr1,Ocellated Thrasher,Ocellated Thrasher
brnthr,Brown Thrasher,Brown Thrasher
lobthr,Long-billed Thrasher,Long-billed Thrasher
x00971,Curve-billed x Long-billed Thrasher (hybrid),Curve-billed x Long-billed Thrasher (hybrid)
y00329,Brown/Long-billed Thrasher,Brown/Long-billed Thrasher
cozthr1,Cozumel Thrasher,Cozumel Thrasher
benthr,Bendire's Thrasher,Bendire's Thrasher
y00330,Curve-billed/Bendire's Thrasher,Curve-billed/Bendire's Thrasher
grathr1,Grey Thrasher,Gray Thrasher
calthr,California Thrasher,California Thrasher
lecthr,LeConte's Thrasher,LeConte's Thrasher
lecthr1,LeConte's Thrasher (LeConte's),LeConte's Thrasher (LeConte's)
lecthr2,LeConte's Thrasher (Vizcaino),LeConte's Thrasher (Vizcaino)
crithr,Crissal Thrasher,Crissal Thrasher
x00470,California x Crissal Thrasher (hybrid),California x Crissal Thrasher (hybrid)
toxost1,Toxostoma sp.,Toxostoma sp.
sagthr,Sage Thrasher,Sage Thrasher
chimoc1,Chilean Mockingbird,Chilean Mockingbird
patmoc1,Patagonian Mockingbird,Patagonian Mockingbird
chbmoc1,Chalk-browed Mockingbird,Chalk-browed Mockingbird
x01245,Chilean x Chalk-browed Mockingbird (hybrid),Chilean x Chalk-browed Mockingbird (hybrid)
y01391,Chilean/Chalk-browed Mockingbird,Chilean/Chalk-browed Mockingbird
y01189,Patagonian/Chalk-browed Mockingbird,Patagonian/Chalk-browed Mockingbird
whbmoc1,White-banded Mockingbird,White-banded Mockingbird
brbmoc1,Brown-backed Mockingbird,Brown-backed Mockingbird
bahmoc,Bahama Mockingbird,Bahama Mockingbird
galmoc1,Galapagos Mockingbird,Galapagos Mockingbird
chamoc1,Floreana Mockingbird,Floreana Mockingbird
hoomoc1,Espanola Mockingbird,Española Mockingbird
chamoc2,San Cristobal Mockingbird,San Cristobal Mockingbird
lotmoc1,Long-tailed Mockingbird,Long-tailed Mockingbird
socmoc1,Socorro Mockingbird,Socorro Mockingbird
tromoc,Tropical Mockingbird,Tropical Mockingbird
tromoc12,Tropical Mockingbird (Mayan),Tropical Mockingbird (Mayan)
tromoc1,Tropical Mockingbird (Southern),Tropical Mockingbird (Southern)
tromoc2,Tropical Mockingbird (San Andres),Tropical Mockingbird (San Andres)
normoc,Northern Mockingbird,Northern Mockingbird
x00907,Bahama x Northern Mockingbird (hybrid),Bahama x Northern Mockingbird (hybrid)
x00703,Tropical x Northern Mockingbird (hybrid),Tropical x Northern Mockingbird (hybrid)
y01122,Tropical/Northern Mockingbird,Tropical/Northern Mockingbird
mimus1,Mimus sp.,Mimus sp.
mimida1,mimid sp.,mimid sp.
boucha1,Boulder Chat,Boulder Chat
granda1,蓝大翅鸲,Grandala
easblu,Eastern Bluebird,Eastern Bluebird
easblu1,Eastern Bluebird (Eastern),Eastern Bluebird (Eastern)
easblu2,Eastern Bluebird (Mexican),Eastern Bluebird (Mexican)
wesblu,Western Bluebird,Western Bluebird
x00972,Eastern x Western Bluebird (hybrid),Eastern x Western Bluebird (hybrid)
moublu,Mountain Bluebird,Mountain Bluebird
x00864,Eastern x Mountain Bluebird (hybrid),Eastern x Mountain Bluebird (hybrid)
x00204,Western x Mountain Bluebird (hybrid),Western x Mountain Bluebird (hybrid)
bluebi,bluebird sp.,bluebird sp.
rufthr1,Fraser's Rufous Thrush,Rufous Flycatcher-Thrush
fifthr1,Finsch's Rufous Thrush,Finsch's Flycatcher-Thrush
rtathr1,Red-tailed Ant Thrush,Red-tailed Ant-Thrush
retant3,Red-tailed Ant Thrush (Red-tailed),Red-tailed Ant-Thrush (Red-tailed)
retant4,Red-tailed Ant Thrush (Coastal),Red-tailed Ant-Thrush (Coastal)
wtathr1,White-tailed Ant Thrush,White-tailed Ant-Thrush
y01320,Red-tailed/White-tailed Ant Thrush,Red-tailed/White-tailed Ant-Thrush
towsol,Townsend's Solitaire,Townsend's Solitaire
brbsol1,Brown-backed Solitaire,Brown-backed Solitaire
cubsol1,Cuban Solitaire,Cuban Solitaire
rutsol1,Rufous-throated Solitaire,Rufous-throated Solitaire
rutsol2,Rufous-throated Solitaire (Rufous-throated),Rufous-throated Solitaire (Rufous-throated)
rutsol3,Rufous-throated Solitaire (St. Vincent),Rufous-throated Solitaire (St. Vincent)
blfsol1,Black-faced Solitaire,Black-faced Solitaire
varsol1,Varied Solitaire,Varied Solitaire
slcsol1,Slate-colored Solitaire,Slate-colored Solitaire
andsol1,Andean Solitaire,Andean Solitaire
andsol2,Andean Solitaire (plumbeiceps),Andean Solitaire (plumbeiceps)
andsol3,Andean Solitaire (venezuelensis/candelae),Andean Solitaire (venezuelensis/candelae)
andsol4,Andean Solitaire (ralloides),Andean Solitaire (ralloides)
kamao,Kamao,Kamao
amaui,Olomao (Amaui),Amaui
olomao,Olomao (Olomao),Olomao
omao,Omao,Omao
puaioh,Puaiohi,Puaiohi
lotthr1,长尾地鸫,Long-tailed Thrush
alpthr1,淡背地鸫 (光背地鸫),Alpine Thrush
himthr1,喜山淡背地鸫 (喜山光背地鸫),Himalayan Thrush
y01005,淡背地鸫/喜山淡背地鸫,Alpine/Himalayan Thrush
sicthr1,四川淡背地鸫 (四川光背地鸫),Sichuan Thrush
y01006,淡背地鸫/四川淡背地鸫,Alpine/Sichuan Thrush
y01052,淡背地鸫/喜山淡背地鸫/四川淡背地鸫,Alpine/Himalayan/Sichuan Thrush
geomal1,Geomalia,Geomalia
dasthr1,长嘴地鸫,Dark-sided Thrush
lobthr1,大长嘴地鸫,Long-billed Thrush
evethr1,Everett's Thrush,Everett's Thrush
sunthr1,Sunda Thrush,Sunda Thrush
scathr2,虎斑地鸫 (怀氏虎鸫),White's Thrush
scathr8,小虎斑地鸫,Scaly Thrush
scathr3,小虎斑地鸫 (南亚至东南亚),Scaly Thrush (Scaly)
scathr7,小虎斑地鸫 (horsfieldi),Scaly Thrush (Horsfield's)
scathr9,小虎斑地鸫 (iriomotensis),Scaly Thrush (Iriomotejima)
scathr1,虎斑地鸫/小虎斑地鸫,White's/Scaly Thrush
scathr6,Amami Thrush,Amami Thrush
scathr4,Nilgiri Thrush,Nilgiri Thrush
scathr5,Sri Lanka Thrush,Sri Lanka Thrush
bonthr2,Bonin Thrush,Bonin Thrush
sacthr2,Makira Thrush,Makira Thrush
sacthr3,Guadalcanal Thrush,Guadalcanal Thrush
oltthr1,Bassian Thrush,Bassian Thrush
basthr1,Bassian Thrush (Northern),Bassian Thrush (Northern)
basthr4,Bassian Thrush (Southern),Bassian Thrush (Southern)
nebthr1,Black-backed Thrush (New Britain),New Britain Thrush
bouthr1,Black-backed Thrush (Bougainville),Bougainville Thrush
rutthr1,Russet-tailed Thrush,Russet-tailed Thrush
rutthr2,Russet-tailed Thrush (Russet-tailed),Russet-tailed Thrush (Russet-tailed)
rutthr3,Russet-tailed Thrush (Mussau),Russet-tailed Thrush (Mussau)
y01007,Bassian/Russet-tailed Thrush,Bassian/Russet-tailed Thrush
fabthr1,Fawn-breasted Thrush,Fawn-breasted Thrush
zoothe1,未识别的Zoothera属地鸫,Zoothera sp.
fruith1,Fruithunter,Fruit-hunter
purcoc1,紫宽嘴鸫,Purple Cochoa
grecoc1,绿宽嘴鸫,Green Cochoa
y01009,紫宽嘴鸫/绿宽嘴鸫,Purple/Green Cochoa
sumcoc1,Sumatran Cochoa,Sumatran Cochoa
javcoc1,Javan Cochoa,Javan Cochoa
varthr,Varied Thrush,Varied Thrush
bbnthr1,Black-billed Nightingale-Thrush,Black-billed Nightingale-Thrush
obnthr1,Orange-billed Nightingale-Thrush,Orange-billed Nightingale-Thrush
orbnit1,Orange-billed Nightingale-Thrush (Brown-headed),Orange-billed Nightingale-Thrush (Brown-headed)
orbnit2,Orange-billed Nightingale-Thrush (Grey-headed),Orange-billed Nightingale-Thrush (Gray-headed)
orbnit3,Orange-billed Nightingale-Thrush (Orange-billed),Orange-billed Nightingale-Thrush (Orange-billed)
sbnthr1,Slaty-backed Nightingale-Thrush,Slaty-backed Nightingale-Thrush
slbnit2,Slaty-backed Nightingale-Thrush (Talamanca),Slaty-backed Nightingale-Thrush (Talamanca)
slbnit3,Slaty-backed Nightingale-Thrush (Pirre),Slaty-backed Nightingale-Thrush (Pirre)
slbnit9,Slaty-backed Nightingale-Thrush (Darien),Slaty-backed Nightingale-Thrush (Darien)
slbnit1,Slaty-backed Nightingale-Thrush (Cordilleran),Slaty-backed Nightingale-Thrush (Cordilleran)
slbnit13,Slaty-backed Nightingale-Thrush (Antioquia),Slaty-backed Nightingale-Thrush (Antioquia)
slbnit14,Slaty-backed Nightingale-Thrush (Trans-Andean),Slaty-backed Nightingale-Thrush (Trans-Andean)
slbnit8,Slaty-backed Nightingale-Thrush (Bolivian),Slaty-backed Nightingale-Thrush (Bolivian)
runthr1,Russet Nightingale-Thrush,Russet Nightingale-Thrush
rcnthr1,Ruddy-capped Nightingale-Thrush,Ruddy-capped Nightingale-Thrush
y00426,Russet/Ruddy-capped Nightingale-Thrush,Russet/Ruddy-capped Nightingale-Thrush
bhnthr1,Black-headed Nightingale-Thrush,Black-headed Nightingale-Thrush
spnthr1,Yellow-throated Nightingale-Thrush,Yellow-throated Nightingale-Thrush
sponit2,Speckled Nightingale-Thrush,Speckled Nightingale-Thrush
veery,Veery,Veery
gycthr,Grey-cheeked Thrush,Gray-cheeked Thrush
bicthr,Bicknell's Thrush,Bicknell's Thrush
x00865,Veery x Bicknell's Thrush (hybrid),Veery x Bicknell's Thrush (hybrid)
y00225,Grey-cheeked/Bicknell's Thrush,Gray-cheeked/Bicknell's Thrush
swathr,Swainson's Thrush,Swainson's Thrush
swathr1,Swainson's Thrush (Russet-backed),Swainson's Thrush (Russet-backed)
swathr2,Swainson's Thrush (Olive-backed),Swainson's Thrush (Olive-backed)
herthr,Hermit Thrush,Hermit Thrush
herthr1,Hermit Thrush (guttatus Group),Hermit Thrush (guttatus Group)
herthr2,Hermit Thrush (auduboni Group),Hermit Thrush (auduboni Group)
herthr3,Hermit Thrush (faxoni/crymophilus),Hermit Thrush (faxoni/crymophilus)
cathus,Catharus sp.,Catharus sp.
woothr,Wood Thrush,Wood Thrush
blasol1,Black Solitaire,Black Solitaire
whesol1,White-eared Solitaire,White-eared Solitaire
rubsol1,Rufous-brown Solitaire,Rufous-brown Solitaire
rubsol2,Rufous-brown Solitaire (Chestnut-throated),Rufous-brown Solitaire (Chestnut-throated)
rubsol3,Rufous-brown Solitaire (Peruvian),Rufous-brown Solitaire (Peruvian)
rubsol4,Rufous-brown Solitaire (Guianan),Rufous-brown Solitaire (Guianan)
rubsol5,Rufous-brown Solitaire (Rufous-brown),Rufous-brown Solitaire (Rufous-brown)
aztthr,Aztec Thrush,Aztec Thrush
sibthr1,白眉地鸫,Siberian Thrush
sibthr2,白眉地鸫 (大陆，灰腹),Siberian Thrush (Continental)
sibthr3,白眉地鸫 (库页岛，黑腹),Siberian Thrush (Sakhalin)
piethr1,杂色地鸫,Pied Thrush
spgthr1,Spotted Ground Thrush,Spotted Ground-Thrush
spogrt1,Spotted Ground Thrush (Lotti),Spotted Ground-Thrush (Lotti)
spogrt2,Spotted Ground Thrush (Upemba),Spotted Ground-Thrush (Upemba)
spogrt3,Spotted Ground Thrush (Spotted),Spotted Ground-Thrush (Spotted)
bkegrt1,Black-eared Ground Thrush,Black-eared Ground-Thrush
bkegrt2,Black-eared Ground Thrush (Cameroon),Black-eared Ground-Thrush (Cameroon)
bkegrt3,Black-eared Ground Thrush (Grauer's),Black-eared Ground-Thrush (Grauer's)
grygrt1,Grey Ground Thrush,Gray Ground-Thrush
grygrt2,Grey Ground Thrush (Prince's),Gray Ground-Thrush (Prince's)
grygrt3,Grey Ground Thrush (Bates's),Gray Ground-Thrush (Bates's)
crgthr1,Crossley's Ground Thrush,Crossley's Ground-Thrush
crogrt1,Crossley's Ground Thrush (Crossley's),Crossley's Ground-Thrush (Crossley's)
crogrt2,Crossley's Ground Thrush (Itombwe),Crossley's Ground-Thrush (Itombwe)
obgthr1,Oberländer's Ground Thrush,Oberländer's Ground-Thrush
abgthr1,Abyssinian Ground Thrush,Abyssinian Ground-Thrush
abygrt1,Abyssinian Ground Thrush (Abyssinian),Abyssinian Ground-Thrush (Abyssinian)
kigthr1,Abyssinian Ground Thrush (Kivu),Abyssinian Ground-Thrush (Kivu)
orgthr1,Orange Ground Thrush,Orange Ground-Thrush
spwthr1,Spot-winged Thrush,Spot-winged Thrush
ashthr1,Ashy Thrush,Ashy Thrush
burthr1,Buru Thrush,Buru Thrush
serthr2,Seram Thrush,Seram Thrush
chcthr1,Chestnut-capped Thrush,Chestnut-capped Thrush
engthr1,Enggano Thrush,Enggano Thrush
chbthr1,Chestnut-backed Thrush,Chestnut-backed Thrush
orbthr1,Orange-sided Thrush,Orange-banded Thrush
slbthr1,Slaty-backed Thrush,Slaty-backed Thrush
rubthr2,Red-backed Thrush,Rusty-backed Thrush
rabthr1,Red-and-black Thrush,Red-and-black Thrush
orhthr1,橙头地鸫,Orange-headed Thrush
orhthr2,橙头地鸫 (无泪纹),Orange-headed Thrush (Orange-headed)
orhthr3,橙头地鸫 (cyanota),Orange-headed Thrush (White-throated)
orhthr4,橙头地鸫 (albogularis/andamanensis),Orange-headed Thrush (Plain-winged)
orhthr5,橙头地鸫 (黑泪纹),Orange-headed Thrush (Buff-throated)
geokic1,Geokichla sp.,Geokichla sp.
chithr2,宝兴歌鸫,Chinese Thrush
grothr2,Ethiopian Thrush,Ethiopian Thrush
grothr1,Groundscraper Thrush,Groundscraper Thrush
misthr1,槲鸫,Mistle Thrush
sonthr1,欧歌鸫,Song Thrush
abethr1,Bare-eyed Thrush,African Bare-eyed Thrush
somthr1,Somali Thrush,Somali Thrush
yemthr1,Yemen Thrush,Yemen Thrush
chibla1,乌鸫,Chinese Blackbird
comthr1,Comoro Thrush,Comoro Thrush
kurthr1,Kurrichane Thrush,Kurrichane Thrush
olithr2,Olive Thrush,Olive Thrush
abythr1,Abyssinian Thrush,Abyssinian Thrush
abythr2,Abyssinian Thrush (Ngorongoro),Abyssinian Thrush (Ngorongoro)
abythr3,Abyssinian Thrush (Abyssinian),Abyssinian Thrush (Abyssinian)
taithr1,Taita Thrush,Taita Thrush
usathr1,Usambara Thrush,Usambara Thrush
prithr1,Principe Thrush,Principe Thrush
satthr1,Sao Tome Thrush,Sao Tome Thrush
islthr24,白头鸫,Taiwan Thrush
gywbla1,灰翅鸫,Gray-winged Blackbird
eurbla2,Indian Blackbird,Indian Blackbird
indbla1,Indian Blackbird (Indian),Indian Blackbird (Indian)
indbla2,Indian Blackbird (Black-capped),Indian Blackbird (Black-capped)
indbla3,Indian Blackbird (Sri Lanka),Indian Blackbird (Sri Lanka)
afrthr1,African Thrush,African Thrush
afrthr2,African Thrush (African),African Thrush (African)
afrthr3,African Thrush (Black-lored),African Thrush (Black-lored)
afrthr4,African Thrush (Orange-bellied),African Thrush (Orange-bellied)
karthr1,Karoo Thrush,Karoo Thrush
x01034,Olive x Karoo Thrush (hybrid),Olive x Karoo Thrush (hybrid)
y01008,Olive/Karoo Thrush,Olive/Karoo Thrush
redwin,白眉歌鸫,Redwing
redwin1,白眉歌鸫 (coburni),Redwing (Icelandic)
redwin2,白眉歌鸫 (欧亚),Redwing (Eurasian)
eurbla,欧乌鸫,Eurasian Blackbird
ticthr1,蒂氏鸫 (梯氏鸫),Tickell's Thrush
blbthr2,黑胸鸫,Black-breasted Thrush
gybthr1,灰背鸫,Gray-backed Thrush
japthr1,乌灰鸫,Japanese Thrush
x01043,黑胸鸫x乌灰鸫 (杂交),Black-breasted x Japanese Thrush (hybrid)
islthr22,Mindoro Island Thrush,Mindoro Island-Thrush
islthr36,Luzon Island Thrush,Luzon Island-Thrush
luzist1,Luzon Island Thrush (undescribed Sibuyan form),Luzon Island-Thrush (undescribed Sibuyan form)
minist1,Mindanao Island Thrush,Mindanao Island-Thrush
islthr23,Mindanao Island Thrush (Negros),Mindanao Island-Thrush (Negros)
islthr20,Mindanao Island Thrush (Malindang),Mindanao Island-Thrush (Malindang)
islthr15,Mindanao Island Thrush (Katanglad),Mindanao Island-Thrush (Katanglad)
islthr16,Mindanao Island Thrush (Apo),Mindanao Island-Thrush (Apo)
minist2,Mindanao Island Thrush (undescribed Mt. Busa form),Mindanao Island-Thrush (undescribed Mt. Busa form)
panist1,Panay Island Thrush (undescribed Panay form),Panay Island-Thrush (undescribed Panay form)
islthr9,Christmas Island Thrush,Christmas Island-Thrush
walist1,Wallacean Island Thrush,Wallacean Island-Thrush
islthr12,Wallacean Island Thrush (Latimojong),Wallacean Island-Thrush (Latimojong)
islthr6,Wallacean Island Thrush (Lompobattang),Wallacean Island-Thrush (Lompobattang)
islthr31,Wallacean Island Thrush (Schlegel's),Wallacean Island-Thrush (Schlegel's)
islthr33,Wallacean Island Thrush (Sterling's),Wallacean Island-Thrush (Sterling's)
sunist1,Sundaic Island Thrush,Sundaic Island-Thrush
islthr19,Sundaic Island Thrush (Loeser's),Sundaic Island-Thrush (Loeser's)
islthr13,Sundaic Island Thrush (Sumatran),Sundaic Island-Thrush (Sumatran)
islthr10,Sundaic Island Thrush (Sooty),Sundaic Island-Thrush (Sooty)
islthr42,Sundaic Island Thrush (Central Javan),Sundaic Island-Thrush (Central Javan)
islthr34,Sundaic Island Thrush (Stresemann's),Sundaic Island-Thrush (Stresemann's)
islthr32,Sundaic Island Thrush (Bornean),Sundaic Island-Thrush (Bornean)
molist1,Moluccan Island Thrush,Moluccan Island-Thrush
islthr59,Moluccan Island Thrush (Taliabu),Moluccan Island-Thrush (Taliabu)
islthr7,Moluccan Island Thrush (Seram),Moluccan Island-Thrush (Seram)
papist1,Papuan Island Thrush,Papuan Island-Thrush
islthr37,Papuan Island Thrush (Jayawijaya),Papuan Island-Thrush (Jayawijaya)
islthr5,Papuan Island Thrush (Ashy),Papuan Island-Thrush (Ashy)
islthr25,Papuan Island Thrush (Papuan),Papuan Island-Thrush (Papuan)
islthr47,Papuan Island Thrush (Huon),Papuan Island-Thrush (Huon)
islthr4,Papuan Island Thrush (Goodenough),Papuan Island-Thrush (Goodenough)
bisist1,Bismarck Island Thrush,Bismarck Island-Thrush
islthr48,Bougainville Island Thrush,Bougainville Island-Thrush
solist1,Solomons Island Thrush,Solomons Island-Thrush
islthr17,Solomons Island Thrush (Kolombangara),Solomons Island-Thrush (Kolombangara)
islthr51,Solomons Island Thrush (Guadalcanal),Solomons Island-Thrush (Guadalcanal)
vanist1,Vanikoro Island Thrush,Vanikoro Island-Thrush
islthr52,Vanikoro Island Thrush (Rennell),Vanikoro Island-Thrush (Rennell)
islthr21,Vanikoro Island Thrush (Mare),Vanikoro Island-Thrush (Mare)
islthr3,Vanikoro Island Thrush (Vanuatu),Vanikoro Island-Thrush (Vanuatu)
islthr26,Vanikoro Island Thrush (Ureparapara),Vanikoro Island-Thrush (Ureparapara)
islthr8,Vanikoro Island Thrush (Efate),Vanikoro Island-Thrush (Efate)
islthr28,White-headed Island Thrush,White-headed Island-Thrush
islthr40,New Caledonian Island Thrush,New Caledonian Island-Thrush
norist1,Tasman Sea Island Thrush,Tasman Sea Island-Thrush
islthr38,Tasman Sea Island Thrush (Lord Howe I.),Tasman Sea Island-Thrush (Lord Howe I.)
islthr27,Tasman Sea Island Thrush (Norfolk I.),Tasman Sea Island-Thrush (Norfolk I.)
islthr30,Samoan Island Thrush,Samoan Island-Thrush
fijist1,Fiji Island Thrush,Fiji Island-Thrush
islthr18,Fiji Island Thrush (Viti Levu),Fiji Island-Thrush (Viti Levu)
islthr29,Fiji Island Thrush (Kadavu),Fiji Island-Thrush (Kadavu)
islthr39,Fiji Island Thrush (Vanua Levu),Fiji Island-Thrush (Vanua Levu)
islthr11,Fiji Island Thrush (Gau),Fiji Island-Thrush (Gau)
islthr35,Fiji Island Thrush (Taveuni),Fiji Island-Thrush (Taveuni)
tibbla1,藏乌鸫,Tibetan Blackbird
whbthr2,棕背黑头鸫,White-backed Thrush
palthr1,白腹鸫,Pale Thrush
eyethr,白眉鸫,Eyebrowed Thrush
gysthr1,褐头鸫,Gray-sided Thrush
y01053,白眉鸫/褐头鸫,Eyebrowed/Gray-sided Thrush
izuthr1,Izu Thrush,Izu Thrush
brhthr1,赤胸鸫,Brown-headed Thrush
fieldf,田鸫,Fieldfare
whcbla1,白颈鸫,White-collared Blackbird
chethr1,灰头鸫,Chestnut Thrush
chethr2,灰头鸫 (头银灰),Chestnut Thrush (Silver-headed)
chethr3,灰头鸫 (头深灰),Chestnut Thrush (Gray-headed)
rinouz1,Ring Ouzel,Ring Ouzel
rinouz2,Ring Ouzel (Northern),Ring Ouzel (Northern)
rinouz3,Ring Ouzel (Alpine),Ring Ouzel (Alpine)
rinouz4,Ring Ouzel (Caucasian),Ring Ouzel (Caucasian)
datthr1,黑喉鸫 (黑颈鸫),Black-throated Thrush
retthr1,赤颈鸫,Red-throated Thrush
x00644,黑喉鸫x赤颈鸫 (杂交),Black-throated x Red-throated Thrush (hybrid)
y01202,黑喉鸫/赤颈鸫,Black-throated/Red-throated Thrush
dusthr2,斑鸫,Dusky Thrush
dusthr1,红尾斑鸫,Naumann's Thrush
x01137,黑喉鸫x红尾斑鸫 (杂交),Black-throated x Naumann's Thrush (hybrid)
x01199,赤颈鸫x红尾斑鸫 (杂交),Red-throated x Naumann's Thrush (hybrid)
x00973,斑鸫x红尾斑鸫 (杂交),Dusky x Naumann's Thrush (hybrid)
dusthr,斑鸫/红尾斑鸫,Dusky/Naumann's Thrush
sulthr1,Sulawesi Thrush,Sulawesi Thrush
grcthr1,Grand Cayman Thrush,Grand Cayman Thrush
whcthr1,White-chinned Thrush,White-chinned Thrush
relthr1,Red-legged Thrush (Bahamas/Cuba),Western Red-legged Thrush
relthr5,Red-legged Thrush (Bahamas),Western Red-legged Thrush (Bahamas)
relthr11,Red-legged Thrush (Rusty-bellied),Western Red-legged Thrush (Rusty-bellied)
relthr6,Red-legged Thrush (Cuban Slaty),Western Red-legged Thrush (Cuban Slaty)
wrlthr1,Red-legged Thrush (Rusty-bellied x Cuban Slaty),Western Red-legged Thrush (Rusty-bellied x Cuban Slaty)
relthr3,Red-legged Thrush (Antillean),Eastern Red-legged Thrush
blarob1,Black Thrush,Black Thrush
soorob1,Sooty Thrush,Sooty Thrush
rucrob1,Rufous-collared Thrush,Rufous-collared Robin
amerob,旅鸫,American Robin
amerob3,旅鸫 (nigrideus),American Robin (nigrideus)
amerob1,旅鸫 [migratorius Group],American Robin (migratorius Group)
amerob2,旅鸫 (confinis),American Robin (San Lucas)
y00822,Varied Thrush/American Robin,Varied Thrush/American Robin
rubrob,Rufous-backed Thrush,Rufous-backed Robin
rubrob1,Rufous-backed Thrush (Rufous-backed),Rufous-backed Robin (Rufous-backed)
rubrob2,Rufous-backed Thrush (Grayson's),Rufous-backed Robin (Grayson's)
mourob1,Mountain Thrush,Mountain Thrush
lasthr1,La Selle Thrush,La Selle Thrush
whethr1,White-eyed Thrush,White-eyed Thrush
paethr1,Pale-eyed Thrush,Pale-eyed Thrush
forthr1,Forest Thrush,Forest Thrush
chbthr2,Chestnut-bellied Thrush,Chestnut-bellied Thrush
plbthr2,Plumbeous-backed Thrush,Plumbeous-backed Thrush
glbthr1,Glossy-black Thrush,Glossy-black Thrush
blhthr1,Black-hooded Thrush,Black-hooded Thrush
slathr2,Andean Slaty Thrush,Andean Slaty Thrush
grethr1,Great Thrush,Great Thrush
grethr2,Great Thrush (Santa Marta),Great Thrush (Santa Marta)
grethr9,Great Thrush (Great),Great Thrush (Great)
grethr7,Great Thrush (Black),Great Thrush (Black)
grethr8,Great Thrush (Bolivian),Great Thrush (Bolivian)
chithr1,Chiguanco Thrush,Chiguanco Thrush
chithr4,Chiguanco Thrush (chiguanco/conradi),Chiguanco Thrush (chiguanco/conradi)
chithr3,Chiguanco Thrush (anthracinus),Chiguanco Thrush (anthracinus)
y01392,Great/Chiguanco Thrush,Great/Chiguanco Thrush
austhr1,Austral Thrush,Austral Thrush
austhr2,Austral Thrush (Magellan),Austral Thrush (Magellan)
austhr3,Austral Thrush (Falkland),Austral Thrush (Falkland)
trithr1,Tristan Thrush,Tristan Thrush
crbthr1,Creamy-bellied Thrush,Creamy-bellied Thrush
blbthr1,Black-billed Thrush,Black-billed Thrush
bkbthr1,Black-billed Thrush (Drab),Black-billed Thrush (Drab)
bkbthr2,Black-billed Thrush (Amazonian),Black-billed Thrush (Amazonian)
bkbthr3,Campina Thrush,Campina Thrush
y01160,Black-billed/Campina Thrush,Black-billed/Campina Thrush
marthr2,Maranon Thrush,Marañon Thrush
yelthr1,Yellow-legged Thrush,Yellow-legged Thrush
slathr3,Blacksmith Thrush,Blacksmith Thrush
bkbthr4,Pantepui Thrush,Pantepui Thrush
y01159,Campina/Pantepui Thrush,Campina/Pantepui Thrush
lawthr1,Lawrence's Thrush,Lawrence's Thrush
pavthr1,Pale-vented Thrush,Pale-vented Thrush
whtrob1,White-throated Thrush,White-throated Thrush
whtthr2,Dagua Thrush,Dagua Thrush
whnrob1,White-necked Thrush,White-necked Thrush
whnthr1,White-necked Thrush (Grey-flanked),White-necked Thrush (Gray-flanked)
whnthr2,White-necked Thrush (Rufous-flanked),White-necked Thrush (Rufous-flanked)
pabthr1,Pale-breasted Thrush,Pale-breasted Thrush
hauthr1,Hauxwell's Thrush,Hauxwell's Thrush
cocthr1,Cocoa Thrush,Cocoa Thrush
cocthr2,Cocoa Thrush (Lesser Antillean),Cocoa Thrush (Lesser Antillean)
cocthr3,Cocoa Thrush (Cocoa),Cocoa Thrush (Cocoa)
rubthr1,Rufous-bellied Thrush,Rufous-bellied Thrush
unithr1,Unicolored Thrush,Unicolored Thrush
baerob1,Spectacled Thrush,Spectacled Thrush
hauthr3,Varzea Thrush,Varzea Thrush
y00755,Hauxwell's/Varzea Thrush,Hauxwell's/Varzea Thrush
ecuthr1,Ecuadorian Thrush,Ecuadorian Thrush
clcrob,Clay-colored Thrush,Clay-colored Thrush
turdus1,未识别的Turdus属鸫,Turdus sp.
thrush1,未识别的鸫类,thrush sp.
gysfly1,灰纹鹟,Gray-streaked Flycatcher
dasfly,乌鹟,Dark-sided Flycatcher
dasfly1,乌鹟 (北方),Dark-sided Flycatcher (Siberian)
dasfly5,乌鹟 (喜山),Dark-sided Flycatcher (Himalayan)
y01085,灰纹鹟/乌鹟,Gray-streaked/Dark-sided Flycatcher
ferfly1,棕尾褐鹟,Ferruginous Flycatcher
asbfly,北灰鹟,Asian Brown Flycatcher
asbfly2,北灰鹟 (北方),Asian Brown Flycatcher (Northern)
asbfly3,北灰鹟 (东洋界),Asian Brown Flycatcher (Southern)
asbfly1,Ashy-breasted Flycatcher,Ashy-breasted Flycatcher
subfly2,Sumba Brown Flycatcher,Sumba Brown Flycatcher
brbfly2,褐胸鹟,Brown-breasted Flycatcher
y01322,北灰鹟/褐胸鹟,Asian Brown/Brown-breasted Flycatcher
subfly3,Sulawesi Streaked Flycatcher,Sulawesi Brown Flycatcher
bnsfly1,褐纹鹟,Brown-streaked Flycatcher
bnsfly2,褐纹鹟 (williamsoni),Brown-streaked Flycatcher (Brown-streaked)
bnsfly3,褐纹鹟 (umbrosa),Brown-streaked Flycatcher (Umber)
y00754,北灰鹟/褐纹鹟,Asian Brown/Brown-streaked Flycatcher
afdfly1,African Dusky Flycatcher,African Dusky Flycatcher
ligfly2,Little Grey Flycatcher,Little Flycatcher
yeffly1,Yellow-footed Flycatcher,Yellow-footed Flycatcher
y01393,Little/Yellow-footed Flycatcher,Little/Yellow-footed Flycatcher
spofly1,斑鹟,Spotted Flycatcher
spofly2,斑鹟 (广布),Spotted Flycatcher (Spotted)
spofly3,斑鹟 (tyrrhenica/balearica),Spotted Flycatcher (Mediterranean)
y01394,African Dusky/Spotted/Mediterranean Flycatcher,African Dusky/Spotted Flycatcher
gamfly1,Gambaga Flycatcher,Gambaga Flycatcher
y01395,Spotted/Gambaga Flycatcher,Spotted/Gambaga Flycatcher
y01396,African Dusky/Spotted/Mediterranean/Gambaga Flycatcher,African Dusky/Spotted/Gambaga Flycatcher
swafly3,Swamp Flycatcher,Swamp Flycatcher
casfly1,Cassin's Flycatcher,Cassin's Flycatcher
muscic1,未识别的Muscicapa属鹟,Muscicapa sp.
boefly1,Böhm's Flycatcher,Böhm's Flycatcher
ussfly1,Ussher's Flycatcher,Ussher's Flycatcher
soofly1,Sooty Flycatcher,Sooty Flycatcher
dubfly2,Dusky-blue Flycatcher,Dusky-blue Flycatcher
marfly1,Marico Flycatcher,Marico Flycatcher
afgfly1,African Grey Flycatcher,African Gray Flycatcher
grafly2,African Grey Flycatcher (Ethiopian),African Gray Flycatcher (Ethiopian)
grafly1,African Grey Flycatcher (African Grey),African Gray Flycatcher (African Gray)
y01368,Gambaga/African Grey Flycatcher,Gambaga/African Gray Flycatcher
brador1,Bradornis sp.,Bradornis sp.
y01003,Muscicapa/Bradornis sp.,Muscicapa/Bradornis sp.
palfly2,Pale Flycatcher,Pale Flycatcher
palfly6,Pale Flycatcher (Pale),Pale Flycatcher (Pale)
palfly4,Pale Flycatcher (Wajir),Pale Flycatcher (Wajir)
palfly5,Pale Flycatcher (East Coast),Pale Flycatcher (East Coast)
y01397,Marico/Pale Flycatcher,Marico/Pale Flycatcher
chafly2,Chat Flycatcher,Chat Flycatcher
wbffly1,White-browed Forest Flycatcher,White-browed Forest-Flycatcher
afffly1,Fraser's Forest Flycatcher,African Forest-Flycatcher
afrfof1,Fraser's Forest Flycatcher (Western),African Forest-Flycatcher (Western)
afrfof2,Fraser's Forest Flycatcher (Eastern),African Forest-Flycatcher (Eastern)
gyttif1,Grey-throated Tit-Flycatcher,Gray-throated Tit-Flycatcher
grytif1,Grey Tit-Flycatcher,Gray Tit-Flycatcher
olifly1,Olivaceous Flycatcher,Olivaceous Flycatcher
olifly4,Olivaceous Flycatcher (Olivaceous),Olivaceous Flycatcher (Olivaceous)
olifly5,Olivaceous Flycatcher (Mt. Nimba),Olivaceous Flycatcher (Mt. Nimba)
chafly1,Chapin's Flycatcher,Chapin's Flycatcher
chafly5,Chapin's Flycatcher (Chapin's),Chapin's Flycatcher (Chapin's)
chafly4,Chapin's Flycatcher (Itombwe),Chapin's Flycatcher (Itombwe)
tesfly1,Tessmann's Flycatcher,Tessmann's Flycatcher
ashfly1,Ashy Flycatcher,Ashy Flycatcher
hercha1,Herero Chat,Herero Chat
silver1,Silverbird,Silverbird
fisfly1,Fiscal Flycatcher,Fiscal Flycatcher
yebfly2,Yellow-eyed Black Flycatcher,Yellow-eyed Black-Flycatcher
nimfly1,Nimba Flycatcher,Nimba Flycatcher
nobfly1,Northern Black Flycatcher,Northern Black-Flycatcher
sobfly1,Southern Black Flycatcher,Southern Black-Flycatcher
wheslf1,White-eyed Slaty Flycatcher,White-eyed Slaty-Flycatcher
angslf1,Angola Slaty Flycatcher,Angola Slaty-Flycatcher
abyslf1,Abyssinian Slaty Flycatcher,Abyssinian Slaty-Flycatcher
grcfly3,Humblot's Flycatcher,Grande Comore Flycatcher
ficale3,White-tailed Alethe,White-tailed Alethe
ficale2,Fire-crested Alethe,Fire-crested Alethe
kasrob2,Karoo Scrub Robin,Karoo Scrub-Robin
fosrob1,Forest Scrub Robin,Forest Scrub-Robin
forscr2,Forest Scrub Robin (Forest),Forest Scrub-Robin (Forest)
forscr3,Forest Scrub Robin (Huila),Forest Scrub-Robin (Huila)
brsrob1,Brown Scrub Robin,Brown Scrub-Robin
besrob1,Bearded Scrub Robin,Bearded Scrub-Robin
beascr1,Bearded Scrub Robin (Bearded),Bearded Scrub-Robin (Bearded)
beascr2,Bearded Scrub Robin (Zanzibar),Bearded Scrub-Robin (Zanzibar)
misrob1,Miombo Scrub Robin,Miombo Scrub-Robin
blsrob1,Black Scrub Robin,Black Scrub-Robin
rutscr1,棕薮鸲,Rufous-tailed Scrub-Robin
rtsrob1,棕薮鸲 (欧亚),Rufous-tailed Scrub-Robin (Rufous-tailed)
afrscr1,棕薮鸲 (minor/hamertoni),Rufous-tailed Scrub-Robin (African)
kasrob1,Kalahari Scrub Robin,Kalahari Scrub-Robin
bbsrob1,Brown-backed Scrub Robin,Brown-backed Scrub-Robin
rbsrob1,White-browed Scrub Robin,White-browed Scrub-Robin
rebscr1,White-browed Scrub Robin (White-winged),White-browed Scrub-Robin (White-winged)
rebscr2,White-browed Scrub Robin (Red-backed),White-browed Scrub-Robin (Red-backed)
scrubr1,african scrub robin sp.,african scrub-robin sp.
indrob1,Indian Robin,Indian Robin
magrob,鹊鸲,Oriental Magpie-Robin
orimar1,鹊鸲 (白腹),Oriental Magpie-Robin (Oriental)
orimar2,鹊鸲 [amoenus Group],Oriental Magpie-Robin (Black)
rutsha2,Rufous-tailed Shama,Rufous-tailed Shama
mamrob1,Madagascar Magpie-Robin,Madagascar Magpie-Robin
madmar1,Madagascar Magpie-Robin (Black-bellied),Madagascar Magpie-Robin (Black-bellied)
madmar2,Madagascar Magpie-Robin (White-bellied),Madagascar Magpie-Robin (White-bellied)
madmar3,Madagascar Magpie-Robin (White-winged),Madagascar Magpie-Robin (White-winged)
semrob1,Seychelles Magpie-Robin,Seychelles Magpie-Robin
phimar1,Philippine Magpie-Robin,Philippine Magpie-Robin
whrsha,白腰鹊鸲,White-rumped Shama
whrsha1,白腰鹊鸲 (广布),White-rumped Shama (White-rumped)
whrsha18,白腰鹊鸲 (ngae),White-rumped Shama (Long-tailed)
whrsha3,白腰鹊鸲 [melanurus Group],White-rumped Shama (Barusan)
whrsha5,Sri Lanka Shama,Sri Lanka Shama
whrsha16,White-crowned Shama,White-crowned Shama
whrsha17,Maratua Shama,Maratua Shama
whrsha11,Kangean Shama,Kangean Shama
andsha1,Andaman Shama,Andaman Shama
larsha1,Larwo Shama,Larwo Shama
whbsha1,White-browed Shama,White-browed Shama
vissha1,Visayan Shama,Visayan Shama
whvsha1,White-vented Shama,White-vented Shama
blasha1,Black Shama,Black Shama
whtfly2,白尾蓝仙鹟,White-tailed Flycatcher
whbsho1,Nilgiri Blue Robin,Nilgiri Sholakili
whbsho3,White-bellied Blue Robin,White-bellied Sholakili
larnil1,大仙鹟,Large Niltava
larnil6,大仙鹟 (广布),Large Niltava (Large)
larnil4,大仙鹟 (decorata),Large Niltava (Dalat)
smanil1,小仙鹟,Small Niltava
y01372,大仙鹟/小仙鹟,Large/Small Niltava
fujnil1,棕腹大仙鹟,Fujian Niltava
rubnil1,棕腹仙鹟,Rufous-bellied Niltava
ruvnil1,Rufous-vented Niltava,Rufous-vented Niltava
vivnil2,棕腹蓝仙鹟,Chinese Vivid Niltava
y01398,棕腹大仙鹟/棕腹仙鹟/棕腹蓝仙鹟,Fujian/Rufous-bellied/Chinese Vivid Niltava
vivnil3,台湾蓝仙鹟,Taiwan Vivid Niltava
niltav1,未识别的Niltava属蓝仙鹟,niltava sp.
bawfly2,白腹蓝鹟,Blue-and-white Flycatcher
zapfly1,琉璃蓝鹟,Zappey's Flycatcher
y00911,白腹蓝鹟/琉璃蓝鹟,Blue-and-white/Zappey's Flycatcher
matfly2,Matinan Blue Flycatcher,Matinan Flycatcher
blffly1,Blue-fronted Blue Flycatcher,Blue-fronted Flycatcher
tibfly2,Timor Blue Flycatcher,Timor Blue Flycatcher
flojuf2,Flores Jungle Flycatcher,Flores Jungle Flycatcher
flojuf1,Sumba Jungle Flycatcher,Sumba Jungle Flycatcher
dubfly3,Dull-blue Flycatcher,Dull-blue Flycatcher
nilfly2,Nilgiri Flycatcher,Nilgiri Flycatcher
indfly1,Indigo Flycatcher,Indigo Flycatcher
indfly2,Indigo Flycatcher (Rufous-vented),Indigo Flycatcher (Rufous-vented)
indfly3,Indigo Flycatcher (Javan),Indigo Flycatcher (Javan)
verfly4,铜蓝鹟,Verditer Flycatcher
y01103,Nilgiri/Verditer Flycatcher,Nilgiri/Verditer Flycatcher
burjuf1,Buru Jungle Flycatcher,Buru Jungle Flycatcher
islfly1,Turquoise Flycatcher,Turquoise Flycatcher
whgfly1,白喉姬鹟,White-gorgeted Flycatcher
rubfly3,Rufous-browed Flycatcher,Rufous-browed Flycatcher
rubfly1,Rück's Blue Flycatcher,Rück's Blue Flycatcher
bubfly1,Blue-breasted Blue Flycatcher,Blue-breasted Blue Flycatcher
bubfly2,Rufous-breasted Blue Flycatcher,Rufous-breasted Blue Flycatcher
blbfly3,Blue-breasted/Rufous-breasted Blue Flycatcher,Blue-breasted/Rufous-breasted Blue Flycatcher
habfly1,海南蓝仙鹟,Hainan Blue Flycatcher
butfly4,海南蓝仙鹟 (西部，橙胸),Hainan Blue Flycatcher (Western Orange-breasted)
habfly2,海南蓝仙鹟 (蓝胸),Hainan Blue Flycatcher (Blue-breasted)
habfly3,海南蓝仙鹟 (东部，橙胸),Hainan Blue Flycatcher (Eastern Orange-breasted)
wbbfly1,White-bellied Blue Flycatcher,White-bellied Blue Flycatcher
pacblf1,灰颊仙鹟,Pale-chinned Flycatcher
pabfly2,纯蓝仙鹟,Pale Blue Flycatcher
pabfly3,纯蓝仙鹟 (喜山),Pale Blue Flycatcher (Unicolored)
pabfly4,纯蓝仙鹟 (海南),Pale Blue Flycatcher (Diao Luo)
pabfly5,纯蓝仙鹟 (cyanopolia),Pale Blue Flycatcher (Hartert's)
butfly1,蓝喉仙鹟,Blue-throated Flycatcher
butfly2,中华仙鹟,Chinese Blue Flycatcher
bltfly2,蓝喉仙鹟/中华仙鹟,Blue-throated/Chinese Blue Flycatcher
y01329,海南蓝仙鹟/蓝喉仙鹟/中华仙鹟,Hainan Blue/Blue-throated/Chinese Blue Flycatcher
larblf1,大蓝仙鹟,Large Blue Flycatcher
hibfly1,山蓝仙鹟,Hill Blue Flycatcher
y01092,大蓝仙鹟/山蓝仙鹟,Large/Hill Blue Flycatcher
hibfly3,Javan Blue Flycatcher,Javan Blue Flycatcher
hibfly4,Dayak Blue Flycatcher,Dayak Blue Flycatcher
merjuf1,Meratus Blue Flycatcher,Meratus Blue Flycatcher
lobblf1,Sunda Blue Flycatcher,Sunda Blue Flycatcher
mabfly1,Malaysian Blue Flycatcher,Malaysian Blue Flycatcher
pabfly1,Palawan Blue Flycatcher,Palawan Blue Flycatcher
bobfly2,Bornean Blue Flycatcher,Bornean Blue Flycatcher
tibfly3,Tickell's Blue Flycatcher,Tickell's Blue Flycatcher
x00927,Pale-chinned x Tickell's Blue Flycatcher (hybrid),Pale-chinned x Tickell's Blue Flycatcher (hybrid)
y01069,Blue-throated/Tickell's Blue Flycatcher,Blue-throated/Tickell's Blue Flycatcher
tibfly4,Indochinese Blue Flycatcher,Indochinese Blue Flycatcher
mabfly2,Mangrove Blue Flycatcher,Mangrove Blue Flycatcher
manblf1,Mangrove Blue Flycatcher (Mangrove),Mangrove Blue Flycatcher (Mangrove)
manblf2,Mangrove Blue Flycatcher (Philippine),Mangrove Blue Flycatcher (Philippine)
subfly1,Sulawesi Blue Flycatcher,Sulawesi Blue Flycatcher
sulblf1,Sulawesi Blue Flycatcher (Sulawesi),Sulawesi Blue Flycatcher (Sulawesi)
subfly4,Sulawesi Blue Flycatcher (Tanahjampea),Sulawesi Blue Flycatcher (Tanahjampea)
subfly5,Kalao Blue Flycatcher,Kalao Blue Flycatcher
bncjuf1,白喉林鹟,Brown-chested Jungle Flycatcher
nicjuf1,Nicobar Jungle Flycatcher,Nicobar Jungle Flycatcher
gycjuf1,Grey-chested Jungle Flycatcher,Gray-chested Jungle Flycatcher
fucjuf1,Fulvous-chested Jungle Flycatcher,Fulvous-chested Jungle Flycatcher
chtjuf2,Philippine Jungle Flycatcher,Philippine Jungle Flycatcher
chtjuf3,Sulu Jungle Flycatcher,Sulu Jungle Flycatcher
chtjuf4,Crocker Jungle Flycatcher,Crocker Jungle Flycatcher
banjuf1,Banggai Jungle Flycatcher,Banggai Jungle Flycatcher
suljuf1,Sula Jungle Flycatcher,Sula Jungle Flycatcher
blufly1,未识别的Cyornis属仙鹟,Cyornis sp.
wbrcha1,White-bellied Robin-Chat,White-bellied Robin-Chat
whbroc1,White-bellied Robin-Chat (White-bellied),White-bellied Robin-Chat (White-bellied)
whbroc2,White-bellied Robin-Chat (Albertine),White-bellied Robin-Chat (Albertine)
morcha1,Mountain Robin-Chat,Mountain Robin-Chat
mouroc1,Mountain Robin-Chat (Highland),Mountain Robin-Chat (Highland)
mouroc2,Mountain Robin-Chat (Mountain),Mountain Robin-Chat (Mountain)
arrcha1,Archer's Ground Robin,Archer's Robin-Chat
arcroc1,Archer's Ground Robin (Archer's),Archer's Robin-Chat (Archer's)
arcroc2,Archer's Ground Robin (Kabobo),Archer's Robin-Chat (Kabobo)
ofrcha1,Olive-flanked Ground Robin,Olive-flanked Robin-Chat
olfroc1,Olive-flanked Ground Robin (White-bellied),Olive-flanked Robin-Chat (White-bellied)
olfroc2,Olive-flanked Ground Robin (Black),Olive-flanked Robin-Chat (Black)
olfroc3,Olive-flanked Ground Robin (Olive-flanked),Olive-flanked Robin-Chat (Olive-flanked)
carcha1,Cape Robin-Chat,Cape Robin-Chat
wtrcha1,White-throated Robin-Chat,White-throated Robin-Chat
bsrcha1,Blue-shouldered Robin-Chat,Blue-shouldered Robin-Chat
rurcha1,Rüppell's Robin-Chat,Rüppell's Robin-Chat
wbrcha2,White-browed Robin-Chat,White-browed Robin-Chat
rcrcha1,Red-capped Robin-Chat,Red-capped Robin-Chat
chrcha1,Chorister Robin-Chat,Chorister Robin-Chat
x01214,Red-capped x Chorister Robin-Chat (hybrid),Red-capped x Chorister Robin-Chat (hybrid)
whrcha1,White-headed Robin-Chat,White-headed Robin-Chat
scrcha1,Snowy-crowned Robin-Chat,Snowy-crowned Robin-Chat
wcrcha1,White-crowned Robin-Chat,White-crowned Robin-Chat
robinc1,robin-chat sp.,robin-chat sp.
anccha1,Angola Cave Chat,Angola Cave-Chat
copthr1,Collared Palm Thrush,Collared Palm-Thrush
rtpthr1,Rufous-tailed Palm Thrush,Rufous-tailed Palm-Thrush
spmthr1,Spotted Palm Thrush,Spotted Morning-Thrush
eurrob1,欧亚鸲,European Robin
whsrob1,White-starred Robin,White-starred Robin
swyrob1,Swynnerton's Robin,Swynnerton's Robin
swyrob2,Swynnerton's Robin (Udzungwa),Swynnerton's Robin (Udzungwa)
swyrob3,Swynnerton's Robin (Swynnerton's),Swynnerton's Robin (Swynnerton's)
brcale1,Brown-chested Alethe,Brown-chested Alethe
bncale1,Brown-chested Alethe (Grey-headed),Brown-chested Alethe (Gray-headed)
bncale2,Brown-chested Alethe (Gabela),Brown-chested Alethe (Gabela)
bncale3,Brown-chested Alethe (Chestnut-backed),Brown-chested Alethe (Chestnut-backed)
bncale4,Brown-chested Alethe (Brown-chested),Brown-chested Alethe (Brown-chested)
retale1,Red-throated Alethe,Red-throated Alethe
choale1,Thyolo Alethe,Thyolo Alethe
whcale1,White-chested Alethe,White-chested Alethe
forrob6,Forest Robin (Olive-backed),Olive-backed Forest Robin
obfrob1,Forest Robin (Orange-breasted),Orange-breasted Forest Robin
forrob4,Forest Robin (Yellow-breasted),Yellow-breasted Forest Robin
forrob7,Forest Robin,forest robin sp.
gywroc1,Grey-winged Robin-Chat,Gray-winged Robin-Chat
gywroc2,Grey-winged Robin-Chat (Black-capped),Gray-winged Robin-Chat (Black-capped)
gywroc3,Grey-winged Robin-Chat (Grey-winged),Gray-winged Robin-Chat (Gray-winged)
shtaka2,Short-tailed Akalat,Short-tailed Akalat
bocaka2,Short-tailed Akalat (Grant's),Short-tailed Akalat (Grant's)
bocaka3,Short-tailed Akalat (Bioko),Short-tailed Akalat (Bioko)
shtaka1,Short-tailed Akalat (Short-tailed),Short-tailed Akalat (Short-tailed)
bocaka11,Bocage's Akalat,Bocage's Akalat
lowaka1,Lowland Akalat,Lowland Akalat
equaka1,Equatorial Akalat,Equatorial Akalat
shaaka1,Sharpe's Akalat,Sharpe's Akalat
eacaka1,East Coast Akalat,East Coast Akalat
eacaka2,East Coast Akalat (East Coast),East Coast Akalat (East Coast)
eacaka4,East Coast Akalat (Montane),East Coast Akalat (Montane)
eacaka5,East Coast Akalat (Benson's),East Coast Akalat (Benson's)
eacaka6,East Coast Akalat (Gunning's),East Coast Akalat (Gunning's)
gabaka1,Gabela Akalat,Gabela Akalat
usaaka1,Usambara Akalat,Usambara Akalat
iriaka1,Iringa Akalat,Iringa Akalat
rubaka1,Rubeho Akalat,Rubeho Akalat
bagbab2,Bagobo Babbler,Bagobo Robin
eyjfly1,Eyebrowed Jungle Flycatcher,Eyebrowed Jungle Flycatcher
rufjuf1,White-browed Jungle Flycatcher,Rusty-flanked Jungle Flycatcher
negjuf1,White-throated Jungle Flycatcher,Negros Jungle Flycatcher
minjuf1,Slaty-backed Jungle Flycatcher,Mindanao Jungle Flycatcher
gresho1,Great Shortwing,Great Shortwing
gresho2,Great Shortwing (Minahasa),Great Shortwing (Minahasa)
gresho3,Great Shortwing (Great),Great Shortwing (Great)
rubsho1,锈腹短翅鸫,Rusty-bellied Shortwing
lessho1,白喉短翅鸫,Lesser Shortwing
whbsho4,喜山短翅鸫,Himalayan Shortwing
whbsho5,中华短翅鸫,Chinese Shortwing
y01161,喜山短翅鸫/中华短翅鸫,Himalayan/Chinese Shortwing
whbsho6,台湾短翅鸫,Taiwan Shortwing
whbsho7,Philippine Shortwing,Philippine Shortwing
whbsho8,Bornean Shortwing,Bornean Shortwing
whbsho9,Sumatran Shortwing,Sumatran Shortwing
whbsho10,Javan Shortwing,Javan Shortwing
whbsho11,Flores Shortwing,Flores Shortwing
minsho1,Mindanao Shortwing (undescribed form),Mindanao Shortwing (undescribed form)
brachy1,未识别的短翅鸫,Brachypteryx sp.
gousho1,栗背短翅鸫,Gould's Shortwing
rutrob1,红尾歌鸲,Rufous-tailed Robin
ruhrob1,棕头歌鸲,Rufous-headed Robin
japrob2,日本歌鸲,Japanese Robin
japrob3,Izu Robin,Izu Robin
japrob1,Japanese/Izu Robin,Japanese/Izu Robin
ryurob2,琉球歌鸲,Ryukyu Robin
ryurob3,Okinawa Robin,Okinawa Robin
ryurob1,Ryukyu/Okinawa Robin,Ryukyu/Okinawa Robin
inbrob1,栗腹歌鸲,Indian Blue Robin
sibrob,蓝歌鸲,Siberian Blue Robin
whtrob3,White-throated Robin,White-throated Robin
thrnig1,欧歌鸲,Thrush Nightingale
comnig1,新疆歌鸲,Common Nightingale
comnig2,新疆歌鸲 (megarhynchos/africana),Common Nightingale (megarhynchos/africana)
comnig3,新疆歌鸲 (中亚),Common Nightingale (golzii)
x01010,欧歌鸲x新疆歌鸲 (杂交),Thrush x Common Nightingale (hybrid)
y00625,欧歌鸲/新疆歌鸲,Thrush/Common Nightingale
whbred1,白腹短翅鸲,White-bellied Redstart
blueth,蓝喉歌鸲,Bluethroat
blueth1,蓝喉歌鸲 (红点蓝喉),Bluethroat (Red-spotted)
blueth4,蓝喉歌鸲 (azuricollis),Bluethroat (Iberian)
blueth2,蓝喉歌鸲 (cyanecula/namnetum),Bluethroat (White-spotted)
blueth3,蓝喉歌鸲 (magna),Bluethroat (Caucasian)
ceywht1,Sri Lanka Whistling Thrush,Sri Lanka Whistling-Thrush
shwthr1,Shiny Whistling Thrush,Shiny Whistling-Thrush
javwht1,Javan Whistling Thrush,Javan Whistling-Thrush
chwwht1,Brown-winged Whistling Thrush,Sumatran Whistling-Thrush
borwht1,Bornean Whistling Thrush,Bornean Whistling-Thrush
mawthr2,Malayan Whistling Thrush,Malayan Whistling-Thrush
mawthr1,Malabar Whistling Thrush,Malabar Whistling-Thrush
fowthr1,台湾紫啸鸫,Taiwan Whistling-Thrush
blwthr1,紫啸鸫,Blue Whistling-Thrush
bluwht1,紫啸鸫 (黑嘴),Blue Whistling-Thrush (Black-billed)
bluwht2,紫啸鸫 (黄嘴),Blue Whistling-Thrush (Yellow-billed)
whistl2,未识别的紫啸鸫,whistling-thrush sp.
litfor1,小燕尾,Little Forktail
whcfor1,白冠燕尾,White-crowned Forktail
whcfor4,白冠燕尾 (广布),White-crowned Forktail (Northern)
whcfor10,白冠燕尾 (frontalis/chaseni),White-crowned Forktail (Malaysian)
whcfor5,白冠燕尾 (leschenaulti),White-crowned Forktail (Javan)
whcfor3,Bornean Forktail,Bornean Forktail
y01210,White-crowned/Bornean Forktail,White-crowned/Bornean Forktail
spofor1,斑背燕尾,Spotted Forktail
sunfor1,Sunda Forktail,Sunda Forktail
chnfor1,Chestnut-naped Forktail,Chestnut-naped Forktail
blbfor1,黑背燕尾,Black-backed Forktail
slbfor1,灰背燕尾,Slaty-backed Forktail
forkta1,未识别的燕尾,forktail sp.
fireth1,金胸歌鸲,Firethroat
btbrob1,黑喉歌鸲,Blackthroat
y01307,金胸歌鸲/黑喉歌鸲,Firethroat/Blackthroat
sibrub,红喉歌鸲,Siberian Rubythroat
himrub1,黑胸歌鸲,Himalayan Rubythroat
chirub1,白须黑胸歌鸲,Chinese Rubythroat
whtrub1,黑胸歌鸲/白须黑胸歌鸲,Himalayan/Chinese Rubythroat (White-tailed Rubythroat)
whtrob2,白尾蓝地鸲,White-tailed Robin
whtrob4,白尾蓝地鸲 (蓝额),White-tailed Robin (White-tailed)
whtrob5,白尾蓝地鸲 (cambodiana),White-tailed Robin (Cambodian)
sunrob2,Sumatran Blue Robin,Sumatran Robin
sunrob3,Javan Blue Robin,Javan Robin
blfrob1,蓝额长脚地鸲,Blue-fronted Robin
refblu1,红胁蓝尾鸲,Red-flanked Bluetail
refblu2,祁连山蓝尾鸲,Qilian Bluetail
refblu,红胁蓝尾鸲/祁连山蓝尾鸲,Red-flanked/Qilian Bluetail
himblu1,蓝眉林鸲,Himalayan Bluetail
y00912,红胁蓝尾鸲/蓝眉林鸲,Red-flanked/Himalayan Bluetail
rbbrob1,棕腹林鸲,Rufous-breasted Bush-Robin
wbbrob1,白眉林鸲,White-browed Bush-Robin
whbbur3,台湾白眉林鸲,Taiwan Bush-Robin
gobrob1,金色林鸲,Golden Bush-Robin
cobrob1,台湾林鸲 (栗背林鸲),Collared Bush-Robin
y01124,台湾白眉林鸲/台湾林鸲,Taiwan/Collared Bush-Robin
tarsig1,未识别的Tarsiger属林鸲,Tarsiger sp.
korfly1,白眉姬鹟,Yellow-rumped Flycatcher
narfly1,绿背姬鹟,Green-backed Flycatcher
narfly2,黄眉姬鹟,Narcissus Flycatcher
narfly3,琉球姬鹟,Ryukyu Flycatcher
y00913,白眉姬鹟/绿背姬鹟/黄眉姬鹟/琉球姬鹟,Yellow-rumped/Green-backed/Narcissus/Ryukyu Flycatcher
narfly,黄眉姬鹟/琉球姬鹟,Narcissus/Ryukyu Flycatcher
mugfly,鸲姬鹟,Mugimaki Flycatcher
slbfly1,锈胸蓝姬鹟,Slaty-backed Flycatcher
barfly1,Black-and-orange Flycatcher,Black-and-orange Flycatcher
slbfly2,灰蓝姬鹟,Slaty-blue Flycatcher
snbfly1,棕胸蓝姬鹟,Snowy-browed Flycatcher
pybfly1,侏蓝姬鹟 (侏蓝仙鹟),Pygmy Flycatcher
rugfly1,橙胸姬鹟,Rufous-gorgeted Flycatcher
sapfly1,玉头姬鹟,Sapphire Flycatcher
lipfly1,小斑姬鹟,Little Pied Flycatcher
ultfly1,白眉蓝姬鹟,Ultramarine Flycatcher
ultfly2,白眉蓝姬鹟 (白眉),Ultramarine Flycatcher (Eyebrowed)
ultfly3,白眉蓝姬鹟 (东部),Ultramarine Flycatcher (Eastern)
rutfly6,栗尾姬鹟,Rusty-tailed Flycatcher
taifly1,红喉姬鹟,Taiga Flycatcher
kasfly1,Kashmir Flycatcher,Kashmir Flycatcher
rebfly,红胸姬鹟,Red-breasted Flycatcher
y00821,红喉姬鹟/红胸姬鹟,Taiga/Red-breasted Flycatcher
semfly1,Semicollared Flycatcher,Semicollared Flycatcher
eupfly1,斑姬鹟,European Pied Flycatcher
x00471,Semicollared x European Pied Flycatcher (hybrid),Semicollared x European Pied Flycatcher (hybrid)
atlfly1,阿特拉斯斑姬鹟,Atlas Flycatcher
y00819,斑姬鹟/阿特拉斯斑姬鹟,European Pied/Atlas Flycatcher
colfly1,Collared Flycatcher,Collared Flycatcher
x00472,Semicollared x Collared Flycatcher (hybrid),Semicollared x Collared Flycatcher (hybrid)
x00817,European Pied x Collared Flycatcher (hybrid),European Pied x Collared Flycatcher (hybrid)
y01211,European Pied/Collared Flycatcher,European Pied/Collared Flycatcher
y00820,European Pied/Collared/Semicollared Flycatcher,European Pied/Collared/Semicollared Flycatcher
rucfly3,Tanimbar Flycatcher,Tanimbar Flycatcher
rucfly1,Rufous-chested Flycatcher,Rufous-chested Flycatcher
palfly1,Palawan Flycatcher,Palawan Flycatcher
furfly1,Furtive Flycatcher,Furtive Flycatcher
rutfly5,Rufous-throated Flycatcher,Rufous-throated Flycatcher
damfly1,Damar Flycatcher,Damar Flycatcher
cicfly1,Cinnamon-chested Flycatcher,Cinnamon-chested Flycatcher
lomfly1,Lompobattang Flycatcher,Lompobattang Flycatcher
sumfly1,Sumba Flycatcher,Sumba Flycatcher
blbfly2,Black-banded Flycatcher,Black-banded Flycatcher
lisfly1,Little Slaty Flycatcher,Little Slaty Flycatcher
lisfly2,Little Slaty Flycatcher (samarensis),Little Slaty Flycatcher (samarensis)
lisfly3,Little Slaty Flycatcher (basilanica),Little Slaty Flycatcher (basilanica)
rutfly7,Cryptic Flycatcher,Cryptic Flycatcher
bunfly1,Bundok Flycatcher,Bundok Flycatcher
ficedu1,未识别的Ficedula属姬鹟,Ficedula sp.
blfred1,蓝额红尾鸲,Blue-fronted Redstart
plured1,红尾水鸲,Plumbeous Redstart
luzred1,Luzon Water Redstart,Luzon Redstart
rubred2,红背红尾鸲,Rufous-backed Redstart
whcred1,白顶溪鸲,White-capped Redstart
alsred1,贺兰山红尾鸲,Ala Shan Redstart
bucred1,蓝头红尾鸲,Blue-capped Redstart
moured1,Moussier's Redstart,Moussier's Redstart
comred2,欧亚红尾鸲,Common Redstart
comred5,欧亚红尾鸲 (褐翅),Common Redstart (Common)
comred6,欧亚红尾鸲 (samamisicus),Common Redstart (Ehrenberg's)
hodred1,黑喉红尾鸲,Hodgson's Redstart
whtred1,白喉红尾鸲,White-throated Redstart
whwred2,红腹红尾鸲,White-winged Redstart
blared1,赭红尾鸲,Black Redstart
blkred2,赭红尾鸲 (黑体),Black Redstart (Western)
blkred1,赭红尾鸲 (亚洲),Black Redstart (Eastern)
x00745,欧亚红尾鸲x赭红尾鸲 (杂交),Common x Black Redstart (hybrid)
y01071,欧亚红尾鸲/赭红尾鸲,Common/Black Redstart
daured1,北红尾鸲,Daurian Redstart
redsta1,未识别的红尾鸲,redstart sp.
lirthr1,Little Rock Thrush,Little Rock-Thrush
cbrthr1,栗腹矶鸫,Chestnut-bellied Rock-Thrush
wtrthr1,白喉矶鸫,White-throated Rock-Thrush
bcrthr1,蓝头矶鸫,Blue-capped Rock-Thrush
strthr1,Short-toed Rock Thrush,Short-toed Rock-Thrush
shtrot1,Short-toed Rock Thrush (White-crowned),Short-toed Rock-Thrush (White-crowned)
shtrot2,Short-toed Rock Thrush (Short-toed),Short-toed Rock-Thrush (Short-toed)
serthr1,Sentinel Rock Thrush,Sentinel Rock-Thrush
litrot1,Littoral Rock Thrush,Littoral Rock-Thrush
ammrot1,Amber Mountain Rock Thrush,Amber Mountain Rock-Thrush
forrot2,Forest Rock Thrush,Forest Rock-Thrush
forrot1,Forest Rock Thrush (Forest),Forest Rock-Thrush (Forest)
benrot1,Forest Rock Thrush (Benson's),Forest Rock-Thrush (Benson's)
rtrthr1,白背矶鸫,Rufous-tailed Rock-Thrush
burthr,蓝矶鸫,Blue Rock-Thrush
blurot1,蓝矶鸫 (欧亚西部，蓝腹),Blue Rock-Thrush (solitarius/longirostris)
blurot5,蓝矶鸫 (东亚，蓝腹),Blue Rock-Thrush (pandoo)
blurot2,蓝矶鸫 (红腹),Blue Rock-Thrush (philippensis)
blurot3,蓝矶鸫 (东亚蓝腹x红腹，杂交),Blue Rock-Thrush (pandoo x philippensis)
blurot4,蓝矶鸫 (madoci),Blue Rock-Thrush (madoci)
mirthr1,Miombo Rock Thrush,Miombo Rock-Thrush
carthr1,Cape Rock Thrush,Cape Rock-Thrush
wwccha1,White-winged Cliff Chat,White-winged Cliff-Chat
rockth1,未识别的矶鸫,rock-thrush sp.
whinch1,草原石䳭,Whinchat
x00818,赭红尾鸲x草原石䳭 (杂交),Common Redstart x Whinchat (hybrid)
whbbus4,White-browed Bush Chat,White-browed Bushchat
whtbus1,白喉石䳭,White-throated Bushchat
caisto1,Canary Islands Stonechat,Fuerteventura Stonechat
stonec4,欧黑喉石䳭,European Stonechat
y01190,草原石䳭/欧黑喉石䳭,Whinchat/European Stonechat
sibsto1,黑喉石䳭,Siberian Stonechat
sibsto2,黑喉石䳭 (hemprichii),Siberian Stonechat (Caspian)
stonec2,黑喉石䳭 (欧洲至中亚),Siberian Stonechat (Siberian)
sibsto3,黑喉石䳭 (青藏),Siberian Stonechat (Przevalski's)
x01161,草原石䳭x黑喉石䳭 (杂交),Whinchat x Siberian Stonechat (hybrid)
y01123,White-browed Bushchat/Siberian Stonechat,White-browed Bushchat/Siberian Stonechat
y01191,白喉石䳭/黑喉石䳭,White-throated Bushchat/Siberian Stonechat
stonec1,欧黑喉石䳭/黑喉石䳭,European/Siberian Stonechat
stonec7,东亚石䳭,Amur Stonechat
y00427,黑喉石䳭/东亚石䳭,Siberian/Amur Stonechat
afrsto1,African/Madagascar Stonechat,African Stonechat
stonec3,African Stonechat (African),African Stonechat (African)
stonec5,African Stonechat (Ethiopian),African Stonechat (Ethiopian)
stonec6,Madagascar Stonechat,African Stonechat (Madagascar)
reusto1,Reunion Stonechat,Reunion Stonechat
whtsto2,White-tailed Stonechat,White-tailed Stonechat
y00914,Siberian/Amur/White-tailed Stonechat,Siberian/White-tailed Stonechat
piebus1,白斑黑石䳭,Pied Bushchat
jerbus1,黑白林䳭,Jerdon's Bushchat
grybus1,灰林䳭,Gray Bushchat
timbus1,White-bellied Bush Chat,Timor Bushchat
saxico1,未识别的Saxicola属石䳭和林䳭,Saxicola sp.
busbus1,Buff-streaked Chat,Buff-streaked Chat
siccha1,Sickle-winged Chat,Sickle-winged Chat
karcha1,Karoo Chat,Karoo Chat
tracha1,Tractrac Chat,Tractrac Chat
moocha1,Moorland Chat,Moorland Chat
moocha2,Moorland Chat (Abyssinian),Moorland Chat (Abyssinian)
moocha4,Moorland Chat (Mt. Kenya),Moorland Chat (Mt. Kenya)
moocha5,Moorland Chat (Ngorongoro),Moorland Chat (Ngorongoro)
moocha6,Moorland Chat (Mt. Kilimanjaro),Moorland Chat (Mt. Kilimanjaro)
moccha1,Mocking/White-crowned Cliff Chat,Mocking Cliff-Chat
soocha1,Sooty Chat,Sooty Chat
noacha1,Anteater Chat,Northern Anteater-Chat
soacha1,Ant-eating Chat,Southern Anteater-Chat
conmoo1,Congo Moor Chat,Congo Moor Chat
mouwhe1,Mountain Chat,Mountain Chat
ruecha1,Rüppell's Black Chat,Rüppell's Chat
whbcha2,Arnot's/Ruaha Chat,Arnot's Chat
arncha1,Arnot's Chat (Angola),Arnot's Chat (Angola)
arncha2,Arnot's Chat (Arnot's),Arnot's Chat (Arnot's)
ruacha1,Ruaha Chat,Arnot's Chat (Ruaha)
norwhe,穗䳭,Northern Wheatear
norwhe2,穗䳭 (leucorhoa),Northern Wheatear (Greenland)
norwhe1,穗䳭 (欧亚),Northern Wheatear (Eurasian)
norwhe3,Atlas Wheatear,Atlas Wheatear
y01192,Northern/Atlas Wheatear,Northern/Atlas Wheatear
capwhe1,Capped Wheatear,Capped Wheatear
rebwhe2,Buff-breasted Wheatear,Buff-breasted Wheatear
rebwhe3,Rusty-breasted Wheatear,Rusty-breasted Wheatear
isawhe1,沙䳭,Isabelline Wheatear
heuwhe1,Heuglin's Wheatear,Heuglin's Wheatear
hoowhe1,Hooded Wheatear,Hooded Wheatear
deswhe1,漠䳭,Desert Wheatear
bkewhe1,Western Black-eared Wheatear,Western Black-eared Wheatear
cypwhe1,Cyprus Wheatear,Cyprus Wheatear
bkewhe2,Eastern Black-eared Wheatear,Eastern Black-eared Wheatear
y00915,Northern/Western Black-eared/Eastern Black-eared Wheatear,Northern/Western Black-eared/Eastern Black-eared Wheatear
blewhe1,Western/Eastern Black-eared Wheatear,Western/Eastern Black-eared Wheatear
piewhe1,白顶䳭,Pied Wheatear
piewhe2,白顶䳭 (vittata form),Pied Wheatear (vittata)
x00771,Eastern Black-eared x Pied Wheatear (hybrid),Eastern Black-eared x Pied Wheatear (hybrid)
y01004,Cyprus/Pied Wheatear,Cyprus/Pied Wheatear
y01162,Eastern Black-eared/Pied Wheatear,Eastern Black-eared/Pied Wheatear
wfbcha1,White-fronted Black Chat,White-fronted Black-Chat
somwhe1,Somali Wheatear,Somali Wheatear
rerwhe1,Red-rumped Wheatear,Red-rumped Wheatear
blacks1,Blackstart,Blackstart
famcha1,Familiar Chat,Familiar Chat
y01399,Sickle-winged/Familiar Chat,Sickle-winged/Familiar Chat
somcha1,Sombre Rock Chat,Sombre Rock Chat
brtcha1,Brown-tailed Rock Chat,Brown-tailed Chat
bntcha1,Brown-tailed Rock Chat (Brown-tailed),Brown-tailed Chat (Brown-tailed)
bntcha2,Brown-tailed Rock Chat (Pale),Brown-tailed Chat (Pale)
indcha1,Brown Rock Chat,Brown Rock Chat
varwhe1,东方斑䳭,Variable Wheatear
varwhe2,东方斑䳭 (黑顶白腹),Variable Wheatear (Blyth's)
varwhe3,东方斑䳭 (白顶白腹),Variable Wheatear (Gould's)
varwhe4,东方斑䳭 (黑顶黑腹),Variable Wheatear (Strickland's)
blawhe1,Black Wheatear,Black Wheatear
humwhe2,Hume's Wheatear,Hume's Wheatear
whtwhe1,White-crowned Wheatear,White-crowned Wheatear
mouwhe5,Arabian Wheatear,Arabian Wheatear
mouwhe4,Abyssinian Wheatear,Abyssinian Wheatear
finwhe1,Finsch's Wheatear,Finsch's Wheatear
mouwhe2,Mourning/Maghreb/Basalt Wheatear,Mourning Wheatear
mouwhe3,Mourning Wheatear,Mourning Wheatear (Mourning)
mouwhe6,Maghreb Wheatear,Mourning Wheatear (Maghreb)
mouwhe7,Basalt Wheatear,Mourning Wheatear (Basalt)
y01287,Arabian/Mourning/Maghreb/Basalt Wheatear,Arabian/Mourning Wheatear
retwhe3,黑脸红尾䳭,Kurdish Wheatear
retwhe2,红尾䳭,Persian Wheatear
retwhe1,黑脸红尾䳭/红尾䳭,Kurdish/Persian Wheatear (Red-tailed Wheatear)
wheate1,未识别的Oenanthe属䳭,wheatear sp.
muscic2,未识别的鹟科鸟类,muscicapid sp.
bohwax,太平鸟,Bohemian Waxwing
cedwax,Cedar Waxwing,Cedar Waxwing
x01246,Bohemian x Cedar Waxwing (hybrid),Bohemian x Cedar Waxwing (hybrid)
waxwin,Bohemian/Cedar Waxwing,Bohemian/Cedar Waxwing
japwax1,小太平鸟,Japanese Waxwing
y00428,太平鸟/小太平鸟,Bohemian/Japanese Waxwing
kauoo,Kauai Oo,Kauai Oo
oahoo,Oahu Oo,Oahu Oo
bisoo,Bishop's Oo,Bishop's Oo
hawoo,Hawaii Oo,Hawaii Oo
kioea,Kioea,Kioea
bayfly1,Black-and-yellow Phainoptila,Black-and-yellow Silky-flycatcher
grsfly1,Grey Silky-flycatcher,Gray Silky-flycatcher
ltsfly1,Long-tailed Silky-flycatcher,Long-tailed Silky-flycatcher
phaino,Phainopepla,Phainopepla
palmch1,Palmchat,Palmchat
olfwhi1,Hylocitrea,Hylocitrea
hyloci1,Hylocitrea (Northern),Hylocitrea (Northern)
hyloci2,Hylocitrea (Southern),Hylocitrea (Southern)
hypoco1,Grey Hypocolius,Hypocolius
gursug1,Gurney's Sugarbird,Gurney's Sugarbird
capsug1,Cape Sugarbird,Cape Sugarbird
spothr1,Spot-throat,Spot-throat
dapthr1,Dapple-throat,Dapple-throat
gycill1,Grey-chested Babbler,Gray-chested Babbler
yebflo2,Yellow-breasted Flowerpecker,Yellow-breasted Flowerpecker
crbflo1,Crimson-breasted Flowerpecker,Crimson-breasted Flowerpecker
palflo1,Palawan Flowerpecker,Palawan Flowerpecker
yerflo1,Yellow-rumped Flowerpecker,Yellow-rumped Flowerpecker
scbflo2,Scarlet-breasted Flowerpecker,Scarlet-breasted Flowerpecker
priono1,Prionochilus sp.,Prionochilus sp.
olbflo1,Olive-backed Flowerpecker,Olive-backed Flowerpecker
olbflo2,Olive-backed Flowerpecker (Luzon),Olive-backed Flowerpecker (Luzon)
olbflo5,Olive-backed Flowerpecker (Mindanao),Olive-backed Flowerpecker (Mindanao)
thbflo1,厚嘴啄花鸟,Thick-billed Flowerpecker
thbflo2,厚嘴啄花鸟 (agile/zeylonicum),Thick-billed Flowerpecker (Indian)
thbflo4,厚嘴啄花鸟 (广布),Thick-billed Flowerpecker (obsoleta Group)
thbflo3,厚嘴啄花鸟 [aeruginosum Group],Thick-billed Flowerpecker (Striped)
brbflo1,Brown-backed Flowerpecker,Brown-backed Flowerpecker
whiflo1,Whiskered Flowerpecker,Whiskered Flowerpecker
yevflo1,黄臀啄花鸟,Yellow-vented Flowerpecker
yebflo1,黄腹啄花鸟,Yellow-bellied Flowerpecker
whtflo1,Legge's Flowerpecker,White-throated Flowerpecker
speflo1,Spectacled Flowerpecker,Spectacled Flowerpecker
gorflo1,Golden-rumped Flowerpecker,Golden-rumped Flowerpecker
yesflo1,Yellow-sided Flowerpecker,Yellow-sided Flowerpecker
olcflo1,Olive-capped Flowerpecker,Olive-capped Flowerpecker
flcflo2,Yellow-crowned Flowerpecker,Yellow-crowned Flowerpecker
flcflo3,Flame-crowned Flowerpecker,Flame-crowned Flowerpecker
bicflo1,Bicolored Flowerpecker,Bicolored Flowerpecker
cebflo1,Cebu Flowerpecker,Cebu Flowerpecker
resflo1,Red-keeled Flowerpecker,Red-keeled Flowerpecker
rekflo1,Black-belted Flowerpecker,Black-belted Flowerpecker
sccflo1,Scarlet-collared Flowerpecker,Scarlet-collared Flowerpecker
orbflo1,Orange-bellied Flowerpecker,Orange-bellied Flowerpecker
orbflo21,Orange-bellied Flowerpecker (Orange-bellied),Orange-bellied Flowerpecker (Orange-bellied)
orbflo22,Orange-bellied Flowerpecker (Orange-breasted),Orange-bellied Flowerpecker (Orange-breasted)
orbflo23,Orange-bellied Flowerpecker (Sibuyan),Orange-bellied Flowerpecker (Sibuyan)
orbflo20,Orange-bellied Flowerpecker (Grey-throated),Orange-bellied Flowerpecker (Gray-throated)
orbflo24,Orange-bellied Flowerpecker (Sulu),Orange-bellied Flowerpecker (Sulu)
whbflo1,Buzzing Flowerpecker,Buzzing Flowerpecker
whbflo7,Buzzing Flowerpecker (obscurum/cagayanense),Buzzing Flowerpecker (obscurum/cagayanense)
whbflo4,Buzzing Flowerpecker (pontifex),Buzzing Flowerpecker (pontifex)
whbflo8,Buzzing Flowerpecker (hypoleucum/mindanense),Buzzing Flowerpecker (hypoleucum/mindanense)
pabflo1,Pale-billed Flowerpecker,Pale-billed Flowerpecker
y00826,Thick-billed/Pale-billed Flowerpecker,Thick-billed/Pale-billed Flowerpecker
plaflo1,Nilgiri Flowerpecker,Nilgiri Flowerpecker
y01106,Pale-billed/Nilgiri Flowerpecker,Pale-billed/Nilgiri Flowerpecker
plaflo2,纯色啄花鸟,Plain Flowerpecker
andflo1,Andaman Flowerpecker,Andaman Flowerpecker
pygflo1,Pygmy Flowerpecker,Pygmy Flowerpecker
pygflo2,Pygmy Flowerpecker (Fuga),Pygmy Flowerpecker (Fuga)
pygflo7,Pygmy Flowerpecker (Luzon),Pygmy Flowerpecker (Luzon)
pygflo6,Pygmy Flowerpecker (Palawan),Pygmy Flowerpecker (Palawan)
pygflo5,Pygmy Flowerpecker (Mindanao),Pygmy Flowerpecker (Mindanao)
crcflo1,Crimson-crowned Flowerpecker,Crimson-crowned Flowerpecker
flbflo3,Halmahera Flowerpecker,Halmahera Flowerpecker
flbflo2,Buru Flowerpecker,Buru Flowerpecker
ashflo1,Ashy Flowerpecker,Ashy Flowerpecker
olcflo2,Olive-crowned Flowerpecker,Olive-crowned Flowerpecker
recflo1,Red-capped Flowerpecker,Red-capped Flowerpecker
louflo1,Louisiade Flowerpecker,Louisiade Flowerpecker
rebflo1,Red-banded Flowerpecker,Red-banded Flowerpecker
rebflo2,Red-banded Flowerpecker (New Britain),Red-banded Flowerpecker (New Britain)
rebflo3,Red-banded Flowerpecker (New Ireland),Red-banded Flowerpecker (New Ireland)
rebflo4,Red-banded Flowerpecker (Dyaul),Red-banded Flowerpecker (Dyaul)
midflo1,Midget Flowerpecker,Midget Flowerpecker
motflo1,Mottled Flowerpecker,Mottled Flowerpecker
blfflo1,Black-fronted Flowerpecker,Black-fronted Flowerpecker
recflo2,Red-chested Flowerpecker,Red-chested Flowerpecker
fibflo1,红胸啄花鸟,Fire-breasted Flowerpecker
fibflo12,红胸啄花鸟 (红胸),Fire-breasted Flowerpecker (Fire-breasted)
fibflo8,红胸啄花鸟 (台湾),Fire-breasted Flowerpecker (Taiwan)
fibflo3,Cambodian Flowerpecker,Cambodian Flowerpecker
fibflo4,Fire-throated Flowerpecker,Fire-throated Flowerpecker
fibflo5,Sumatran Flowerpecker,Sumatran Flowerpecker
blsflo1,Black-sided Flowerpecker,Black-sided Flowerpecker
merflo2,Meratus Flowerpecker (undescribed form),Meratus Flowerpecker (undescribed form)
gysflo1,Grey-sided Flowerpecker,Gray-sided Flowerpecker
gysflo2,Grey-sided Flowerpecker (Grey-sided),Gray-sided Flowerpecker (Gray-sided)
gysflo3,Grey-sided Flowerpecker (Wakatobi),Gray-sided Flowerpecker (Wakatobi)
blbflo5,Javan Flowerpecker,Javan Flowerpecker
blbflo6,Flores Flowerpecker,Flores Flowerpecker
blbflo3,Sumba Flowerpecker,Sumba Flowerpecker
blbflo4,Timor Flowerpecker,Timor Flowerpecker
pibflo1,Pink-breasted Flowerpecker,Pink-breasted Flowerpecker
mistle1,Mistletoebird,Mistletoebird
mistle7,Mistletoebird (Australian),Mistletoebird (Australian)
mistle3,Mistletoebird (Aru),Mistletoebird (Aru)
scbflo1,朱背啄花鸟,Scarlet-backed Flowerpecker
schflo1,Scarlet-headed Flowerpecker,Scarlet-headed Flowerpecker
dicaeu1,未识别的Pachyglossa/Dicaeum属啄花鸟,Pachyglossa/Dicaeum sp.
flower2,未识别的啄花鸟,flowerpecker sp.
rucsun2,紫颊直嘴太阳鸟,Ruby-cheeked Sunbird
sctsun2,Fraser's Sunbird,Fraser's Sunbird
gyhsun1,Grey-headed Sunbird,Gray-headed Sunbird
plbsun1,Plain-backed Sunbird,Plain-backed Sunbird
ancsun1,Anchieta's Sunbird,Anchieta's Sunbird
plasun1,Plain Sunbird,Plain Sunbird
pltsun2,褐喉食蜜鸟,Brown-throated Sunbird
pltsun3,Grey-throated Sunbird,Gray-throated Sunbird
pltsun1,Brown-throated/Grey-throated Sunbird,Brown-throated/Gray-throated Sunbird
retsun3,Red-throated Sunbird,Red-throated Sunbird
y01353,Brown-throated/Red-throated Sunbird,Brown-throated/Red-throated Sunbird
mobsun1,Mangrove Sunbird,Mouse-brown Sunbird
wvbsun1,Western Violet-backed Sunbird,Western Violet-backed Sunbird
wvbsun3,Western Violet-backed Sunbird (Northern),Western Violet-backed Sunbird (Northern)
wvbsun2,Western Violet-backed Sunbird (Southern),Western Violet-backed Sunbird (Southern)
kvbsun1,Eastern Violet-backed Sunbird,Eastern Violet-backed Sunbird
uvbsun1,Uluguru Violet-backed Sunbird,Uluguru Violet-backed Sunbird
vitsun1,Violet-tailed Sunbird,Violet-tailed Sunbird
ligsun2,Little Green Sunbird,Little Green Sunbird
grnsun1,Yellow-chinned Sunbird,Yellow-chinned Sunbird
grnsun2,Grey-chinned Sunbird,Gray-chinned Sunbird
bansun1,Banded Green Sunbird,Banded Sunbird
mafsun1,Mafwemiro Sunbird (undescribed form),Mafwemiro Sunbird (undescribed form)
colsun2,Collared Sunbird,Collared Sunbird
pygsun2,Pygmy Sunbird,Pygmy Sunbird
nivsun2,Nile Valley Sunbird,Nile Valley Sunbird
amasun2,Amani Sunbird,Amani Sunbird
reisun2,Reichenbach's Sunbird,Reichenbach's Sunbird
prisun2,Principe Sunbird,Principe Sunbird
newsun2,Newton's Sunbird,Newton's Sunbird
satsun1,Giant Sunbird,Sao Tome Sunbird
orbsun2,Orange-breasted Sunbird,Orange-breasted Sunbird
gnhsun1,Green-headed Sunbird,Green-headed Sunbird
gnhsun3,Green-headed Sunbird (Green-headed),Green-headed Sunbird (Green-headed)
gnhsun2,Green-headed Sunbird (Blue-headed),Green-headed Sunbird (Blue-headed)
bansun3,Bannerman's Sunbird,Bannerman's Sunbird
btbsun2,Blue-throated Brown Sunbird,Blue-throated Brown Sunbird
camsun2,Cameroon Sunbird,Cameroon Sunbird
camsun4,Cameroon Sunbird (Green-headed),Cameroon Sunbird (Green-headed)
camsun5,Cameroon Sunbird (Bioko),Cameroon Sunbird (Bioko)
camsun3,Cameroon Sunbird (Blue-headed),Cameroon Sunbird (Blue-headed)
buhsun1,Blue-headed Sunbird,Blue-headed Sunbird
eaosun1,Olive Sunbird,Olive Sunbird
mocsun2,Grey Sunbird,Mouse-colored Sunbird
butsun2,Buff-throated Sunbird,Buff-throated Sunbird
carsun2,Carmelite Sunbird,Carmelite Sunbird
gntsun1,Green-throated Sunbird,Green-throated Sunbird
amesun2,Amethyst Sunbird,Amethyst Sunbird
sccsun2,Scarlet-chested Sunbird,Scarlet-chested Sunbird
hunsun2,Hunter's Sunbird,Hunter's Sunbird
socsun2,Socotra Sunbird,Socotra Sunbird
pursun3,Purple-rumped Sunbird,Purple-rumped Sunbird
crbsun2,Crimson-backed Sunbird,Crimson-backed Sunbird
y01333,Purple-rumped Sunbird/Crimson-backed Sunbird,Purple-rumped Sunbird/Crimson-backed Sunbird
vahsun1,蓝肩花蜜鸟,Van Hasselt's Sunbird
putsun3,Purple-throated Sunbird,Purple-throated Sunbird
putsun5,Purple-throated Sunbird (Purple-throated),Purple-throated Sunbird (Purple-throated)
putsun6,Purple-throated Sunbird (Orange-lined),Purple-throated Sunbird (Orange-lined)
blksun1,Black Sunbird,Black Sunbird
blksun29,Black Sunbird (Sangihe),Black Sunbird (Sangihe)
blksun4,Black Sunbird (North Sulawesi),Black Sunbird (North Sulawesi)
blksun5,Black Sunbird (South Sulawesi),Black Sunbird (South Sulawesi)
blksun26,Black Sunbird (Menui),Black Sunbird (Menui)
blksun27,Black Sunbird (Moluccan),Black Sunbird (Moluccan)
blksun10,Black Sunbird (Kai),Black Sunbird (Kai)
blksun28,Black Sunbird (Papuan),Black Sunbird (Papuan)
blksun25,Black Sunbird (Bismarck),Black Sunbird (Bismarck)
cotsun2,Copper-throated Sunbird,Copper-throated Sunbird
bocsun2,Bocage's Sunbird,Bocage's Sunbird
pubsun3,Purple-breasted Sunbird,Purple-breasted Sunbird
tacsun1,Tacazze Sunbird,Tacazze Sunbird
brosun1,Bronze Sunbird,Bronze Sunbird
malsun1,Malachite Sunbird,Malachite Sunbird
retsun2,Scarlet-tufted Sunbird,Red-tufted Sunbird
gowsun2,Golden-winged Sunbird,Golden-winged Sunbird
olbsun3,Olive-bellied Sunbird,Olive-bellied Sunbird
tinsun2,Tiny Sunbird,Tiny Sunbird
miosun2,Western Miombo Sunbird,Western Miombo Sunbird
miosun3,Eastern Miombo Sunbird,Eastern Miombo Sunbird
miosun1,Western/Eastern Miombo Sunbird,Western/Eastern Miombo Sunbird
sdcsun3,Southern Double-collared Sunbird,Southern Double-collared Sunbird
neesun2,Neergaard's Sunbird,Neergaard's Sunbird
stusun1,Rwenzori Double-collared Sunbird,Stuhlmann's Sunbird
prisun3,Prigogine's Double-collared Sunbird,Prigogine's Sunbird
mdcsun3,Ludwig's/Whyte's Double-collared Sunbird,Montane Double-collared Sunbird
mdcsun1,Ludwig's Double-collared Sunbird,Montane Double-collared Sunbird (Western)
mdcsun2,Whyte's Double-collared Sunbird,Montane Double-collared Sunbird (Eastern)
ndcsun2,Northern Double-collared Sunbird,Northern Double-collared Sunbird
ndcsun1,Northern Double-collared Sunbird (Western),Northern Double-collared Sunbird (Western)
ndcsun3,Northern Double-collared Sunbird (Eastern),Northern Double-collared Sunbird (Eastern)
gdcsun2,Greater Double-collared Sunbird,Greater Double-collared Sunbird
regsun2,Regal Sunbird,Regal Sunbird
rocsun2,Rockefeller's Sunbird,Rockefeller's Sunbird
edcsun3,Eastern Double-collared Sunbird,Eastern Double-collared Sunbird
edcsun4,Usambara Double-collared Sunbird,Usambara Double-collared Sunbird
edcsun1,Forest Double-collared Sunbird,Forest Double-collared Sunbird
morsun2,Moreau's Sunbird,Moreau's Sunbird
lovsun3,Loveridge's Sunbird,Loveridge's Sunbird
beasun2,Beautiful Sunbird,Beautiful Sunbird
beasun3,Gorgeous Sunbird,Gorgeous Sunbird
x01200,Beautiful x Gorgeous Sunbird (hybrid),Beautiful x Gorgeous Sunbird (hybrid)
marsun2,Marico Sunbird,Marico Sunbird
shesun2,Shelley's/Hofmann's Sunbird,Shelley's Sunbird
shesun3,Shelley's Sunbird,Shelley's Sunbird (Shelley's)
shesun1,Hofmann's Sunbird,Shelley's Sunbird (Hofmann's)
consun2,Congo Sunbird,Congo Sunbird
recsun2,Red-chested Sunbird,Red-chested Sunbird
bkbsun1,Black-bellied Sunbird,Black-bellied Sunbird
pubsun4,Purple-banded Sunbird,Purple-banded Sunbird
tsasun1,Tsavo Sunbird,Tsavo Sunbird
vibsun2,Violet-breasted Sunbird,Violet-breasted Sunbird
pemsun2,Pemba Sunbird,Pemba Sunbird
ortsun3,Orange-tufted Sunbird,Orange-tufted Sunbird
palsun2,Palestine Sunbird,Palestine Sunbird
palsun1,Palestine Sunbird (Decorse's),Palestine Sunbird (Decorse's)
palsun3,Palestine Sunbird (Palestine),Palestine Sunbird (Palestine)
shisun3,Abyssinian Sunbird,Abyssinian Sunbird
shisun4,Arabian Sunbird,Arabian Sunbird
splsun2,Splendid Sunbird,Splendid Sunbird
johsun2,Johanna's Sunbird,Johanna's Sunbird
supsun2,Superb Sunbird,Superb Sunbird
ruwsun2,Rufous-winged Sunbird,Rufous-winged Sunbird
oussun2,Oustalet's Sunbird,Oustalet's Sunbird
oussun1,Oustalet's Sunbird (Angola),Oustalet's Sunbird (Angola)
oussun3,Oustalet's Sunbird (Eastern),Oustalet's Sunbird (Eastern)
whbsun2,White-bellied Sunbird,White-bellied Sunbird
varsun2,Variable Sunbird,Variable Sunbird
varsun1,Variable Sunbird (Yellow-bellied),Variable Sunbird (Yellow-bellied)
varsun4,Variable Sunbird (Orange-chested),Variable Sunbird (Orange-chested)
varsun3,Variable Sunbird (White-bellied),Variable Sunbird (White-bellied)
dussun2,Dusky Sunbird,Dusky Sunbird
urssun2,Ursula's Sunbird,Ursula's Sunbird
batsun2,Bates's Sunbird,Bates's Sunbird
copsun2,Copper Sunbird,Copper Sunbird
pursun4,紫色花蜜鸟,Purple Sunbird
olbsun4,黄腹花蜜鸟,Ornate Sunbird
olbsun32,黄腹花蜜鸟 (黄腹),Ornate Sunbird (Ornate)
olbsun7,黄腹花蜜鸟 (白腹),Ornate Sunbird (Cream-bellied)
olbsun23,Tukangbesi Sunbird,Tukangbesi Sunbird
olbsun2,Sahul Sunbird,Sahul Sunbird
olbsun31,Garden Sunbird,Garden Sunbird
olbsun6,Palawan Sunbird,Palawan Sunbird
olbsun1,South Moluccan Sunbird,South Moluccan Sunbird
olbsun8,Flores Sea Sunbird,Flores Sea Sunbird
olbsun9,Mamberamo Sunbird,Mamberamo Sunbird
apbsun2,Apricot-breasted Sunbird,Apricot-breasted Sunbird
flbsun2,Flame-breasted Sunbird,Flame-breasted Sunbird
sousun2,Souimanga Sunbird,Souimanga Sunbird
sousun3,Souimanga Sunbird (Sooty-bellied),Souimanga Sunbird (Sooty-bellied)
sousun5,Souimanga Sunbird (Yellow-bellied),Souimanga Sunbird (Yellow-bellied)
sousun4,Souimanga Sunbird (White-bellied),Souimanga Sunbird (White-bellied)
sousun1,Souimanga Sunbird (Abbott's),Souimanga Sunbird (Abbott's)
madsun1,Malagasy Green Sunbird,Malagasy Sunbird
madsun2,Malagasy Green Sunbird (Grand Comoro),Malagasy Sunbird (Grande Comore)
madsun3,Malagasy Green Sunbird (Moheli),Malagasy Sunbird (Moheli)
madsun4,Malagasy Green Sunbird (Long-billed),Malagasy Sunbird (Long-billed)
seysun2,Seychelles Sunbird,Seychelles Sunbird
humsun2,Humblot's Sunbird,Humblot's Sunbird
anjsun2,Anjouan Sunbird,Anjouan Sunbird
maysun2,Mayotte Sunbird,Mayotte Sunbird
lobsun2,Loten's Sunbird,Loten's Sunbird
y01334,Purple/Loten's Sunbird,Purple/Loten's Sunbird
cinnyr1,未识别的Cinnyris属花蜜鸟,Cinnyris sp.
elesun1,Elegant Sunbird,Elegant Sunbird
fitsun1,火尾太阳鸟,Fire-tailed Sunbird
bltsun1,黑胸太阳鸟,Black-throated Sunbird
bktsun11,黑胸太阳鸟 (黑胸),Black-throated Sunbird (Black-throated)
bktsun10,黑胸太阳鸟 (johnsi),Black-throated Sunbird (Dalat)
gousun1,蓝喉太阳鸟,Mrs. Gould's Sunbird
gousun4,蓝喉太阳鸟 (黄胸),Mrs. Gould's Sunbird (Yellow-breasted)
gousun3,蓝喉太阳鸟 (红胸),Mrs. Gould's Sunbird (Scarlet-breasted)
gousun2,蓝喉太阳鸟 (annamensis),Mrs. Gould's Sunbird (Purple-rumped)
grtsun1,绿喉太阳鸟,Green-tailed Sunbird
gntsun3,绿喉太阳鸟 (黄胸),Green-tailed Sunbird (Green-tailed)
gntsun2,绿喉太阳鸟 (angkanensis),Green-tailed Sunbird (Doi Inthanon)
lovsun1,Lovely Sunbird,Lovely Sunbird
temsun1,Temminck's Sunbird,Temminck's Sunbird
scasun1,Javan Sunbird,Javan Sunbird
wecsun1,Vigors's Sunbird,Vigors's Sunbird
eacsun1,黄腰太阳鸟,Crimson Sunbird
crisun1,黄腰太阳鸟 (绿尾),Crimson Sunbird (Goulpourah)
crisun2,黄腰太阳鸟 [siparaja Group],Crimson Sunbird (Crimson)
crisun3,黄腰太阳鸟 (flavostriata/beccarii),Crimson Sunbird (Sulawesi)
y00916,Temminck's/Crimson Sunbird,Temminck's/Crimson Sunbird
magsun1,Magnificent Sunbird,Magnificent Sunbird
fotsun1,叉尾太阳鸟,Fork-tailed Sunbird
fotsun2,叉尾太阳鸟 (红喉褐背),Fork-tailed Sunbird (Fork-tailed)
fotsun3,叉尾太阳鸟 (暗喉黑背),Fork-tailed Sunbird (Hainan)
hansun1,Handsome Sunbird,Handsome Sunbird
whfsun1,White-flanked Sunbird,White-flanked Sunbird
flasun1,Flaming Sunbird,Flaming Sunbird
mansun1,Maroon-naped Sunbird,Maroon-naped Sunbird
mewsun3,Metallic-winged Sunbird,Metallic-winged Sunbird
mousun1,Metallic-winged Sunbird (Luzon),Metallic-winged Sunbird (Luzon)
bohsun1,Metallic-winged Sunbird (Bohol),Metallic-winged Sunbird (Bohol)
mewsun2,Metallic-winged Sunbird (Southern),Metallic-winged Sunbird (Southern)
linsun1,Lina's Sunbird,Lina's Sunbird
gyhsun2,Grey-hooded Sunbird,Gray-hooded Sunbird
moasun1,Apo Sunbird (Apo),Apo Sunbird
tbosun1,Apo Sunbird (Tboli),Tboli Sunbird
aethop1,未识别的Aethopyga属太阳鸟,Aethopyga sp.
sunbir1,未识别的太阳鸟,sunbird sp.
punsun1,蓝枕花蜜鸟,Purple-naped Spiderhunter
thbspi1,Thick-billed Spiderhunter,Thick-billed Spiderhunter
lobspi1,Long-billed Spiderhunter,Long-billed Spiderhunter
ortspi1,Orange-tufted Spiderhunter,Orange-tufted Spiderhunter
palspi2,Pale Spiderhunter,Pale Spiderhunter
litspi1,长嘴捕蛛鸟,Little Spiderhunter
whispi1,Whitehead's Spiderhunter,Whitehead's Spiderhunter
nafspi1,Naked-faced Spiderhunter,Naked-faced Spiderhunter
yeespi1,Yellow-eared Spiderhunter,Yellow-eared Spiderhunter
spespi2,Spectacled Spiderhunter,Spectacled Spiderhunter
strspi1,纹背捕蛛鸟,Streaked Spiderhunter
stbspi2,Streaky-breasted Spiderhunter,Streaky-breasted Spiderhunter
gybspi2,Grey-breasted Spiderhunter,Gray-breasted Spiderhunter
borspi1,Bornean Spiderhunter,Bornean Spiderhunter
spider1,未识别的捕蛛鸟,spiderhunter sp.
asfblu1,和平鸟,Asian Fairy-bluebird
asifab2,Palawan Fairy-bluebird,Palawan Fairy-bluebird
phifab1,Philippine Fairy-bluebird,Philippine Fairy-bluebird
phifab2,Philippine Fairy-bluebird (cyanogastra),Philippine Fairy-bluebird (cyanogastra)
phifab3,Philippine Fairy-bluebird (ellae),Philippine Fairy-bluebird (ellae)
phifab6,Philippine Fairy-bluebird (melanochlamys/hoogstraali),Philippine Fairy-bluebird (melanochlamys/hoogstraali)
philea1,Philippine Leafbird,Philippine Leafbird
yetlea1,Yellow-throated Leafbird,Yellow-throated Leafbird
grglea1,Greater Green Leafbird,Greater Green Leafbird
leglea1,Lesser Green Leafbird,Lesser Green Leafbird
y01054,Greater/Lesser Green Leafbird,Greater/Lesser Green Leafbird
blwlea1,蓝翅叶鹎,Blue-winged Leafbird
buwlea2,Javan Leafbird,Javan Leafbird
borlea1,Bornean Leafbird,Bornean Leafbird
jerlea1,Jerdon's Leafbird,Jerdon's Leafbird
goflea1,金额叶鹎,Golden-fronted Leafbird
y01012,Jerdon's/Golden-fronted Leafbird,Jerdon's/Golden-fronted Leafbird
sumlea1,Sumatran Leafbird,Sumatran Leafbird
orblea1,橙腹叶鹎,Orange-bellied Leafbird
orblea2,橙腹叶鹎 (黄冠黑喉),Orange-bellied Leafbird (Orange-bellied)
orblea3,橙腹叶鹎 (灰冠蓝喉),Orange-bellied Leafbird (Grayish-crowned)
blmlea1,Blue-masked Leafbird,Blue-masked Leafbird
leafbi1,未识别的叶鹎,leafbird sp.
oliwar,Olive Warbler,Olive Warbler
przros1,朱鹀,Przevalski's Pinktail
wbbwea1,White-billed Buffalo Weaver,White-billed Buffalo-Weaver
rbbwea1,Red-billed Buffalo Weaver,Red-billed Buffalo-Weaver
whbwea1,White-headed Buffalo Weaver,White-headed Buffalo-Weaver
spfwea1,Speckle-fronted Weaver,Speckle-fronted Weaver
scawea1,Scaly-feathered Weaver,Scaly Weaver
wbswea1,White-browed Sparrow-Weaver,White-browed Sparrow-Weaver
whbspw1,White-browed Sparrow-Weaver (Black-billed),White-browed Sparrow-Weaver (Black-billed)
whbspw2,White-browed Sparrow-Weaver (White-tailed),White-browed Sparrow-Weaver (White-tailed)
whbspw3,White-browed Sparrow-Weaver (Spot-chested),White-browed Sparrow-Weaver (Spot-chested)
whbspw4,White-browed Sparrow-Weaver (White-breasted),White-browed Sparrow-Weaver (White-breasted)
ccswea1,Chestnut-crowned Sparrow-Weaver,Chestnut-crowned Sparrow-Weaver
cbswea1,Chestnut-backed Sparrow-Weaver,Chestnut-backed Sparrow-Weaver
dsswea1,Donaldson Smith's Sparrow-Weaver,Donaldson Smith's Sparrow-Weaver
rutwea1,Rufous-tailed Weaver,Rufous-tailed Weaver
gyhsow1,Grey-capped Social Weaver,Gray-capped Social-Weaver
bcswea1,Black-capped Social Weaver,Black-capped Social-Weaver
socwea1,Sociable Weaver,Sociable Weaver
recmal2,Red-crowned Malimbe,Red-crowned Malimbe
bltmal1,Cassin's Malimbe,Black-throated Malimbe
balmal2,Gola Malimbe,Gola Malimbe
racmal1,Rachel's Malimbe,Rachel's Malimbe
revmal1,Red-vented Malimbe,Red-vented Malimbe
ibamal1,Ibadan Malimbe,Ibadan Malimbe
rebmal1,Red-bellied Malimbe,Red-bellied Malimbe
gramal1,Blue-billed Malimbe,Blue-billed Malimbe
cremal1,Crested Malimbe,Crested Malimbe
rehmal1,Red-headed Malimbe,Red-headed Malimbe
malimb1,malimbe sp.,malimbe sp.
rehwea1,Red-headed Weaver,Red-headed Weaver
rehwea2,Red-headed Weaver (Northern),Red-headed Weaver (Northern)
rehwea4,Red-headed Weaver (Southern),Red-headed Weaver (Southern)
rehwea3,Red Weaver,Red Weaver
yelwea2,Yellow-legged Weaver,Yellow-legged Weaver
berwea2,Bertram's Weaver,Bertram's Weaver
bagwea1,Baglafecht Weaver,Baglafecht Weaver
bagwea2,Baglafecht Weaver (Baglafecht),Baglafecht Weaver (Baglafecht)
bagwea3,Baglafecht Weaver (Emin's),Baglafecht Weaver (Emin's)
bagwea4,Baglafecht Weaver (Reichenow's),Baglafecht Weaver (Reichenow's)
bagwea5,Baglafecht Weaver (Stuhlmann's),Baglafecht Weaver (Stuhlmann's)
bkcwea1,Black-chinned Weaver,Black-chinned Weaver
banwea1,Bannerman's Weaver,Bannerman's Weaver
y01062,Baglafecht/Bannerman's Weaver,Baglafecht/Bannerman's Weaver
batwea1,Bates's Weaver,Bates's Weaver
litwea1,Little Weaver,Little Weaver
slbwea1,Slender-billed Weaver,Slender-billed Weaver
loawea1,Loango Weaver,Loango Weaver
bknwea1,Olive-naped Weaver,Olive-naped Weaver
bknwea2,Black-necked Weaver,Black-necked Weaver
bknwea3,Olive-naped x Black-necked Weaver (hybrid),Olive-naped x Black-necked Weaver (hybrid)
blnwea1,Olive-naped/Black-necked Weaver,Olive-naped/Black-necked Weaver
spewea1,Spectacled Weaver,Spectacled Weaver
spewea3,Spectacled Weaver (Yellow-throated),Spectacled Weaver (Yellow-throated)
spewea4,Spectacled Weaver (Black-throated),Spectacled Weaver (Black-throated)
y00929,Black-necked/Spectacled Weaver,Black-necked/Spectacled Weaver
blbwea1,Black-billed Weaver,Black-billed Weaver
bkbwea1,Black-billed Weaver (Western),Black-billed Weaver (Western)
bkbwea2,Black-billed Weaver (Eastern),Black-billed Weaver (Eastern)
strwea1,Strange Weaver,Strange Weaver
capwea1,Cape Weaver,Cape Weaver
bocwea1,Bocage's Weaver,Bocage's Weaver
afgwea1,Eastern Golden Weaver,African Golden-Weaver
hogwea1,Holub's Golden Weaver,Holub's Golden-Weaver
orawea1,Orange Weaver,Orange Weaver
gopwea1,Golden Palm Weaver,Golden Palm Weaver
tagwea1,Taveta Weaver,Taveta Golden-Weaver
prgwea1,Principe Weaver,Principe Golden-Weaver
sbtwea1,Southern Brown-throated Weaver,Southern Brown-throated Weaver
nbtwea1,Northern Brown-throated Weaver,Northern Brown-throated Weaver
kilwea1,Kilombero Weaver,Kilombero Weaver
ruvwea1,Ruvu Weaver,Ruvu Weaver
y01194,Eastern Golden/Ruvu Weaver,African Golden-Weaver/Ruvu Weaver
nomwea1,Northern Masked Weaver,Northern Masked-Weaver
lesmaw1,Lesser Masked Weaver,Lesser Masked-Weaver
afmwea,Southern Masked Weaver,Southern Masked-Weaver
vimwea1,Vitelline Masked Weaver,Vitelline Masked-Weaver
tanmaw1,Tanzanian Masked Weaver,Tanganyika Masked-Weaver
kamwea1,Katanga Masked Weaver,Katanga Masked-Weaver
katmaw1,Katanga Masked Weaver (Upemba),Katanga Masked-Weaver (Upemba)
katmaw2,Katanga Masked Weaver (Katanga),Katanga Masked-Weaver (Katanga)
lalmaw1,Lufira Masked Weaver,Lake Lufira Masked-Weaver
hemwea1,Heuglin's Masked Weaver,Heuglin's Masked-Weaver
ruewea1,Rüppell's Weaver,Rüppell's Weaver
spewea2,Speke's Weaver,Speke's Weaver
foxwea1,Fox's Weaver,Fox's Weaver
viewea2,Chestnut-and-black Weaver,Chestnut-and-black Weaver
viewea3,Vieillot's Black Weaver,Vieillot's Black Weaver
viewea1,Chestnut-and-black/Vieillot's Black Weaver,Chestnut-and-black/Vieillot's Black Weaver
vilwea1,黑头织雀,Village Weaver
vilwea2,黑头织雀 (collaris),Village Weaver (Mottled)
vilwea3,黑头织雀 [cucullatus Group],Village Weaver (Black-headed)
vilwea4,黑头织雀 (nigriceps/graueri),Village Weaver (Layard's)
vilwea5,黑头织雀 (spilonotus),Village Weaver (Spot-backed)
giawea1,Giant Weaver,Giant Weaver
weywea1,Weyns's Weaver,Weyns's Weaver
clawea1,Kilifi Weaver,Kilifi Weaver
salwea1,Juba Weaver,Juba Weaver
blhwea1,Black-headed Weaver,Black-headed Weaver
gobwea1,Golden-backed Weaver,Golden-backed Weaver
chewea1,Chestnut Weaver,Chestnut Weaver
chewea2,Chestnut Weaver (Benguela),Chestnut Weaver (Benguela)
chewea3,Chestnut Weaver (Chestnut),Chestnut Weaver (Chestnut)
cinwea1,Cinnamon Weaver,Cinnamon Weaver
gonwea1,Golden-naped Weaver,Golden-naped Weaver
yemwea1,Yellow-mantled Weaver,Yellow-mantled Weaver
mabwea1,Maxwell's Black Weaver,Maxwell's Black Weaver
mabwea2,Maxwell's Black Weaver (White-naped),Maxwell's Black Weaver (White-naped)
mabwea3,Maxwell's Black Weaver (Maxwell's),Maxwell's Black Weaver (Maxwell's)
forwea1,Dark-backed Weaver,Dark-backed Weaver
brcwea1,Brown-capped Weaver,Brown-capped Weaver
yecwea1,Yellow-capped Weaver,Yellow-capped Weaver
prewea1,Preuss's Weaver,Preuss's Weaver
olhwea1,Olive-headed Weaver,Olive-headed Weaver
usawea1,Usambara Weaver,Usambara Weaver
bawwea1,Bar-winged Weaver,Bar-winged Weaver
satwea1,Sao Tome Weaver,Sao Tome Weaver
nelwea1,Nelicourvi Weaver,Nelicourvi Weaver
sakwea1,Sakalava Weaver,Sakalava Weaver
strwea2,纹胸织雀,Streaked Weaver
baywea1,黄胸织雀,Baya Weaver
asgwea2,Asian Golden Weaver,Asian Golden Weaver
yelwea1,Finn's Weaver,Finn's Weaver
y01163,Baya/Finn's Weaver,Baya/Finn's Weaver
benwea1,黑胸织雀,Black-breasted Weaver
y01120,纹胸织雀/黑胸织雀,Streaked/Black-breasted Weaver
ploceu1,未识别的Ploceus属织雀,Ploceus sp.
comwea1,Compact Weaver,Compact Weaver
carque1,Cardinal Quelea,Cardinal Quelea
rehque1,Red-headed Quelea,Red-headed Quelea
rebque1,Red-billed Quelea,Red-billed Quelea
quelea1,quelea sp.,quelea sp.
botwea1,Bob-tailed Weaver,Bob-tailed Weaver
redfod1,Red Fody,Red Fody
rehfod3,Aldabra Fody,Aldabra Fody
rehfod1,Comoro Fody,Red-headed Fody
rehfod4,Comoro Fody (Grand Comore),Red-headed Fody (Grande Comore)
rehfod2,Comoro Fody (Southern Comoros),Red-headed Fody (Southern Comoros)
forfod1,Forest Fody,Forest Fody
y00930,Red/Forest Fody,Red/Forest Fody
reufod1,Reunion Fody,Reunion Fody
maufod1,Mauritius Fody,Mauritius Fody
seyfod1,Seychelles Fody,Seychelles Fody
rodfod1,Rodrigues Fody,Rodrigues Fody
orabis1,Northern Red Bishop,Northern Red Bishop
redbis,Southern Red Bishop,Southern Red Bishop
zanbis1,Zanzibar Red Bishop,Zanzibar Red Bishop
blwbis1,Black-winged Red Bishop,Black-winged Bishop
blabis1,Black Bishop,Black Bishop
yecbis,Yellow-crowned Bishop,Yellow-crowned Bishop
fifbis1,Fire-fronted Bishop,Fire-fronted Bishop
gobbis1,Golden-backed Bishop,Golden-backed Bishop
yelbis1,Yellow Bishop,Yellow Bishop
yelbis2,Yellow Bishop (Montane),Yellow Bishop (Montane)
yelbis3,Yellow Bishop (Ethiopian),Yellow Bishop (Ethiopian)
yelbis4,Yellow Bishop (Yellow),Yellow Bishop (Yellow)
bishop1,bishop sp.,bishop sp.
whwwid1,White-winged Widowbird,White-winged Widowbird
yeswid2,Yellow-mantled Widowbird,Yellow-mantled Widowbird
yemwid1,Yellow-mantled Widowbird (Yellow-shouldered),Yellow-mantled Widowbird (Yellow-shouldered)
yemwid2,Yellow-mantled Widowbird (Yellow-mantled),Yellow-mantled Widowbird (Yellow-mantled)
recwid2,Red-cowled Widowbird,Red-cowled Widowbird
recwid3,Red-collared Widowbird,Red-collared Widowbird
recwid1,Red-cowled/Red-collared Widowbird,Red-cowled/Red-collared Widowbird
fatwid1,Fan-tailed Widowbird,Fan-tailed Widowbird
marwid1,Marsh Widowbird,Marsh Widowbird
buswid1,Montane Widowbird,Buff-shouldered Widowbird
lotwid1,Long-tailed Widowbird,Long-tailed Widowbird
jacwid1,Jackson's Widowbird,Jackson's Widowbird
widowb1,widowbird sp.,widowbird sp.
euplec1,Euplectes sp.,Euplectes sp.
growea1,Thick-billed Weaver,Grosbeak Weaver
picmun1,Pictorella Mannikin,Pictorella Munia
moufir1,Mountain Firetail,Mountain Firetail
diafir1,Diamond Firetail,Diamond Firetail
reefir1,Red-eared Firetail,Red-eared Firetail
beafir1,Beautiful Firetail,Beautiful Firetail
crifin1,Crimson Finch,Crimson Finch
crifin2,Crimson Finch (White-bellied),Crimson Finch (White-bellied)
crifin3,Crimson Finch (Black-bellied),Crimson Finch (Black-bellied)
rebfir1,Red-browed Finch,Red-browed Firetail
rebfir9,Red-browed Finch (Black-vented),Red-browed Firetail (Black-vented)
rebfir10,Red-browed Finch (Grey-vented),Red-browed Firetail (Gray-vented)
paifir1,Painted Finch,Painted Firetail
stafin1,Star Finch,Star Finch
plhfin1,Plum-headed Finch,Plum-headed Finch
dobfin1,Double-barred Finch,Double-barred Finch
dobfin2,Double-barred Finch (Black-rumped),Double-barred Finch (Black-rumped)
dobfin3,Double-barred Finch (White-rumped),Double-barred Finch (White-rumped)
zebfin2,斑胸草雀,Zebra Finch
zebfin1,斑胸草雀 (guttata),Zebra Finch (Lesser Sundas)
chefin1,斑胸草雀 (castanotis),Zebra Finch (Australian)
zebfin3,斑胸草雀 (驯养型),Zebra Finch (Domestic type)
x00906,Australian Zebra x Double-barred Finch (hybrid),Double-barred x Zebra Finch (hybrid)
masfin1,Masked Finch,Masked Finch
masfin2,Masked Finch (Masked),Masked Finch (Masked)
masfin4,Masked Finch (White-eared),Masked Finch (White-eared)
lotfin1,Long-tailed Finch,Long-tailed Finch
lotfin3,Long-tailed Finch (Yellow-billed),Long-tailed Finch (Yellow-billed)
lotfin2,Long-tailed Finch (Red-billed),Long-tailed Finch (Red-billed)
bltfin1,Black-throated Finch,Black-throated Finch
bktfin1,Black-throated Finch (Black-rumped),Black-throated Finch (Black-rumped)
bktfin2,Black-throated Finch (White-rumped),Black-throated Finch (White-rumped)
gyhsil1,Grey-headed Silverbill,Gray-headed Silverbill
broman1,Bronze Mannikin,Bronze Mannikin
magman1,Magpie Mannikin,Magpie Mannikin
bawman1,Black-and-white Mannikin,Black-and-white Mannikin
bawman2,Black-and-white Mannikin (Black-and-white),Black-and-white Mannikin (Black-and-white)
bawman3,Black-and-white Mannikin (Red-backed),Black-and-white Mannikin (Red-backed)
madmun1,Madagascar Mannikin,Madagascar Munia
afrsil1,African Silverbill,African Silverbill
indsil,白喉文鸟,Indian Silverbill
javspa,爪哇禾雀,Java Sparrow
timspa4,Timor Sparrow,Timor Sparrow
sthmun2,Streak-headed Mannikin,Streak-headed Munia
sthmun3,White-spotted Mannikin,White-spotted Munia
x00473,Streak-headed x White-spotted Mannikin (hybrid),Streak-headed x White-spotted Munia (hybrid)
sthmun1,Streak-headed/White-spotted Mannakin,Streak-headed/White-spotted Munia
nutman,斑文鸟,Scaly-breasted Munia
scbmun1,斑文鸟 (格纹),Scaly-breasted Munia (Checkered)
scbmun2,斑文鸟 (鳞斑),Scaly-breasted Munia (Scaled)
bltmun1,Black-throated Munia,Black-throated Munia
blfmun1,Black-faced Munia,Black-faced Munia
whrmun,白腰文鸟,White-rumped Munia
whrmun8,白腰文鸟 (驯养型),White-rumped Munia (Domestic type)
x01069,斑文鸟x白腰文鸟 (杂交),Scaly-breasted x White-rumped Munia (hybrid)
dusmun1,Dusky Munia,Dusky Munia
whbmun1,White-bellied Munia,White-bellied Munia
javmun1,Javan Munia,Javan Munia
trimun,Tricolored Munia,Tricolored Munia
trimun1,Tricolored Munia (Pale-flanked),Tricolored Munia (Pale-flanked)
trimun2,Tricolored Munia (Cinnamon-flanked),Tricolored Munia (Cinnamon-flanked)
chemun,栗腹文鸟,Chestnut Munia
chemun1,栗腹文鸟 (黑头),Chestnut Munia (Chestnut)
chemun2,栗腹文鸟 (台湾),Chestnut Munia (formosana)
x01174,斑文鸟x栗腹文鸟 (杂交),Scaly-breasted x Chestnut Munia (hybrid)
x00932,Tricolored x Chestnut Munia (hybrid),Tricolored x Chestnut Munia (hybrid)
y01164,Tricolored/Chestnut Munia,Tricolored/Chestnut Munia
whcmun1,White-capped Munia,White-capped Munia
whhmun1,白头文鸟,White-headed Munia
pahmun1,Pale-headed Munia,Pale-headed Munia
gramun1,Great-billed Mannikin,Grand Munia
blbmun1,Black-breasted Mannikin,Black-breasted Munia
snmmun1,Western Alpine Mannikin,Snow Mountain Munia
alpmun1,Eastern Alpine Mannikin,Alpine Munia
gybmun1,Grey-banded Mannikin,Gray-banded Munia
gycmun1,Grey-crowned Mannikin,Gray-crowned Munia
gyhmun1,Grey-headed Mannikin,Gray-headed Munia
hoomun1,Hooded Mannikin,Hooded Munia
neimun1,Forbes's Mannikin,New Ireland Munia
motmun1,Mottled Mannikin,Mottled Munia
nehmun1,New Hanover Mannikin,New Hanover Munia
yermun1,Yellow-rumped Mannikin,Yellow-rumped Munia
ficmun1,Five-colored Munia,Five-colored Munia
chbmun1,Chestnut-breasted Mannikin,Chestnut-breasted Munia
x01075,Grey-headed x Chestnut-breasted Mannikin (hybrid),Gray-headed x Chestnut-breasted Munia (hybrid)
x00936,Yellow-rumped x Chestnut-breasted Mannikin (hybrid),Yellow-rumped x Chestnut-breasted Munia (hybrid)
blamun1,Black Mannikin,Black Munia
bismun1,Buff-bellied Mannikin,Bismarck Munia
lonchu1,未识别的文鸟,Lonchura sp.
goufin3,Gouldian Finch,Gouldian Finch
pitpar1,长尾鹦雀,Pin-tailed Parrotfinch
grfpar1,Green-faced Parrotfinch,Green-faced Parrotfinch
tabpar1,Tawny-breasted Parrotfinch,Tawny-breasted Parrotfinch
retpar3,Red-throated Parrotfinch,Red-throated Parrotfinch
fijpar1,Fiji Parrotfinch,Fiji Parrotfinch
roypar1,Royal/Red-headed Parrotfinch,Royal Parrotfinch
roypar5,Royal Parrotfinch,Royal Parrotfinch (Vanuatu)
rehpar1,Red-headed Parrotfinch,Royal Parrotfinch (Samoan)
pibpar1,Pink-billed Parrotfinch,Pink-billed Parrotfinch
tripar1,Tricolored Parrotfinch,Tricolored Parrotfinch
reepar2,Red-eared Parrotfinch,Red-eared Parrotfinch
pappar1,Papuan Parrotfinch,Papuan Parrotfinch
blfpar3,Blue-faced Parrotfinch,Blue-faced Parrotfinch
y01107,Papuan/Blue-faced Parrotfinch,Papuan/Blue-faced Parrotfinch
timpar1,Mount Mutis Parrotfinch (undescribed form),Mount Mutis Parrotfinch (undescribed form)
parrot2,parrotfinch sp.,parrotfinch sp.
fepoli1,Shelley's Oliveback,Shelley's Oliveback
whcoli1,White-collared Oliveback,White-collared Oliveback
yebwax2,Yellow-bellied Waxbill,Yellow-bellied Waxbill
swewax1,Angola Waxbill,Angola Waxbill
swewax3,Swee Waxbill,Swee Waxbill
grbtwi1,Green Twinspot,Green-backed Twinspot
gnbtwi1,Green Twinspot (Orange-breasted),Green-backed Twinspot (Orange-breasted)
gnbtwi2,Green Twinspot (Green-breasted),Green-backed Twinspot (Green-breasted)
shcwin1,Shelley's Crimsonwing,Shelley's Crimsonwing
ducwin1,Dusky Crimsonwing,Dusky Crimsonwing
abcwin1,Abyssinian Crimsonwing,Abyssinian Crimsonwing
rfcwin1,Red-faced Crimsonwing,Red-faced Crimsonwing
refcrw1,Red-faced Crimsonwing (Western),Red-faced Crimsonwing (Western)
refcrw2,Red-faced Crimsonwing (Eastern),Red-faced Crimsonwing (Eastern)
refant1,Red-fronted Antpecker,Red-fronted Antpecker
wooant1,Woodhouse's Antpecker,Woodhouse's Antpecker
jamant1,Jameson's Antpecker,Jameson's Antpecker
whbneg2,White-breasted Nigrita,White-breasted Nigrita
chbneg1,Chestnut-breasted Nigrita,Chestnut-breasted Nigrita
gyhneg1,Grey-headed Nigrita,Gray-headed Nigrita
pafneg1,Pale-fronted Nigrita,Pale-fronted Nigrita
nigrit1,nigrita sp.,nigrita sp.
gyholi1,Grey-headed Oliveback,Gray-headed Oliveback
blcwax1,Black-faced Waxbill,Black-faced Waxbill
rerwax1,Black-cheeked Waxbill,Black-cheeked Waxbill
lavwax,Lavender Waxbill,Lavender Waxbill
bltwax1,Grey Waxbill,Black-tailed Waxbill
cinwax1,Cinderella Waxbill,Cinderella Waxbill
blcwax2,Black-crowned Waxbill,Black-crowned Waxbill
blhwax1,Black-headed Waxbill,Black-headed Waxbill
kanwax1,Kandt's Waxbill,Kandt's Waxbill
orcwax,橙颊梅花雀,Orange-cheeked Waxbill
anawax1,Anambra Waxbill,Anambra Waxbill
fabwax1,Fawn-breasted Waxbill,Fawn-breasted Waxbill
fabwax3,Fawn-breasted Waxbill (Abyssinian),Fawn-breasted Waxbill (Abyssinian)
fabwax2,Fawn-breasted Waxbill (Fawn-breasted),Fawn-breasted Waxbill (Fawn-breasted)
fabwax8,Fawn-breasted Waxbill (benguellensis),Fawn-breasted Waxbill (benguellensis)
comwax,梅花雀,Common Waxbill
blfwax1,Black-lored Waxbill,Black-lored Waxbill
bkrwax,Black-rumped Waxbill,Black-rumped Waxbill
crrwax1,Crimson-rumped Waxbill,Crimson-rumped Waxbill
arawax1,Arabian Waxbill,Arabian Waxbill
waxbil1,waxbill sp.,waxbill sp.
quailf1,Quailfinch,Quailfinch
bkfqua1,Quailfinch (Black-faced),Quailfinch (Black-faced)
afrqua2,Quailfinch (Spectacled),Quailfinch (Spectacled)
rebqua1,Quailfinch (Black-chinned),Quailfinch (Black-chinned)
locust3,Locust Finch,Locustfinch
cutthr1,Cut-throat Finch,Cut-throat
rehfin1,Red-headed Finch,Red-headed Finch
x01247,Cut-throat x Red-headed Finch (hybrid),Cut-throat x Red-headed Finch (hybrid)
grnava1,Green Avadavat,Green Avadavat
zebwax2,Orange-breasted Waxbill,Zebra Waxbill
redava,红梅花雀,Red Avadavat
redava1,红梅花雀 (黑腹),Red Avadavat (Red-bellied)
redava2,红梅花雀 (黄腹),Red Avadavat (Yellow-bellied)
purgre2,Purple Grenadier,Purple Grenadier
viewax1,Violet-eared Waxbill,Violet-eared Waxbill
bubcor1,Blue Waxbill,Southern Cordonbleu
reccor,Red-cheeked Cordon-bleu,Red-cheeked Cordonbleu
blccor1,Blue-capped Cordon-bleu,Blue-capped Cordonbleu
cordon1,cordon-bleu sp.,cordonbleu sp.
grablu1,Grant's Bluebill,Grant's Bluebill
wesblu1,Western Bluebill,Western Bluebill
wesblu2,Western Bluebill (Western),Western Bluebill (Western)
wesblu3,Western Bluebill (Red-rumped),Western Bluebill (Red-rumped)
rehblu1,Red-headed Bluebill,Red-headed Bluebill
y01400,Grant's/Red-headed Bluebill,Grant's/Red-headed Bluebill
lessee1,Lesser Seedcracker,Lesser Seedcracker
crisee1,Crimson Seedcracker,Crimson Seedcracker
blbsee1,Black-bellied Seedcracker,Black-bellied Seedcracker
y01180,Crimson/Black-bellied Seedcracker,Crimson/Black-bellied Seedcracker
grwpyt1,Green-winged Pytilia,Green-winged Pytilia
orwpyt1,Orange-winged Pytilia,Orange-winged Pytilia
rewpyt1,Red-winged Pytilia,Red-winged Pytilia
rebpyt1,Red-billed Pytilia,Red-billed Pytilia
refpyt1,Yellow-winged Pytilia,Red-faced Pytilia
pytili1,pytilia sp.,pytilia sp.
dybtwi1,Dybowski's Twinspot,Dybowski's Twinspot
dustwi1,Dusky Twinspot,Dusky Twinspot
dustwi2,Dusky Twinspot (Angola),Dusky Twinspot (Angola)
dustwi3,Dusky Twinspot (Grauer's),Dusky Twinspot (Grauer's)
pettwi1,Red-throated Twinspot,Red-throated Twinspot
pittwi1,Pink-throated Twinspot,Pink-throated Twinspot
brotwi1,Brown Twinspot,Brown Twinspot
rebfir2,Red-billed Firefinch,Red-billed Firefinch
afffin,African Firefinch,African Firefinch
jamfir1,Jameson's Firefinch,Jameson's Firefinch
malfir1,Mali Firefinch,Mali Firefinch
rocfir1,Rock Firefinch,Rock Firefinch
reifir1,Chad Firefinch,Chad Firefinch
blbfir1,Black-bellied Firefinch,Black-bellied Firefinch
babfir1,Bar-breasted Firefinch,Bar-breasted Firefinch
brnfir1,Brown Firefinch,Brown Firefinch
bkffir1,Black-faced Firefinch,Black-faced Firefinch
bkffir2,Black-faced Firefinch (Vinaceous),Black-faced Firefinch (Vinaceous)
bkffir3,Black-faced Firefinch (Grey),Black-faced Firefinch (Gray)
bkffir4,Black-faced Firefinch (Reddish),Black-faced Firefinch (Reddish)
firefi1,firefinch sp.,firefinch sp.
estfin1,estrildid finch sp.,estrildid finch sp.
pitwhy,Pin-tailed Whydah,Pin-tailed Whydah
nopwhy1,Sahel Paradise Whydah,Sahel Paradise-Whydah
ltpwhy1,Exclamatory Paradise Whydah,Exclamatory Paradise-Whydah
topwhy1,Togo Paradise Whydah,Togo Paradise-Whydah
btpwhy1,Broad-tailed Paradise Whydah,Broad-tailed Paradise-Whydah
eapwhy1,乐园维达雀,Eastern Paradise-Whydah
stbwhy1,Steel-blue Whydah,Steel-blue Whydah
sttwhy1,Straw-tailed Whydah,Straw-tailed Whydah
shtwhy1,Shaft-tailed Whydah,Shaft-tailed Whydah
vilind,Village Indigobird,Village Indigobird
pawind1,Wilson's Indigobird,Wilson's Indigobird
quaind1,Quailfinch Indigobird,Quailfinch Indigobird
jopind1,Jos Plateau Indigobird,Jos Plateau Indigobird
jamind1,Jambandu Indigobird,Jambandu Indigobird
bakind1,Barka Indigobird,Barka Indigobird
camind1,Cameroon Indigobird,Cameroon Indigobird
varind1,Dusky Indigobird,Dusky Indigobird
purind1,Purple Indigobird,Purple Indigobird
greind1,Zambezi Indigobird,Green Indigobird
paradi4,paradise whydah sp.,paradise-whydah sp.
whydah1,whydah sp.,whydah sp.
indigo1,indigobird sp.,indigobird sp.
vidua1,Vidua sp.,Vidua sp.
parwea1,Cuckoo-finch,Parasitic Weaver
alpacc1,领岩鹨,Alpine Accentor
himacc1,高原岩鹨,Altai Accentor
robacc1,鸲岩鹨,Robin Accentor
rubacc1,棕胸岩鹨,Rufous-breasted Accentor
sibacc,棕眉山岩鹨,Siberian Accentor
radacc2,Radde's Accentor,Radde's Accentor
radacc1,Radde's Accentor (Radde's),Radde's Accentor (Radde's)
yemacc1,Radde's Accentor (Yemen),Radde's Accentor (Yemen)
broacc1,褐岩鹨,Brown Accentor
bltacc1,黑喉岩鹨,Black-throated Accentor
monacc1,贺兰山岩鹨,Mongolian Accentor
dunnoc1,Dunnock,Dunnock
japacc1,Japanese Accentor,Japanese Accentor
mabacc1,栗背岩鹨,Maroon-backed Accentor
accent1,未识别的岩鹨,accentor sp.
cinwhe1,Cinnamon Ibon,Cinnamon Ibon
saxspa1,黑顶麻雀,Saxaul Sparrow
houspa,家麻雀,House Sparrow
houspa13,家麻雀 (灰脸),House Sparrow (Gray-cheeked)
houspa14,家麻雀 (白脸),House Sparrow (Indian)
itaspa1,意大利麻雀,Italian Sparrow
x00873,家麻雀x意大利麻雀 (杂交),House x Italian Sparrow (hybrid)
y00692,家麻雀/意大利麻雀,House/Italian Sparrow
spaspa1,黑胸麻雀,Spanish Sparrow
x00645,家麻雀x黑胸麻雀 (杂交),House x Spanish Sparrow (hybrid)
x00974,意大利麻雀x黑胸麻雀 (杂交),Italian x Spanish Sparrow (hybrid)
y00829,家麻雀/黑胸麻雀,House/Spanish Sparrow
y01017,意大利麻雀/黑胸麻雀,Italian/Spanish Sparrow
sinspa1,Sind Sparrow,Sind Sparrow
somspa1,Somali Sparrow,Somali Sparrow
x00917,House x Somali Sparrow (hybrid),House x Somali Sparrow (hybrid)
russpa2,山麻雀,Russet Sparrow
plbspa1,黄腹麻雀,Plain-backed Sparrow
desspa1,Dead Sea Sparrow,Dead Sea Sparrow
desspa5,Dead Sea Sparrow (Dead Sea),Dead Sea Sparrow (Dead Sea)
desspa6,Dead Sea Sparrow (Sistan Scrub),Dead Sea Sparrow (Sistan Scrub)
cavspa1,Iago Sparrow,Cape Verde Sparrow
aakspa1,Abd al-Kuri Sparrow,Abd al Kuri Sparrow
socspa1,Socotra Sparrow,Socotra Sparrow
grrspa1,Great Sparrow,Great Rufous Sparrow
kerspa2,Kenya Sparrow,Kenya Rufous Sparrow
shrspa1,Shelley's Sparrow,Shelley's Rufous Sparrow
korspa1,Kordofan Sparrow,Kordofan Rufous Sparrow
capspa1,Cape Sparrow,Cape Sparrow
gyhspa1,Northern Grey-headed Sparrow,Northern Gray-headed Sparrow
swaspa2,Swainson's Sparrow,Swainson's Sparrow
pabspa1,Parrot-billed Sparrow,Parrot-billed Sparrow
swaspa1,Swahili Sparrow,Swahili Sparrow
sghspa2,Southern Grey-headed Sparrow,Southern Gray-headed Sparrow
y01401,Northern/Southern Grey-headed Sparrow,Northern/Southern Gray-headed Sparrow
desspa3,Desert Sparrow,Desert Sparrow
desspa4,Zarudny's Sparrow,Zarudny's Sparrow
eutspa,麻雀 (树麻雀),Eurasian Tree Sparrow
x00754,家麻雀x麻雀 (杂交),House x Eurasian Tree Sparrow (hybrid)
x00874,黑胸麻雀x麻雀 (杂交),Spanish x Eurasian Tree Sparrow (hybrid)
y00764,家麻雀/麻雀,House/Eurasian Tree Sparrow
sugspa1,Sudan Golden Sparrow,Sudan Golden Sparrow
argspa2,Arabian Golden Sparrow,Arabian Golden Sparrow
chespa1,Chestnut Sparrow,Chestnut Sparrow
passer2,未识别的麻雀,Passer sp.
yespet1,Yellow-spotted Bush Sparrow,Yellow-spotted Bush Sparrow
chspet1,Yellow-throated Sparrow,Yellow-throated Sparrow
yetpet1,Yellow-throated Bush Sparrow,Yellow-throated Bush Sparrow
buspet1,Sahel Bush Sparrow,Sahel Bush Sparrow
rocpet1,石雀,Rock Sparrow
palroc1,Pale Rockfinch,Pale Rockfinch
whwsno1,白斑翅雪雀,White-winged Snowfinch
tibsno2,藏雪雀,Tibetan Snowfinch
blwsno1,褐翅雪雀,Black-winged Snowfinch
whrsno1,白腰雪雀,White-rumped Snowfinch
pedsno1,黑喉雪雀,Pere David's Snowfinch
runsno1,棕颈雪雀,Rufous-necked Snowfinch
blasno1,棕背雪雀,Blanford's Snowfinch
afgsno1,Afghan Snowfinch,Afghan Snowfinch
snowfi1,未识别的雪雀,snowfinch sp.
forwag1,山鹡鸰,Forest Wagtail
capwag1,Cape Wagtail,Cape Wagtail
mouwag1,Mountain Wagtail,Mountain Wagtail
boclon2,Sao Tome Shorttail,Sao Tome Short-tail
madwag1,Madagascar Wagtail,Madagascar Wagtail
grywag,灰鹡鸰,Gray Wagtail
eaywag1,西黄鹡鸰,Western Yellow Wagtail
weywag14,西黄鹡鸰 (flavissima),Western Yellow Wagtail (flavissima)
weywag15,西黄鹡鸰 (lutea),Western Yellow Wagtail (lutea)
weywag13,西黄鹡鸰 (flavissima/lutea),Western Yellow Wagtail (flavissima/lutea)
weywag2,西黄鹡鸰 (thunbergi),Western Yellow Wagtail (thunbergi)
weywag16,西黄鹡鸰 (flava),Western Yellow Wagtail (flava)
weywag21,西黄鹡鸰 (flavissima x flava),Western Yellow Wagtail (Channel Wagtail intergrade)
weywag17,西黄鹡鸰 (白眉白喉),Western Yellow Wagtail (beema)
weywag3,西黄鹡鸰 (flava/beema),Western Yellow Wagtail (flava/beema)
weywag18,西黄鹡鸰 (iberiae),Western Yellow Wagtail (iberiae)
weywag19,西黄鹡鸰 (cinereocapilla),Western Yellow Wagtail (cinereocapilla)
weywag4,西黄鹡鸰 [cinereocapilla Group],Western Yellow Wagtail (iberiae/cinereocapilla/pygmaea)
weywag20,西黄鹡鸰 (pygmaea),Western Yellow Wagtail (pygmaea)
weywag6,西黄鹡鸰 (黑头),Western Yellow Wagtail (feldegg)
weywag7,西黄鹡鸰 (白头),Western Yellow Wagtail (leucocephala)
weywag11,西黄鹡鸰 (superciliaris intergrade),Western Yellow Wagtail (superciliaris-type intergrade)
weywag10,西黄鹡鸰 (dombrowski intergrade),Western Yellow Wagtail (dombrowskii-type intergrade)
weywag12,西黄鹡鸰 (xanthophrys intergrade),Western Yellow Wagtail (xanthophrys-type intergrade)
eaywag,黄鹡鸰,Eastern Yellow Wagtail
eaywag2,黄鹡鸰 (白眉),Eastern Yellow Wagtail (Eastern)
weywag8,黄鹡鸰 (黄眉),Eastern Yellow Wagtail (Green-headed)
weywag9,黄鹡鸰 (蓝头),Eastern Yellow Wagtail (Manchurian)
y00597,西黄鹡鸰/黄鹡鸰,Western/Eastern Yellow Wagtail
citwag,黄头鹡鸰,Citrine Wagtail
citwag1,黄头鹡鸰 (灰背),Citrine Wagtail (Gray-backed)
citwag2,黄头鹡鸰 (黑背),Citrine Wagtail (Black-backed)
x00934,西黄鹡鸰x黄头鹡鸰 (杂交),Western Yellow x Citrine Wagtail (hybrid)
y00429,黄鹡鸰/黄头鹡鸰,Eastern Yellow/Citrine Wagtail
whbwag1,大斑鹡鸰,White-browed Wagtail
mekwag1,Mekong Wagtail,Mekong Wagtail
japwag1,日本鹡鸰,Japanese Wagtail
afpwag1,African Pied Wagtail,African Pied Wagtail
whiwag,白鹡鸰,White Wagtail
whiwag1,白鹡鸰 (欧洲，白脸灰背),White Wagtail (White-faced)
whiwag3,白鹡鸰 (yarrellii),White Wagtail (British)
whiwag2,白鹡鸰 (东北亚，眼纹灰背),White Wagtail (ocularis)
whiwag4,白鹡鸰 (subpersonata),White Wagtail (Moroccan)
whiwag5,白鹡鸰 (中亚，黑脸灰背),White Wagtail (Masked)
whiwag7,白鹡鸰 (东北亚，白脸灰背),White Wagtail (Transbaikalian)
whiwag11,白鹡鸰 (欧洲/东北亚，白脸灰背),White Wagtail (White-faced/Transbaikalian)
bkbwag,白鹡鸰 (东北亚，眼纹黑背),White Wagtail (Black-backed)
whiwag13,白鹡鸰 (东北亚，眼纹灰背/黑背),White Wagtail (ocularis/Black-backed)
whiwag8,白鹡鸰 (东亚，白脸),White Wagtail (Chinese)
whiwag14,白鹡鸰 (眼纹黑背x白脸，杂交),White Wagtail (Black-backed x Chinese)
whiwag6,白鹡鸰 (西南，黑脸黑背),White Wagtail (Hodgson's)
whiwag12,白鹡鸰 (白脸x黑脸黑背，杂交),White Wagtail (Chinese x Hodgson's)
y00917,大斑鹡鸰/白鹡鸰,White-browed/White Wagtail
wagtai1,未识别的Motacilla属鹡鸰,wagtail sp.
auspip2,Australian Pipit,Australian Pipit
auspip13,Australian Pipit (Papuan),Australian Pipit (Papuan)
auspip14,Australian Pipit (Australian),Australian Pipit (Australian)
auspip3,New Zealand Pipit,New Zealand Pipit
nezpip1,New Zealand Pipit (New Zealand),New Zealand Pipit (New Zealand)
auspip12,New Zealand Pipit (Antipodes),New Zealand Pipit (Antipodes)
ricpip1,理氏鹨,Richard's Pipit
oripip1,田鹨,Paddyfield Pipit
y00918,理氏鹨/田鹨,Richard's/Paddyfield Pipit
afrpip1,African Pipit,African Pipit
afrpip2,African Pipit (Cameroon),African Pipit (Cameroon)
afrpip3,African Pipit (Yemen),African Pipit (Yemen)
afrpip4,African Pipit (African),African Pipit (African)
jacpip1,African Pipit (Jackson's),African Pipit (Jackson's)
afrpip5,African Pipit (Etosha),African Pipit (Etosha)
moupip1,Mountain Pipit,Mountain Pipit
woopip1,Wood Pipit,Woodland Pipit
lobpip1,Long-billed Pipit,Long-billed Pipit
lobpip3,Long-billed Pipit (West African),Long-billed Pipit (West African)
lobpip4,Long-billed Pipit (Middle Eastern),Long-billed Pipit (Middle Eastern)
lobpip5,Long-billed Pipit (Arabian),Long-billed Pipit (Arabian)
lobpip6,Long-billed Pipit (Socotra),Long-billed Pipit (Socotra)
lobpip2,Long-billed Pipit (Nairobi),Long-billed Pipit (Nairobi)
lobpip25,Long-billed Pipit (East African),Long-billed Pipit (East African)
lobpip8,Long-billed Pipit (Persian),Long-billed Pipit (Persian)
lobpip9,Long-billed Pipit (Indian),Long-billed Pipit (Indian)
lobpip10,Long-billed Pipit (Burmese),Long-billed Pipit (Burmese)
lobpip7,Nicholson's Pipit,Nicholson's Pipit
blypip1,布氏鹨,Blyth's Pipit
y01013,理氏鹨/布氏鹨,Richard's/Blyth's Pipit
tawpip1,平原鹨,Tawny Pipit
plbpip1,Plain-backed Pipit,Plain-backed Pipit
bufpip1,Buffy Pipit,Buffy Pipit
lolpip1,Long-legged Pipit,Long-legged Pipit
nilpip1,Nilgiri Pipit,Nilgiri Pipit
uplpip1,山鹨,Upland Pipit
berpip1,Berthelot's Pipit,Berthelot's Pipit
malpip1,Malindi Pipit,Malindi Pipit
strpip1,Striped Pipit,Striped Pipit
yetpip1,African Rock Pipit,Yellow-tufted Pipit
rtweye1,Madanga,Madanga
alppip1,Alpine Pipit,Alpine Pipit
meapip1,草地鹨,Meadow Pipit
rospip1,粉红胸鹨,Rosy Pipit
trepip,林鹨,Tree Pipit
y00672,草地鹨/林鹨,Meadow/Tree Pipit
olbpip,树鹨,Olive-backed Pipit
y00758,林鹨/树鹨,Tree/Olive-backed Pipit
pecpip,北鹨,Pechora Pipit
pecpip1,北鹨 (极北),Pechora Pipit (Pechora)
pecpip2,北鹨 (三江平原),Pechora Pipit (Menzbier's)
retpip,红喉鹨,Red-throated Pipit
watpip1,水鹨,Water Pipit
watpip2,水鹨 (欧洲),Water Pipit (Western)
watpip3,水鹨 (西亚),Water Pipit (Caucasian)
watpip4,水鹨 (东亚),Water Pipit (Blakiston's)
y00671,草地鹨/水鹨,Meadow/Water Pipit
rocpip1,European Rock Pipit,Rock Pipit
rocpip3,European Rock Pipit (Western),Rock Pipit (Western)
rocpip2,European Rock Pipit (Eastern),Rock Pipit (Eastern)
y00759,Water/European Rock Pipit,Water/Rock Pipit
sibpip1,黄腹鹨,Siberian Pipit
amepip,北美黄腹鹨,American Pipit
y01308,黄腹鹨/北美黄腹鹨,Siberian/American Pipit
y00760,水鹨/黄腹鹨/北美黄腹鹨,Water/Siberian/American Pipit
sprpip,Sprague's Pipit,Sprague's Pipit
yelpip2,Yellowish Pipit,Yellowish Pipit
yelpip3,Peruvian Pipit,Peruvian Pipit
shbpip3,Puna Pipit,Puna Pipit
shbpip1,Short-billed Pipit,Short-billed Pipit
y01212,Puna/Short-billed Pipit,Puna/Short-billed Pipit
chapip1,Pampas Pipit,Pampas Pipit
corpip1,Correndera Pipit,Correndera Pipit
corpip2,Correndera Pipit (Correndera),Correndera Pipit (Correndera)
corpip3,Correndera Pipit (Falklands),Correndera Pipit (Falklands)
sogpip1,South Georgia Pipit,South Georgia Pipit
ocbpip1,Ochre-breasted Pipit,Ochre-breasted Pipit
helpip1,Hellmayr's Pipit,Hellmayr's Pipit
parpip1,Paramo Pipit,Paramo Pipit
parpip2,Paramo Pipit (meridae),Paramo Pipit (meridae)
parpip3,Paramo Pipit (bogotensis Group),Paramo Pipit (bogotensis Group)
shtpip1,Short-tailed Pipit,Short-tailed Pipit
buspip1,Bushveld Pipit,Bush Pipit
sokpip1,Sokoke Pipit,Sokoke Pipit
pipit1,未识别的Anthus属鹨,pipit sp.
golpip1,Golden Pipit,Golden Pipit
yebpip2,Yellow-breasted Pipit,Yellow-breasted Pipit
shalon1,Sharpe's Longclaw,Sharpe's Longclaw
ortlon1,Cape Longclaw,Orange-throated Longclaw
yetlon1,Yellow-throated Longclaw,Yellow-throated Longclaw
fuelon2,Fülleborn's Longclaw,Fülleborn's Longclaw
abylon1,Abyssinian Longclaw,Abyssinian Longclaw
panlon1,Pangani Longclaw,Pangani Longclaw
rotlon1,Rosy-throated Longclaw,Rosy-throated Longclaw
grilon1,Grimwood's Longclaw,Grimwood's Longclaw
longcl1,longclaw sp.,longclaw sp.
comcha,苍头燕雀,Common Chaffinch
comcha16,Azores Chaffinch,Azores Chaffinch
comcha17,Madeira Chaffinch,Madeira Chaffinch
caicha1,Canary Islands Chaffinch,Canary Islands Chaffinch
comcha4,Canary Islands Chaffinch (Canary Is.),Canary Islands Chaffinch (Canary Is.)
comcha6,Canary Islands Chaffinch (La Palma),Canary Islands Chaffinch (La Palma)
afrcha1,African Chaffinch,African Chaffinch
comcha1,African Chaffinch (African),African Chaffinch (African)
comcha2,African Chaffinch (Tunisian),African Chaffinch (Tunisian)
x01070,Eurasian x African Chaffinch (hybrid),Common x African Chaffinch (hybrid)
y01252,Eurasian/African Chaffinch,Common/African Chaffinch
blucha2,Tenerife Blue Chaffinch,Tenerife Blue Chaffinch
blucha3,Gran Canaria Blue Chaffinch,Gran Canaria Blue Chaffinch
brambl,燕雀,Brambling
x01071,苍头燕雀x燕雀 (杂交),Common Chaffinch x Brambling (hybrid)
y01056,苍头燕雀/燕雀,Common Chaffinch/Brambling
eleeup1,Elegant Euphonia,Elegant Euphonia
anteup2,Hispaniolan Euphonia,Hispaniolan Euphonia
anteup3,Puerto Rican Euphonia,Puerto Rican Euphonia
anteup4,Lesser Antillean Euphonia,Lesser Antillean Euphonia
goreup1,Golden-rumped Euphonia,Golden-rumped Euphonia
blnchl1,Blue-naped Chlorophonia,Blue-naped Chlorophonia
chbchl1,Chestnut-breasted Chlorophonia,Chestnut-breasted Chlorophonia
yecchl1,Yellow-collared Chlorophonia,Yellow-collared Chlorophonia
blcchl1,Blue-crowned Chlorophonia,Blue-crowned Chlorophonia
gobchl1,Golden-browed Chlorophonia,Golden-browed Chlorophonia
jameup1,Jamaican Euphonia,Jamaican Euphonia
orceup1,Orange-crowned Euphonia,Orange-crowned Euphonia
plueup1,Plumbeous Euphonia,Plumbeous Euphonia
puteup1,Purple-throated Euphonia,Purple-throated Euphonia
fineup1,Finsch's Euphonia,Finsch's Euphonia
vefeup1,Velvet-fronted Euphonia,Velvet-fronted Euphonia
trieup1,Trinidad Euphonia,Trinidad Euphonia
y01213,Velvet-fronted/Trinidad Euphonia,Velvet-fronted/Trinidad Euphonia
screup3,West Mexican Euphonia,West Mexican Euphonia
screup1,Scrub Euphonia,Scrub Euphonia
y01402,West Mexican/Scrub Euphonia,West Mexican/Scrub Euphonia
yeceup1,Yellow-crowned Euphonia,Yellow-crowned Euphonia
gobeup1,White-lored Euphonia,Golden-bellied Euphonia
whveup1,White-vented Euphonia,White-vented Euphonia
gnteup1,Green-chinned Euphonia,Green-throated Euphonia
vioeup1,Violaceous Euphonia,Violaceous Euphonia
yeteup1,Yellow-throated Euphonia,Yellow-throated Euphonia
thbeup1,Thick-billed Euphonia,Thick-billed Euphonia
thbeup2,Thick-billed Euphonia (Black-tailed),Thick-billed Euphonia (Black-tailed)
thbeup3,Thick-billed Euphonia (Thick-billed),Thick-billed Euphonia (Thick-billed)
spceup1,Spot-crowned Euphonia,Spot-crowned Euphonia
olbeup1,Olive-backed Euphonia,Olive-backed Euphonia
fuveup1,Fulvous-vented Euphonia,Fulvous-vented Euphonia
taceup1,Tawny-capped Euphonia,Tawny-capped Euphonia
orbeup1,Orange-bellied Euphonia,Orange-bellied Euphonia
brgeup1,Bronze-green Euphonia,Bronze-green Euphonia
goseup1,Golden-sided Euphonia,Golden-sided Euphonia
rubeup1,Rufous-bellied Euphonia,Rufous-bellied Euphonia
chbeup1,Chestnut-bellied Euphonia,Chestnut-bellied Euphonia
euphon1,euphonia sp.,euphonia sp.
baygro1,Black-and-yellow Grosbeak,Black-and-yellow Grosbeak
colgro1,黄颈拟蜡嘴雀,Collared Grosbeak
y01064,Black-and-yellow/Collared Grosbeak,Black-and-yellow/Collared Grosbeak
spwgro1,白点翅拟蜡嘴雀,Spot-winged Grosbeak
whwgro1,白斑翅拟蜡嘴雀,White-winged Grosbeak
mycero1,未识别的拟蜡嘴雀,Mycerobas sp.
hoogro1,Hooded Grosbeak,Hooded Grosbeak
evegro,Evening Grosbeak,Evening Grosbeak
evegro1,Evening Grosbeak (Northwestern or type 1),Evening Grosbeak (Northwestern or type 1)
evegro2,Evening Grosbeak (Sierra Nevada or type 2),Evening Grosbeak (Sierra Nevada or type 2)
evegro4,Evening Grosbeak (Rocky Mountains or type 4),Evening Grosbeak (Rocky Mountains or type 4)
evegro3,Evening Grosbeak (Eastern or type 3),Evening Grosbeak (Eastern or type 3)
evegro5,Evening Grosbeak (Mexican or type 5),Evening Grosbeak (Mexican or type 5)
hawfin,锡嘴雀,Hawfinch
yebgro1,黑尾蜡嘴雀,Yellow-billed Grosbeak
japgro1,黑头蜡嘴雀,Japanese Grosbeak
poouli,Poo-uli,Poo-uli
akikik,Akikiki,Akikiki
oahala,Oahu Alauahio,Oahu Alauahio
kakawa,Kakawahie,Kakawahie
mauala,Maui Alauahio,Maui Alauahio
palila,Palila,Palila
layfin,Laysan Finch,Laysan Finch
nihfin,Nihoa Finch,Nihoa Finch
kongro,Kona Grosbeak,Kona Grosbeak
lekfin,Lesser Koa Finch,Lesser Koa-Finch
grkfin,Greater Koa Finch,Greater Koa-Finch
ulahaw,Ula-ai-hawane,Ula-ai-hawane
crehon,Akohekohe,Akohekohe
apapan2,Laysan Honeycreeper,Laysan Honeycreeper
apapan,Apapane,Apapane
iiwi,Iiwi,Iiwi
x00828,Apapane x Iiwi (hybrid),Apapane x Iiwi (hybrid)
y01321,Apapane/Iiwi,Apapane/Iiwi
hawmam1,Hawaii Mamo,Hawaii Mamo
blkmam,Black Mamo,Black Mamo
ou,Ou,Ou
lanhoo,Lanai Hookbill,Lanai Hookbill
maupar,Maui Parrotbill,Maui Parrotbill
nukupu2,Kauai Nukupuu,Kauai Nukupuu
nukupu3,Oahu Nukupuu,Oahu Nukupuu
nukupu1,Maui Nukupuu,Maui Nukupuu
akiapo,Akiapolaau,Akiapolaau
lesaki,Lesser Akialoa,Lesser Akialoa
greaki2,Oahu Akialoa,Oahu Akialoa
greaki4,Kauai Akialoa,Kauai Akialoa
greaki3,Maui-nui Akialoa,Maui-nui Akialoa
aniani,Anianiau,Anianiau
hawama,Hawaii Amakihi,Hawaii Amakihi
hawama1,Hawaii Amakihi (Maui),Hawaii Amakihi (Maui)
hawama2,Hawaii Amakihi (Hawaii),Hawaii Amakihi (Hawaii)
oahama,Oahu Amakihi,Oahu Amakihi
kauama,Kauai Amakihi,Kauai Amakihi
greama,Greater Amakihi,Greater Amakihi
hawcre,Hawaii Creeper,Hawaii Creeper
akekee,Akekee,Akekee
akepa1,Hawaii Akepa,Hawaii Akepa
akepa2,Oahu Akepa,Oahu Akepa
akepa3,Maui Akepa,Maui Akepa
hawhon1,hawaiian honeycreeper sp.,hawaiian honeycreeper sp.
comros,普通朱雀,Common Rosefinch
scafin1,血雀,Scarlet Finch
bongro1,Bonin Grosbeak,Bonin Grosbeak
remros1,红腰朱雀,Red-mantled Rosefinch
blyros1,喜山红腰朱雀,Blyth's Rosefinch
y01181,红腰朱雀/喜山红腰朱雀,Red-mantled/Blyth's Rosefinch
bearos1,红眉朱雀 (喜山红眉朱雀),Himalayan Beautiful Rosefinch
chbros1,中华朱雀 (红眉朱雀),Chinese Beautiful Rosefinch
pirros1,曙红朱雀,Pink-rumped Rosefinch
darros1,棕朱雀,Dark-rumped Rosefinch
pibros2,玫红眉朱雀,Pink-browed Rosefinch
spwros2,喜山点翅朱雀,Spot-winged Rosefinch
y01075,棕朱雀/喜山点翅朱雀,Dark-rumped/Spot-winged Rosefinch
spwros3,点翅朱雀,Sharpe's Rosefinch
vinros2,酒红朱雀,Vinaceous Rosefinch
vinros3,台湾酒红朱雀,Taiwan Rosefinch
sinros1,Sinai Rosefinch,Sinai Rosefinch
palros3,沙色朱雀,Pale Rosefinch
tibros1,藏雀,Tibetan Rosefinch
tahmof1,褐头朱雀 (褐头岭雀),Sillem's Rosefinch
strros1,拟大朱雀,Streaked Rosefinch
greros1,大朱雀,Great Rosefinch
greros3,大朱雀 (色深),Great Rosefinch (Great)
greros4,大朱雀 (色淡),Great Rosefinch (Spotted)
y01016,拟大朱雀/大朱雀,Streaked/Great Rosefinch
lotros1,长尾雀,Long-tailed Rosefinch
lotros7,长尾雀 (北方),Long-tailed Rosefinch (Siberian)
lotros8,长尾雀 (中华长尾雀),Long-tailed Rosefinch (Chinese)
refros1,红胸朱雀,Red-fronted Rosefinch
crbfin3,红眉松雀,Crimson-browed Finch
palros2,北朱雀,Pallas's Rosefinch
thbros1,斑翅朱雀,Three-banded Rosefinch
whbros1,喜山白眉朱雀,Himalayan White-browed Rosefinch
y01108,玫红眉朱雀/喜山白眉朱雀,Pink-browed/Himalayan White-browed Rosefinch
cwbros1,白眉朱雀,Chinese White-browed Rosefinch
carpod,未识别的朱雀,rosefinch sp.
pingro,松雀,Pine Grosbeak
pingro2,松雀 (欧亚),Pine Grosbeak (Eurasian)
pingro3,松雀 (flammula),Pine Grosbeak (Pacific Northwest)
pingro4,松雀 (carlottae),Pine Grosbeak (Haida Gwaii)
pingro5,松雀 (montana),Pine Grosbeak (Rocky Mts.)
pingro1,松雀 (californica),Pine Grosbeak (California)
pingro6,松雀 (leucura),Pine Grosbeak (Taiga)
brobul1,褐灰雀,Brown Bullfinch
brnbul1,褐灰雀 (广布),Brown Bullfinch (Brown)
brnbul2,褐灰雀 (waterstradti),Brown Bullfinch (Malayan)
whcbul1,White-cheeked Bullfinch,White-cheeked Bullfinch
orabul1,Orange Bullfinch,Orange Bullfinch
rehbul1,红头灰雀,Red-headed Bullfinch
gyhbul2,灰头灰雀,Gray-headed Bullfinch
gyhbul5,台湾灰头灰雀,Taiwan Bullfinch
y00761,褐灰雀/灰头灰雀,Brown/Gray-headed Bullfinch
y00430,台湾灰头灰雀/灰头灰雀,Taiwan/Gray-headed Bullfinch
eurbul1,Azores Bullfinch,Azores Bullfinch
eurbul,红腹灰雀,Eurasian Bullfinch
eurbul2,红腹灰雀 (欧亚),Eurasian Bullfinch (Eurasian)
eurbul3,红腹灰雀 (东亚),Eurasian Bullfinch (Baikal)
crwfin2,红翅沙雀,Crimson-winged Finch
crwfin1,红翅沙雀 (西北非),Crimson-winged Finch (African)
crwfin3,红翅沙雀 (欧亚),Crimson-winged Finch (Eurasian)
trufin2,Trumpeter Finch,Trumpeter Finch
monfin2,蒙古沙雀,Mongolian Finch
blaros1,赤朱雀,Blanford's Rosefinch
gonfin1,金枕黑雀,Gold-naped Finch
spefin1,红眉金翅雀,Spectacled Finch
dabros1,暗胸朱雀,Dark-breasted Rosefinch
plmfin1,林岭雀,Plain Mountain Finch
bhmfin1,高山岭雀,Black-headed Mountain Finch
asrfin1,粉红腹岭雀,Asian Rosy-Finch
asirof6,粉红腹岭雀 (银翅),Asian Rosy-Finch (Silver-winged)
asirof7,粉红腹岭雀 (褐枕),Asian Rosy-Finch (Tawny-naped)
gcrfin,Grey-crowned Rosy Finch,Gray-crowned Rosy-Finch
gycrof2,Grey-crowned Rosy Finch (Pribilof Is.),Gray-crowned Rosy-Finch (Pribilof Is.)
gycrof3,Grey-crowned Rosy Finch (Aleutian and Kodiak Is.),Gray-crowned Rosy-Finch (Aleutian and Kodiak Is.)
gycrof1,Grey-crowned Rosy Finch (Hepburn's),Gray-crowned Rosy-Finch (Hepburn's)
gycrof4,Grey-crowned Rosy Finch (Grey-crowned),Gray-crowned Rosy-Finch (Gray-crowned)
gycrof5,Grey-crowned Rosy Finch (Hepburn's x Grey-crowned),Gray-crowned Rosy-Finch (Hepburn's x Gray-crowned)
bkrfin,Black Rosy Finch,Black Rosy-Finch
x01003,Grey-crowned x Black Rosy Finch (hybrid),Gray-crowned x Black Rosy-Finch (hybrid)
bcrfin,Brown-capped Rosy Finch,Brown-capped Rosy-Finch
rosfin,未识别的岭雀,rosy-finch sp.
houfin,House Finch,House Finch
houfin1,House Finch (Common),House Finch (Common)
houfin2,House Finch (McGregor's),House Finch (McGregor's)
purfin,Purple Finch,Purple Finch
purfin1,Purple Finch (Eastern),Purple Finch (Eastern)
purfin2,Purple Finch (Western),Purple Finch (Western)
x01004,House x Purple Finch (hybrid),House x Purple Finch (hybrid)
y00338,House/Purple Finch,House/Purple Finch
casfin,Cassin's Finch,Cassin's Finch
y00762,Purple/Cassin's Finch,Purple/Cassin's Finch
haemor1,Haemorhous sp.,Haemorhous sp.
desfin2,巨嘴沙雀,Desert Finch
gowgro2,Arabian Golden-winged Grosbeak,Arabian Grosbeak
gowgro3,Socotra Golden-winged Grosbeak,Socotra Grosbeak
somgro1,Somali Golden-winged Grosbeak,Somali Grosbeak
eurgre1,欧金翅雀,European Greenfinch
origre,金翅雀,Oriental Greenfinch
origre7,金翅雀 (广布),Oriental Greenfinch (Oriental)
origre6,金翅雀 (小笠原),Oriental Greenfinch (Bonin)
yebgre4,高山金翅雀,Yellow-breasted Greenfinch
viegre2,Vietnamese Greenfinch,Vietnamese Greenfinch
bkhgre1,黑头金翅雀,Black-headed Greenfinch
greenf1,greenfinch sp.,greenfinch sp.
orifin1,Oriole Finch,Oriole Finch
whrsee,White-rumped Seedeater,White-rumped Seedeater
yefcan,黄额丝雀,Yellow-fronted Canary
afrcit1,African Citril,African Citril
wescit1,Western Citril,Western Citril
soucit1,Southern Citril,Southern Citril
blfcan1,Black-faced Canary,Black-faced Canary
papcan1,Papyrus Canary,Papyrus Canary
forcan1,Forest Canary,Forest Canary
olrser1,Arabian Serin,Arabian Serin
bltcan1,Black-throated Canary,Black-throated Canary
reisee2,Reichenow's Seedeater,Reichenow's Seedeater
yerser1,Yellow-rumped Seedeater,Yellow-rumped Serin
lebsee1,Lemon-breasted Canary,Lemon-breasted Seedeater
whbcan1,White-bellied Canary,White-bellied Canary
yetser1,Yellow-throated Seedeater,Yellow-throated Serin
salser1,Salvadori's Seedeater,Salvadori's Serin
norgrc1,Northern Grosbeak-Canary,Northern Grosbeak-Canary
sougrc1,Southern Grosbeak-Canary,Southern Grosbeak-Canary
brican1,Brimstone Canary,Brimstone Canary
yelcan1,Yellow Canary,Yellow Canary
whtcan1,White-throated Canary,White-throated Canary
strsee1,Streaky Seedeater,Streaky Seedeater
yebsee2,Yellow-browed Seedeater,Yellow-browed Seedeater
thbsee1,Thick-billed Seedeater,Thick-billed Seedeater
tansee1,Kipengere Seedeater,Kipengere Seedeater
prisee1,Principe Seedeater,Principe Seedeater
satgro1,Sao Tome Grosbeak,Sao Tome Grosbeak
procan1,Protea Canary,Protea Canary
blesee1,Black-eared Seedeater,Black-eared Seedeater
sthsee3,West African Seedeater,West African Seedeater
sthsee2,Streaky-headed Seedeater,Streaky-headed Seedeater
reisee3,Stripe-breasted Seedeater,Stripe-breasted Seedeater
reisee4,Reichard's Seedeater,Reichard's Seedeater
brrsee1,Brown-rumped Seedeater,Brown-rumped Seedeater
yemser1,Yemen Serin,Yemen Serin
ankser2,Ankober Serin,Ankober Serin
capsis2,Cape Siskin,Cape Siskin
drasis2,Drakensberg Siskin,Drakensberg Siskin
afrsee1,African seedeater sp.,african seedeater sp.
twite1,黄嘴朱顶雀,Twite
eurlin1,赤胸朱顶雀,Eurasian Linnet
y01057,黄嘴朱顶雀/赤胸朱顶雀,Twite/Eurasian Linnet
yemlin1,Yemen Linnet,Yemen Linnet
warlin1,Warsangli Linnet,Warsangli Linnet
redpol1,白腰朱顶雀/极北朱顶雀/小白腰朱顶雀,Redpoll
comred,白腰朱顶雀,Redpoll (Common)
comred3,白腰朱顶雀 (广布),Redpoll (flammea)
comred4,白腰朱顶雀 (rostrata/islandica),Redpoll (rostrata/islandica)
lesred1,小白腰朱顶雀,Redpoll (Lesser)
y00763,白腰朱顶雀/小白腰朱顶雀,Redpoll (Common/Lesser)
hoared,极北朱顶雀,Redpoll (Hoary)
hoared2,极北朱顶雀 (广布),Redpoll (exilipes)
hoared1,极北朱顶雀 (hornemanni),Redpoll (hornemanni)
x00625,白腰朱顶雀x极北朱顶雀 (杂交),Redpoll (Common x Hoary)
redpol,白腰朱顶雀/极北朱顶雀,Redpoll (Common/Hoary)
parcro2,Parrot Crossbill,Parrot Crossbill
scocro1,Scottish Crossbill,Scottish Crossbill
redcro,红交嘴雀,Red Crossbill
redcro11,红交嘴雀 (corsicana),Red Crossbill (Corsican)
redcro12,红交嘴雀 (balearica),Red Crossbill (Balearic)
redcro13,红交嘴雀 (poliogyna),Red Crossbill (North African)
redcro14,红交嘴雀 (guillemardi),Red Crossbill (Cyprus)
redcro15,红交嘴雀 (mariae),Red Crossbill (Crimean)
redcro16,红交嘴雀 (阿尔泰),Red Crossbill (Altai)
redcro17,红交嘴雀 (天山),Red Crossbill (Tien Shan)
redcro18,红交嘴雀 (喜山),Red Crossbill (Himalayan)
redcro19,红交嘴雀 (meridionalis),Red Crossbill (Dalat)
redcro20,红交嘴雀 (东亚),Red Crossbill (Japanese)
redcro21,红交嘴雀 (luzoniensis),Red Crossbill (Luzon)
redcro22,红交嘴雀 (type A),Red Crossbill (Wandering or type A)
redcro23,红交嘴雀 (type B),Red Crossbill (Bohemian or type B)
redcro24,红交嘴雀 (type C),Red Crossbill (Glip or type C)
redcro25,红交嘴雀 (type D),Red Crossbill (Phantom or type D)
redcro26,红交嘴雀 (type E),Red Crossbill (Parakeet or type E)
redcro27,红交嘴雀 (type F),Red Crossbill (Scarce or type F)
redcro28,红交嘴雀 (type X),Red Crossbill (Parakeet or type X)
redcro1,红交嘴雀 (type 1),Red Crossbill (Appalachian or type 1)
redcro2,红交嘴雀 (type 2),Red Crossbill (Ponderosa Pine or type 2)
redcro3,红交嘴雀 (type 3),Red Crossbill (Western Hemlock or type 3)
redcro4,红交嘴雀 (type 4),Red Crossbill (Douglas-fir or type 4)
redcro5,红交嘴雀 (type 5),Red Crossbill (Lodgepole Pine or type 5)
redcro6,红交嘴雀 (type 6),Red Crossbill (Sierra Madre or type 6)
redcro7,红交嘴雀 (type 7),Red Crossbill (Enigmatic or type 7)
redcro8,红交嘴雀 (type 8),Red Crossbill (Newfoundland or type 8)
redcro10,红交嘴雀 (type 10),Red Crossbill (Sitka Spruce or type 10)
redcro29,红交嘴雀 (mesamericana),Red Crossbill (Central American or type 11)
redcro39,红交嘴雀 (type 12),Red Crossbill (Northeastern or type 12)
y00928,Parrot/Red Crossbill,Parrot/Red Crossbill
y01369,Scottish/Red Crossbill,Scottish/Red Crossbill
redcro9,Cassia Crossbill,Cassia Crossbill
y01058,Red/Cassia Crossbill,Red/Cassia Crossbill
hiscro,Hispaniolan Crossbill,Hispaniolan Crossbill
whwcro,白翅交嘴雀,White-winged Crossbill
whwcro1,白翅交嘴雀 (欧亚),White-winged Crossbill (Eurasian)
whwcro2,白翅交嘴雀 (北美),White-winged Crossbill (American)
crossb,未识别的交嘴雀,crossbill sp.
mouser2,Indonesian Serin,Indonesian Serin
mouser3,Mindanao Serin,Mindanao Serin
eurgol,欧红额金翅雀,European Goldfinch
eurgol2,红额金翅雀,Gray-crowned Goldfinch
x01171,欧红额金翅雀x红额金翅雀,European x Gray-crowned Goldfinch (hybrid)
y01288,欧红额金翅雀/红额金翅雀,European/Gray-crowned Goldfinch
citfin1,Citril Finch,Citril Finch
corfin1,Corsican Finch,Corsican Finch
eurser1,European Serin,European Serin
y01059,Citril Finch/European Serin,Citril Finch/European Serin
comcan,金丝雀,Island Canary
islcan1,金丝雀 (驯养型),Island Canary (Domestic type)
x01005,欧红额金翅雀x金丝雀 (杂交),European Goldfinch x Island Canary (hybrid)
fifser1,金额丝雀,Fire-fronted Serin
syrser1,Syrian Serin,Syrian Serin
y01060,European/Fire-fronted/Syrian Serin,European/Fire-fronted/Syrian Serin
yeccan1,Yellow-crowned Canary,Yellow-crowned Canary
capcan1,Cape Canary,Cape Canary
abysis1,Ethiopian Siskin,Ethiopian Siskin
bkhcan2,Black-headed Canary,Black-headed Canary
bkhcan1,Black-headed Canary (Black-headed),Black-headed Canary (Black-headed)
damcan1,Black-headed Canary (Damara),Black-headed Canary (Damara)
canary1,Serinus sp.,Serinus sp.
tibser1,藏黄雀,Tibetan Serin
eursis,黄雀,Eurasian Siskin
pinsis,Pine Siskin,Pine Siskin
pinsis1,Pine Siskin (Northern),Pine Siskin (Northern)
pinsis2,Pine Siskin (Chiapas),Pine Siskin (Chiapas)
pinsis3,Pine Siskin (green morph),Pine Siskin (green morph)
x00904,Red Crossbill x Pine Siskin (hybrid),Red Crossbill x Pine Siskin (hybrid)
blcsis1,Black-capped Siskin,Black-capped Siskin
x00829,Pine x Black-capped Siskin (hybrid),Pine x Black-capped Siskin (hybrid)
blhsis1,Black-headed Siskin,Black-headed Siskin
antsis1,Antillean Siskin,Antillean Siskin
lesgol,Lesser Goldfinch,Lesser Goldfinch
x01006,European x Lesser Goldfinch (hybrid),European x Lesser Goldfinch (hybrid)
lawgol,Lawrence's Goldfinch,Lawrence's Goldfinch
amegfi,American Goldfinch,American Goldfinch
x01248,Redpoll x American Goldfinch (hybrid),Redpoll x American Goldfinch (hybrid)
x01007,European x American Goldfinch (hybrid),European x American Goldfinch (hybrid)
x00905,Pine Siskin x American Goldfinch (hybrid),Pine Siskin x American Goldfinch (hybrid)
x00714,Lesser x American Goldfinch (hybrid),Lesser x American Goldfinch (hybrid)
goldfi,new world goldfinch sp.,new world goldfinch sp.
andsis1,Andean Siskin,Andean Siskin
yefsis1,Yellow-faced Siskin,Yellow-faced Siskin
yebsis1,Yellow-bellied Siskin,Yellow-bellied Siskin
redsis1,Red Siskin,Red Siskin
thbsis1,Thick-billed Siskin,Thick-billed Siskin
hoosis1,Hooded Siskin,Hooded Siskin
hoosis3,Hooded Siskin (Guianan),Hooded Siskin (Guianan)
hoosis13,Hooded Siskin (Andean),Hooded Siskin (Andean)
hoosis14,Hooded Siskin (Lowland),Hooded Siskin (Lowland)
safsis1,Saffron Siskin,Saffron Siskin
olisis1,Olivaceous Siskin,Olivaceous Siskin
y00698,Hooded/Olivaceous Siskin,Hooded/Olivaceous Siskin
blasis1,Black Siskin,Black Siskin
yersis1,Yellow-rumped Siskin,Yellow-rumped Siskin
x00713,Hooded x Yellow-rumped Siskin (hybrid),Hooded x Yellow-rumped Siskin (hybrid)
blcsis2,Black-chinned Siskin,Black-chinned Siskin
modsis1,Monte Desert Siskin (undescribed form),Monte Desert Siskin (undescribed form)
spinus1,Spinus sp.,Spinus sp.
y00631,Acanthis/Spinus sp.,Acanthis/Spinus sp.
finch1,未识别的燕雀科鸟类,finch sp.
laplon,铁爪鹀,Lapland Longspur
chclon,Chestnut-collared Longspur,Chestnut-collared Longspur
smilon,Smith's Longspur,Smith's Longspur
mcclon,Thick-billed Longspur,Thick-billed Longspur
longsp1,longspur sp.,longspur sp.
snobun,雪鹀,Snow Bunting
x00919,铁爪鹀x雪鹀 (杂交),Lapland Longspur x Snow Bunting (hybrid)
mckbun,麦氏鹀,McKay's Bunting
x00447,雪鹀x麦氏鹀 (杂交),Snow x McKay's Bunting (hybrid)
y00695,雪鹀/麦氏鹀,Snow/McKay's Bunting
rottan2,Rosy Thrush-tanager,Rosy Thrush-Tanager
rostht1,Rosy Thrush-tanager (Mexican),Rosy Thrush-Tanager (Mexican)
rostht2,Rosy Thrush-tanager (Panama),Rosy Thrush-Tanager (Panama)
rostht6,Rosy Thrush-tanager (Southern),Rosy Thrush-Tanager (Southern)
brrbun1,Brown-rumped Bunting,Brown-rumped Bunting
crebun1,凤头鹀,Crested Bunting
blhbun1,黑头鹀,Black-headed Bunting
rehbun1,褐头鹀,Red-headed Bunting
x00871,黑头鹀x褐头鹀 (杂交),Black-headed x Red-headed Bunting (hybrid)
y00923,黑头鹀/褐头鹀,Black-headed/Red-headed Bunting
corbun1,黍鹀,Corn Bunting
chebun2,栗耳鹀,Chestnut-eared Bunting
tibbun1,藏鹀,Tibetan Bunting
rubbun1,栗斑腹鹀,Rufous-backed Bunting
rocbun1,淡灰眉岩鹀,Rock Bunting
godbun1,灰眉岩鹀 (戈氏岩鹀),Godlewski's Bunting
godbun2,灰眉岩鹀 (北方),Godlewski's Bunting (godlewskii Group)
godbun3,灰眉岩鹀 (西南),Godlewski's Bunting (yunnanensis/khamensis)
meabun1,三道眉草鹀,Meadow Bunting
meabun7,三道眉草鹀 (棕耳),Meadow Bunting (Rufous-eared)
meabun6,三道眉草鹀 (黑耳),Meadow Bunting (Black-eared)
cirbun1,Cirl Bunting,Cirl Bunting
chbbun1,白顶鹀,White-capped Bunting
yellow2,黄鹀,Yellowhammer
pinbun,白头鹀,Pine Bunting
x00823,黄鹀x白头鹀 (杂交),Yellowhammer x Pine Bunting (hybrid)
y01223,黄鹀/白头鹀,Yellowhammer/Pine Bunting
gyhbun1,灰颈鹀,Gray-necked Bunting
cinbun1,Cinereous Bunting,Cinereous Bunting
cinbun2,Cinereous Bunting (Grey-bellied),Cinereous Bunting (Gray-bellied)
cinbun3,Cinereous Bunting (Yellow-bellied),Cinereous Bunting (Yellow-bellied)
ortbun1,圃鹀,Ortolan Bunting
y00922,灰颈鹀/圃鹀,Gray-necked/Ortolan Bunting
crebun2,Cretzschmar's Bunting,Cretzschmar's Bunting
y00431,Ortolan/Cretzschmar's Bunting,Ortolan/Cretzschmar's Bunting
cabbun1,Cabanis's Bunting,Cabanis's Bunting
cabbun2,Cabanis's Bunting (Cabanis's),Cabanis's Bunting (Cabanis's)
cabbun3,Cabanis's Bunting (Three-streaked),Cabanis's Bunting (Three-streaked)
gobbun1,Golden-breasted Bunting,Golden-breasted Bunting
sombun1,Somali Bunting,Somali Bunting
capbun1,Cape Bunting,Cape Bunting
capbun12,Cape Bunting (Cape),Cape Bunting (Cape)
vinbun1,Cape Bunting (Vincent's),Cape Bunting (Vincent's)
lalbun1,Lark-like Bunting,Lark-like Bunting
socbun1,Socotra Bunting,Socotra Bunting
cibbun1,Cinnamon-breasted Bunting,Cinnamon-breasted Bunting
gosbun1,Gosling's Bunting,Gosling's Bunting
x00975,Cinnamon-breasted x Gosling's Bunting (hybrid),Cinnamon-breasted x Gosling's Bunting (hybrid)
houbun3,House Bunting,House Bunting
houbun2,Striolated Bunting,Striolated Bunting
slabun1,蓝鹀,Slaty Bunting
yetbun1,黄喉鹀,Yellow-throated Bunting
ocrbun1,红颈苇鹀,Ochre-rumped Bunting
palbun,苇鹀,Pallas's Bunting
reebun,芦鹀,Reed Bunting
y01015,苇鹀/芦鹀,Pallas's/Reed Bunting
yebbun,黄胸鹀,Yellow-breasted Bunting
litbun,小鹀,Little Bunting
rusbun,田鹀,Rustic Bunting
yelbun1,硫黄鹀 (硫磺鹀),Yellow Bunting
bkfbun1,灰头鹀,Black-faced Bunting
bkfbun2,日本灰头鹀,Masked Bunting
blfbun1,灰头鹀/日本灰头鹀,Black-faced/Masked Bunting
chebun1,栗鹀,Chestnut Bunting
yebbun1,黄眉鹀,Yellow-browed Bunting
tribun1,白眉鹀,Tristram's Bunting
grybun,灰鹀,Gray Bunting
emberi1,未识别的Emberiza属鹀,Emberiza sp.
tanfin1,Tanager Finch,Tanager Finch
ytbtan1,Yellow-throated Chlorospingus,Yellow-throated Chlorospingus
yetbut1,Yellow-throated Chlorospingus (Drab-breasted),Yellow-throated Chlorospingus (Drab-breasted)
yetbut2,Yellow-throated Chlorospingus (Yellow-throated),Yellow-throated Chlorospingus (Yellow-throated)
shbbut1,Yellow-whiskered Chlorospingus,Short-billed Chlorospingus
y01126,Yellow-throated/Short-billed Chlorospingus,Yellow-throated/Short-billed Chlorospingus
atbtan1,Ashy-throated Chlorospingus,Ashy-throated Chlorospingus
astbut1,Ashy-throated Chlorospingus (Olive-crowned),Ashy-throated Chlorospingus (Olive-crowned)
astbut2,Ashy-throated Chlorospingus (Ashy-throated),Ashy-throated Chlorospingus (Ashy-throated)
scbtan1,Sooty-capped Chlorospingus,Sooty-capped Chlorospingus
cobtan1,Common Chlorospingus,Common Chlorospingus
combut1,Common Chlorospingus (Northeast Mexico),Common Chlorospingus (Northeast Mexico)
combut3,Common Chlorospingus (Southwest Mexico),Common Chlorospingus (Southwest Mexico)
combut4,Common Chlorospingus (Middle American),Common Chlorospingus (Middle American)
combut2,Common Chlorospingus (Central Panama),Common Chlorospingus (Central Panama)
combut5,Common Chlorospingus (Venezuela),Common Chlorospingus (Venezuela)
combut6,Common Chlorospingus (Northern Andes),Common Chlorospingus (Northern Andes)
combut7,Common Chlorospingus (cinereocephalus),Common Chlorospingus (cinereocephalus)
combut8,Common Chlorospingus (Southern Peru),Common Chlorospingus (Southern Peru)
combut9,Common Chlorospingus (Northern Bolivia),Common Chlorospingus (Northern Bolivia)
combut10,Common Chlorospingus (Southern Bolivia),Common Chlorospingus (Southern Bolivia)
combut11,Common Chlorospingus (Argentina),Common Chlorospingus (Argentina)
tabtan1,Tacarcuna Chlorospingus,Tacarcuna Chlorospingus
pibtan1,Pirre Chlorospingus,Pirre Chlorospingus
dubtan1,Dusky Chlorospingus,Dusky Chlorospingus
duschl1,Dusky Chlorospingus (Northern),Dusky Chlorospingus (Northern)
duschl2,Dusky Chlorospingus (Red-eyed),Dusky Chlorospingus (Red-eyed)
duschl3,Dusky Chlorospingus (El Oro),Dusky Chlorospingus (El Oro)
chloro1,Chlorospingus sp.,chlorospingus sp.
tumspa1,Tumbes Sparrow,Tumbes Sparrow
stcspa2,Yungas Sparrow,Yungas Sparrow
stcspa3,Chaco Sparrow,Chaco Sparrow
stcspa1,Yungas/Chaco Sparrow,Yungas/Chaco Sparrow
ruwspa,Rufous-winged Sparrow,Rufous-winged Sparrow
citspa1,Cinnamon-tailed Sparrow,Cinnamon-tailed Sparrow
sthspa1,Stripe-headed Sparrow,Stripe-headed Sparrow
sthspa2,Stripe-headed Sparrow (Northern),Stripe-headed Sparrow (Northern)
sthspa7,Stripe-headed Sparrow (Southern),Stripe-headed Sparrow (Southern)
blcspa1,Black-chested Sparrow,Black-chested Sparrow
brispa1,Bridled Sparrow,Bridled Sparrow
botspa,Botteri's Sparrow,Botteri's Sparrow
botspa1,Botteri's Sparrow (Botteri's),Botteri's Sparrow (Botteri's)
botspa2,Botteri's Sparrow (Peten),Botteri's Sparrow (Peten)
casspa,Cassin's Sparrow,Cassin's Sparrow
y00646,Botteri's/Cassin's Sparrow,Botteri's/Cassin's Sparrow
bacspa,Bachman's Sparrow,Bachman's Sparrow
peucae1,Peucaea sp.,Peucaea sp.
graspa,Grasshopper Sparrow,Grasshopper Sparrow
graspa1,Grassland Sparrow,Grassland Sparrow
yebspa1,Yellow-browed Sparrow,Yellow-browed Sparrow
y01083,Grassland/Yellow-browed Sparrow,Grassland/Yellow-browed Sparrow
olispa,Olive Sparrow,Olive Sparrow
olispa1,Olive Sparrow (Olive),Olive Sparrow (Olive)
olispa2,Olive Sparrow (Pacific),Olive Sparrow (Pacific)
grbspa1,Green-backed Sparrow,Green-backed Sparrow
y00921,Olive/Green-backed Sparrow,Olive/Green-backed Sparrow
blsspa1,Black-striped Sparrow,Black-striped Sparrow
tocspa1,Tocuyo Sparrow,Tocuyo Sparrow
chispa,Chipping Sparrow,Chipping Sparrow
clcspa,Clay-colored Sparrow,Clay-colored Sparrow
x00198,Chipping x Clay-colored Sparrow (hybrid),Chipping x Clay-colored Sparrow (hybrid)
bkcspa,Black-chinned Sparrow,Black-chinned Sparrow
fiespa,Field Sparrow,Field Sparrow
x00976,Chipping x Field Sparrow (hybrid),Chipping x Field Sparrow (hybrid)
x00200,Clay-colored x Field Sparrow (hybrid),Clay-colored x Field Sparrow (hybrid)
brespa,Brewer's Sparrow,Brewer's Sparrow
brespa1,Brewer's Sparrow (breweri),Brewer's Sparrow (breweri)
timspa3,Brewer's Sparrow (taverneri),Brewer's Sparrow (taverneri)
x00199,Clay-colored x Brewer's Sparrow (hybrid),Clay-colored x Brewer's Sparrow (hybrid)
x00201,Black-chinned x Brewer's Sparrow (hybrid),Black-chinned x Brewer's Sparrow (hybrid)
y01267,Clay-colored/Brewer's Sparrow,Clay-colored/Brewer's Sparrow
worspa,Worthen's Sparrow,Worthen's Sparrow
spizel1,Spizella sp.,Spizella sp.
fisspa,Five-striped Sparrow,Five-striped Sparrow
bktspa,Black-throated Sparrow,Black-throated Sparrow
larspa,Lark Sparrow,Lark Sparrow
larbun,Lark Bunting,Lark Bunting
sthbrf3,Costa Rican Brushfinch,Costa Rican Brushfinch
sthbrf4,Sierra Nevada Brushfinch,Sierra Nevada Brushfinch
sthbrf5,Perija Brushfinch,Perija Brushfinch
sthbrf1,Black-headed Brushfinch,Black-headed Brushfinch
sthbrf6,Caracas Brushfinch,Caracas Brushfinch
sthbrf7,Paria Brushfinch,Paria Brushfinch
sthbrf8,Grey-browed Brushfinch,Gray-browed Brushfinch
sthbrf2,White-browed Brushfinch,White-browed Brushfinch
shbfin1,stripe-headed brushfinch sp.,stripe-headed brushfinch sp.
orbspa1,Orange-billed Sparrow,Orange-billed Sparrow
orbspa2,Orange-billed Sparrow (aurantiirostris Group),Orange-billed Sparrow (aurantiirostris Group)
orbspa3,Orange-billed Sparrow (erythrorhynchus),Orange-billed Sparrow (erythrorhynchus)
orbspa4,Orange-billed Sparrow (spectabilis),Orange-billed Sparrow (spectabilis)
bkcspa1,Black-capped Sparrow,Black-capped Sparrow
bkcspa2,Maranon Sparrow,Marañon Sparrow
gowspa1,Golden-winged Sparrow,Golden-winged Sparrow
gowspa3,Golden-winged Sparrow (Grey-backed),Golden-winged Sparrow (Gray-backed)
gowspa5,Golden-winged Sparrow (Green-backed),Golden-winged Sparrow (Green-backed)
pecspa2,Pectoral Sparrow (Yellow-mandibled),Yellow-mandibled Sparrow
pecspa3,Pectoral Sparrow (Pectoral),Pectoral Sparrow
safspa1,Sao Francisco Sparrow,Sao Francisco Sparrow
hacspa1,Half-collared Sparrow,Half-collared Sparrow
sabspa4,Moss-backed Sparrow,Moss-backed Sparrow
sabspa1,Saffron-billed Sparrow,Saffron-billed Sparrow
sabspa2,Saffron-billed Sparrow (Grey-backed),Saffron-billed Sparrow (Gray-backed)
sabspa3,Saffron-billed Sparrow (Saffron-billed),Saffron-billed Sparrow (Saffron-billed)
gsbfin1,Green-striped Brushfinch,Green-striped Brushfinch
ccbfin,Chestnut-capped Brushfinch,Chestnut-capped Brushfinch
chcbrf2,Chestnut-capped Brushfinch (Plain-breasted),Chestnut-capped Brushfinch (Plain-breasted)
chcbrf1,Chestnut-capped Brushfinch (Chestnut-capped),Chestnut-capped Brushfinch (Chestnut-capped)
soffin1,Sooty-faced Finch,Sooty-faced Finch
olifin1,Olive Finch,Olive Finch
amtspa,American Tree Sparrow,American Tree Sparrow
spizel,Spizella sp./American Tree Sparrow,Spizella sp./American Tree Sparrow
foxspa,fox sparrow sp.,Fox Sparrow
foxsp2,Sooty Fox Sparrow,Fox Sparrow (Sooty)
foxsp4,Thick-billed Fox Sparrow,Fox Sparrow (Thick-billed)
foxsp3,Slate-colored Fox Sparrow,Fox Sparrow (Slate-colored)
foxsp1,Red Fox Sparrow,Fox Sparrow (Red)
foxspa20,Sooty x Red Fox Sparrow (hybrid),Fox Sparrow (Sooty x Red)
daejun,Dark-eyed Junco,Dark-eyed Junco
daejun5,Dark-eyed Junco (Slate-colored/cismontanus),Dark-eyed Junco (Slate-colored/cismontanus)
slcjun,Dark-eyed Junco (Slate-colored),Dark-eyed Junco (Slate-colored)
daejun1,Dark-eyed Junco (cismontanus),Dark-eyed Junco (cismontanus)
orejun,Dark-eyed Junco (Oregon),Dark-eyed Junco (Oregon)
pisjun,Dark-eyed Junco (Pink-sided),Dark-eyed Junco (Pink-sided)
daejun3,Dark-eyed Junco (Oregon x Pink-sided),Dark-eyed Junco (Oregon x Pink-sided)
whwjun,Dark-eyed Junco (White-winged),Dark-eyed Junco (White-winged)
daejun7,Dark-eyed Junco (Pink-sided x White-winged),Dark-eyed Junco (Pink-sided x White-winged)
gyhjun,Dark-eyed Junco (Grey-headed),Dark-eyed Junco (Gray-headed)
daejun8,Dark-eyed Junco (Oregon x Grey-headed),Dark-eyed Junco (Oregon x Gray-headed)
daejun4,Dark-eyed Junco (Pink-sided x Grey-headed),Dark-eyed Junco (Pink-sided x Gray-headed)
rebjun1,Dark-eyed Junco (Red-backed),Dark-eyed Junco (Red-backed)
daejun6,Dark-eyed Junco (Grey-headed x Red-backed),Dark-eyed Junco (Gray-headed x Red-backed)
daejun2,Guadalupe Junco,Guadalupe Junco
yeejun,Yellow-eyed Junco,Yellow-eyed Junco
yeejun1,Yellow-eyed Junco (Mexican),Yellow-eyed Junco (Mexican)
yeejun3,Yellow-eyed Junco (Chiapas),Yellow-eyed Junco (Chiapas)
yeejun4,Yellow-eyed Junco (Guatemalan),Yellow-eyed Junco (Guatemalan)
x00869,Dark-eyed x Yellow-eyed Junco (hybrid),Dark-eyed x Yellow-eyed Junco (hybrid)
y00333,Dark-eyed/Yellow-eyed Junco,Dark-eyed/Yellow-eyed Junco
yeejun2,Baird's Junco,Baird's Junco
voljun1,Volcano Junco,Volcano Junco
rucspa1,Rufous-collared Sparrow,Rufous-collared Sparrow
rucspa6,Rufous-collared Sparrow (Rufous-collared),Rufous-collared Sparrow (Rufous-collared)
rucspa5,Rufous-collared Sparrow (Patagonian),Rufous-collared Sparrow (Patagonian)
whcspa,白冠带鹀,White-crowned Sparrow
whcspa2,白冠带鹀 (leucophrys/oriantha),White-crowned Sparrow (Dark-lored)
ewcspa1,白冠带鹀 (leucophrys),White-crowned Sparrow (leucophrys)
mwcspa1,白冠带鹀 (oriantha),White-crowned Sparrow (oriantha)
gwcspa,白冠带鹀 (gambelii),White-crowned Sparrow (Gambel's)
whcspa3,白冠带鹀 (nuttalli/pugetensis),White-crowned Sparrow (Yellow-billed)
nwcspa,白冠带鹀 (nuttalli),White-crowned Sparrow (nuttalli)
pswspa1,白冠带鹀 (pugetensis),White-crowned Sparrow (pugetensis)
x01016,Dark-eyed Junco x White-crowned Sparrow (hybrid),Dark-eyed Junco x White-crowned Sparrow (hybrid)
gocspa,Golden-crowned Sparrow,Golden-crowned Sparrow
x00053,White-crowned x Golden-crowned Sparrow (hybrid),White-crowned x Golden-crowned Sparrow (hybrid)
harspa,Harris's Sparrow,Harris's Sparrow
x00752,American Tree x Harris's Sparrow (hybrid),American Tree x Harris's Sparrow (hybrid)
x00900,White-crowned x Harris's Sparrow (hybrid),White-crowned x Harris's Sparrow (hybrid)
whtspa,White-throated Sparrow,White-throated Sparrow
x00451,White-crowned x White-throated Sparrow (hybrid),White-crowned x White-throated Sparrow (hybrid)
x00720,Golden-crowned x White-throated Sparrow (hybrid),Golden-crowned x White-throated Sparrow (hybrid)
x00039,Dark-eyed Junco x White-throated Sparrow (hybrid),Dark-eyed Junco x White-throated Sparrow (hybrid)
y00332,White-crowned/White-throated Sparrow,White-crowned/White-throated Sparrow
zonotr1,Zonotrichia sp.,Zonotrichia sp.
sagspa1,Sagebrush Sparrow,Sagebrush Sparrow
belspa2,Bell's Sparrow,Bell's Sparrow
belspa1,Bell's Sparrow (belli),Bell's Sparrow (belli)
belspa3,Bell's Sparrow (canescens),Bell's Sparrow (canescens)
scsspa1,Bell's Sparrow (clementeae),Bell's Sparrow (clementeae)
sagspa2,Bell's Sparrow (cinerea),Bell's Sparrow (cinerea)
sagspa,Sagebrush/Bell's Sparrow (Sage Sparrow),Sagebrush/Bell's Sparrow (Sage Sparrow)
strspa1,Striped Sparrow,Striped Sparrow
vesspa,Vesper Sparrow,Vesper Sparrow
lecspa,LeConte's Sparrow,LeConte's Sparrow
seaspa,Seaside Sparrow,Seaside Sparrow
seaspa1,Seaside Sparrow (Atlantic),Seaside Sparrow (Atlantic)
dusspa1,Seaside Sparrow (Dusky),Seaside Sparrow (Dusky)
seaspa2,Seaside Sparrow (Gulf of Mexico),Seaside Sparrow (Gulf of Mexico)
cssspa1,Seaside Sparrow (Cape Sable),Seaside Sparrow (Cape Sable)
nstspa,Nelson's Sparrow,Nelson's Sparrow
nstspa1,Nelson's Sparrow (Interior),Nelson's Sparrow (Interior)
nstspa2,Nelson's Sparrow (Atlantic Coast),Nelson's Sparrow (Atlantic Coast)
y01165,LeConte's/Nelson's Sparrow,LeConte's/Nelson's Sparrow
sstspa,Saltmarsh Sparrow,Saltmarsh Sparrow
x00450,Nelson's x Saltmarsh Sparrow (hybrid),Nelson's x Saltmarsh Sparrow (hybrid)
shtspa,Nelson's/Saltmarsh Sparrow (Sharp-tailed Sparrow),Nelson's/Saltmarsh Sparrow (Sharp-tailed Sparrow)
ammosp1,Ammospiza sp.,Ammospiza sp.
savspa,稀树草鹀,Savannah Sparrow
savspa4,稀树草鹀 [sandwichensis Group],Savannah Sparrow (Savannah)
ipsspa,稀树草鹀 (princeps),Savannah Sparrow (Ipswich)
bldspa,稀树草鹀 [guttatus Group],Savannah Sparrow (Belding's)
savspa3,稀树草鹀 (sanctorum),Savannah Sparrow (San Benito)
labspa,稀树草鹀 (rostratus/atratus),Savannah Sparrow (Large-billed)
x01057,Grasshopper x Savannah Sparrow (hybrid),Grasshopper x Savannah Sparrow (hybrid)
baispa,Baird's Sparrow,Baird's Sparrow
y01081,Grasshopper/Baird's Sparrow,Grasshopper/Baird's Sparrow
henspa,Henslow's Sparrow,Henslow's Sparrow
y01082,Grasshopper/Henslow's Sparrow,Grasshopper/Henslow's Sparrow
simspa1,Sierra Madre Sparrow,Sierra Madre Sparrow
sonspa,Song Sparrow,Song Sparrow
sonspa2,Song Sparrow (melodia/atlantica),Song Sparrow (melodia/atlantica)
sonspa6,Song Sparrow (sanaka/maxima),Song Sparrow (sanaka/maxima)
sonspa4,Song Sparrow (rufina Group),Song Sparrow (rufina Group)
sonspa7,Song Sparrow (montana/merrilli),Song Sparrow (montana/merrilli)
sonspa5,Song Sparrow (heermanni Group),Song Sparrow (heermanni Group)
sonspa8,Song Sparrow (samuelsis),Song Sparrow (samuelsis)
sonspa9,Song Sparrow (pusillula),Song Sparrow (pusillula)
sonspa1,Song Sparrow (fallax Group),Song Sparrow (fallax Group)
sonspa3,Song Sparrow (mexicana Group),Song Sparrow (mexicana Group)
linspa,Lincoln's Sparrow,Lincoln's Sparrow
x00474,Song x Lincoln's Sparrow (hybrid),Song x Lincoln's Sparrow (hybrid)
swaspa,Swamp Sparrow,Swamp Sparrow
x00702,Song x Swamp Sparrow (hybrid),Song x Swamp Sparrow (hybrid)
y00688,Lincoln's/Swamp Sparrow,Lincoln's/Swamp Sparrow
laffin1,Large-footed Finch,Large-footed Finch
zapspa1,Zapata Sparrow,Zapata Sparrow
rcgspa1,Rusty-crowned Ground Sparrow,Rusty-crowned Ground-Sparrow
cantow,Canyon Towhee,Canyon Towhee
whttow1,White-throated Towhee,White-throated Towhee
abetow,Abert's Towhee,Abert's Towhee
x00870,Canyon x Abert's Towhee (hybrid),Canyon x Abert's Towhee (hybrid)
y00331,Canyon/Abert's Towhee,Canyon/Abert's Towhee
caltow,California Towhee,California Towhee
x01138,Abert's x California Towhee (hybrid),Abert's x California Towhee (hybrid)
whegrs1,White-eared Ground Sparrow (Grey-crowned),Gray-crowned Ground-Sparrow
whegrs2,White-eared Ground Sparrow (White-eared),White-eared Ground-Sparrow
pregrs1,Prevost's Ground Sparrow,White-faced Ground-Sparrow
pregrs2,Cabanis's Ground Sparrow,Cabanis's Ground-Sparrow
russpa1,Rusty Sparrow,Rusty Sparrow
rucspa,Rufous-crowned Sparrow,Rufous-crowned Sparrow
oaxspa1,Oaxaca Sparrow,Oaxaca Sparrow
gnttow,Green-tailed Towhee,Green-tailed Towhee
spotow,Spotted Towhee,Spotted Towhee
spotow1,Spotted Towhee (oregonus Group),Spotted Towhee (oregonus Group)
spotow5,Spotted Towhee (arcticus),Spotted Towhee (arcticus)
spotow2,Spotted Towhee (maculatus Group),Spotted Towhee (maculatus Group)
spotow3,Spotted Towhee (Olive-backed),Spotted Towhee (Olive-backed)
spotow4,Spotted Towhee (Socorro),Spotted Towhee (Socorro)
x00475,Chestnut-capped Brushfinch x Spotted Towhee (hybrid),Chestnut-capped Brushfinch x Spotted Towhee (hybrid)
x00476,Canyon x Spotted Towhee (hybrid),Canyon x Spotted Towhee (hybrid)
x01249,California x Spotted Towhee (hybrid),California x Spotted Towhee (hybrid)
x00706,Green-tailed x Spotted Towhee (hybrid),Green-tailed x Spotted Towhee (hybrid)
eastow,Eastern Towhee,Eastern Towhee
eastow1,Eastern Towhee (Red-eyed),Eastern Towhee (Red-eyed)
eastow2,Eastern Towhee (White-eyed),Eastern Towhee (White-eyed)
x00446,Spotted x Eastern Towhee (hybrid),Spotted x Eastern Towhee (hybrid)
y00226,Spotted/Eastern Towhee (Rufous-sided Towhee),Spotted/Eastern Towhee (Rufous-sided Towhee)
bertow1,Bermuda Towhee,Bermuda Towhee
coltow1,Collared Towhee,Collared Towhee
x00445,Spotted x Collared Towhee (hybrid),Spotted x Collared Towhee (hybrid)
towhee1,towhee sp.,towhee sp.
rcbfin1,Rufous-capped Brushfinch,Rufous-capped Brushfinch
wnbfin1,White-naped Brushfinch,White-naped Brushfinch
whnbrf1,White-naped Brushfinch (White-naped),White-naped Brushfinch (White-naped)
whnbrf2,White-naped Brushfinch (Yellow-throated),White-naped Brushfinch (Yellow-throated)
yetfin1,Yellow-thighed Brushfinch,Yellow-thighed Brushfinch
yegfin1,Yellow-green Brushfinch,Yellow-green Brushfinch
mobfin1,Moustached/Merida Brushfinch,Moustached Brushfinch
moubru1,Moustached Brushfinch,Moustached Brushfinch (Moustached)
moubru2,Merida Brushfinch,Moustached Brushfinch (Merida)
tebfin1,Tepui Brushfinch,Tepui Brushfinch
smbfin1,Santa Marta Brushfinch,Santa Marta Brushfinch
obbfin1,Ochre-breasted Brushfinch,Ochre-breasted Brushfinch
yehbrf1,Yellow-headed Brushfinch,Yellow-headed Brushfinch
dhbfin1,Dusky-headed Brushfinch,Dusky-headed Brushfinch
x01092,White-naped x Dusky-headed Brushfinch (hybrid),White-naped x Dusky-headed Brushfinch (hybrid)
wrbfin1,White-rimmed Brushfinch,White-rimmed Brushfinch
whbfin1,White-headed Brushfinch,White-headed Brushfinch
rebfin1,Rufous-eared Brushfinch,Rufous-eared Brushfinch
tribrf1,Choco Brushfinch,Choco Brushfinch
tribrf2,Tricolored Brushfinch,Golden-crowned Brushfinch
slabru1,Slaty Brushfinch,Northern Slaty Brushfinch
slabru2,Taczanowski's Brushfinch,Peruvian Slaty Brushfinch
pnbfin1,Pale-naped Brushfinch,Pale-naped Brushfinch
antbrf1,Antioquia Brushfinch,Antioquia Brushfinch
yebbru1,Black-fronted Brushfinch,Black-fronted Brushfinch
x01201,Moustached x Black-fronted Brushfinch (hybrid),Moustached x Black-fronted Brushfinch (hybrid)
yebbru2,Yellow-breasted Brushfinch,Yellow-breasted Brushfinch
wwbfin1,White-winged Brushfinch,White-winged Brushfinch
whwbrf1,White-winged Brushfinch (White-winged),White-winged Brushfinch (White-winged)
whwbrf2,White-winged Brushfinch (Paynter's),White-winged Brushfinch (Paynter's)
phbfin1,Pale-headed Brushfinch,Pale-headed Brushfinch
bcbfin1,Bay-crowned Brushfinch,Bay-crowned Brushfinch
rbbfin1,Rusty-bellied Brushfinch,Rusty-bellied Brushfinch
apubrf1,Apurimac Brushfinch,Apurimac Brushfinch
bksbrf1,Black-spectacled Brushfinch,Black-spectacled Brushfinch
vilbrf1,Vilcabamba Brushfinch,Vilcabamba Brushfinch
cuzbrf1,Cuzco Brushfinch,Cuzco Brushfinch
bkfbrf1,Grey-eared Brushfinch,Black-faced Brushfinch
rnbfin1,Bolivian Brushfinch,Bolivian Brushfinch
x00477,Grey-eared x Bolivian Brushfinch (hybrid),Black-faced x Bolivian Brushfinch (hybrid)
fhbfin1,Fulvous-headed Brushfinch,Fulvous-headed Brushfinch
ysbfin1,Yellow-striped Brushfinch,Yellow-striped Brushfinch
atlape1,Atlapetes sp.,Atlapetes sp.
sparro1,new world sparrow sp.,new world sparrow sp.
wectan1,Western Chat-Tanager,Western Chat-Tanager
eactan1,Eastern Chat-Tanager,Eastern Chat-Tanager
bcptan1,Black-crowned Palm-tanager,Black-crowned Palm-Tanager
gcptan1,Grey-crowned Palm-tanager,Gray-crowned Palm-Tanager
x00901,Black-crowned x Grey-crowned Palm-tanager (hybrid),Black-crowned x Gray-crowned Palm-Tanager (hybrid)
y01166,Black-crowned/Grey-crowned Palm-tanager,Black-crowned/Gray-crowned Palm-Tanager
whwwar1,White-winged Warbler,White-winged Warbler
grtwar1,Green-tailed Warbler,Green-tailed Warbler
purtan1,Puerto Rican Tanager,Puerto Rican Tanager
wesspi,Western Spindalis,Western Spindalis
wesspi2,Western Spindalis (Bahamas Black-backed),Western Spindalis (Bahamas Black-backed)
wesspi3,Western Spindalis (Bahamas Green-backed),Western Spindalis (Bahamas Green-backed)
wesspi4,Western Spindalis (Cuban),Western Spindalis (Cuban)
wesspi5,Western Spindalis (Grand Cayman I.),Western Spindalis (Grand Cayman I.)
wesspi6,Western Spindalis (Cozumel I.),Western Spindalis (Cozumel I.)
jamspi,Jamaican Spindalis,Jamaican Spindalis
hisspi,Hispaniolan Spindalis,Hispaniolan Spindalis
purspi,Puerto Rican Spindalis,Puerto Rican Spindalis
wrenth1,Wrenthrush,Wrenthrush
yehwar1,Yellow-headed Warbler,Yellow-headed Warbler
oriwar1,Oriente Warbler,Oriente Warbler
x00935,Yellow-headed x Oriente Warbler (hybrid),Yellow-headed x Oriente Warbler (hybrid)
y01167,Yellow-headed/Oriente Warbler,Yellow-headed/Oriente Warbler
yebcha,Yellow-breasted Chat,Yellow-breasted Chat
yebcha1,Yellow-breasted Chat (virens),Yellow-breasted Chat (virens)
yebcha2,Yellow-breasted Chat (auricollis),Yellow-breasted Chat (auricollis)
yehbla,Yellow-headed Blackbird,Yellow-headed Blackbird
boboli,Bobolink,Bobolink
wesmea,Western Meadowlark,Western Meadowlark
easmea,Eastern Meadowlark,Eastern Meadowlark
easmea3,Eastern Meadowlark (Cuban),Eastern Meadowlark (Cuban)
easmea2,Eastern Meadowlark (Eastern),Eastern Meadowlark (Eastern)
x00827,Western x Eastern Meadowlark (hybrid),Western x Eastern Meadowlark (hybrid)
meadow,Western/Eastern Meadowlark,Western/Eastern Meadowlark
lilmea2,Chihuahuan Meadowlark,Chihuahuan Meadowlark
x01085,Western x Chihuahuan Meadowlark (hybrid),Western x Chihuahuan Meadowlark (hybrid)
y01183,Western/Chihuahuan Meadowlark,Western/Chihuahuan Meadowlark
y01184,Eastern/Chihuahuan Meadowlark,Eastern/Chihuahuan Meadowlark
stumea1,Sturnella meadowlark sp.,Sturnella meadowlark sp.
rebbla1,Red-breasted Meadowlark,Red-breasted Meadowlark
whbbla2,White-browed Meadowlark,White-browed Meadowlark
permea1,Peruvian Meadowlark,Peruvian Meadowlark
pammea1,Pampas Meadowlark,Pampas Meadowlark
lotmea1,Long-tailed Meadowlark,Long-tailed Meadowlark
lotmea6,Long-tailed Meadowlark (Sierran),Long-tailed Meadowlark (Sierran)
lotmea5,Long-tailed Meadowlark (Long-tailed),Long-tailed Meadowlark (Long-tailed)
leiste1,Leistes sp.,Leistes sp.
yebcac1,Yellow-billed Cacique,Yellow-billed Cacique
yebcac2,Yellow-billed Cacique (Prevost's),Yellow-billed Cacique (Prevost's)
yebcac3,Yellow-billed Cacique (Chapman's),Yellow-billed Cacique (Chapman's)
yewcac1,Mexican Cacique,Yellow-winged Cacique
ruboro1,Russet-backed Oropendola,Russet-backed Oropendola
ruboro2,Russet-backed Oropendola (Russet-backed),Russet-backed Oropendola (Russet-backed)
ruboro3,Russet-backed Oropendola (Green-billed),Russet-backed Oropendola (Green-billed)
dugoro1,Dusky-green Oropendola,Dusky-green Oropendola
greoro1,Green Oropendola,Green Oropendola
creoro1,Crested Oropendola,Crested Oropendola
chhoro1,Chestnut-headed Oropendola,Chestnut-headed Oropendola
monoro1,Montezuma Oropendola,Montezuma Oropendola
blaoro1,Black Oropendola,Black Oropendola
bauoro2,Baudo Oropendola,Baudo Oropendola
olioro1,Olive Oropendola,Olive Oropendola
olioro2,Olive Oropendola (Amazonian),Olive Oropendola (Amazonian)
olioro3,Olive Oropendola (Para),Olive Oropendola (Para)
oropen1,oropendola sp.,oropendola sp.
sobcac1,Solitary Cacique,Solitary Black Cacique
gowcac1,Golden-winged Cacique,Golden-winged Cacique
ecucac1,Ecuadorian Cacique,Ecuadorian Cacique
selcac1,Selva Cacique,Selva Cacique
scrcac1,Scarlet-rumped/Subtropical Cacique,Scarlet-rumped Cacique
scrcac2,Scarlet-rumped Cacique (Scarlet-rumped),Scarlet-rumped Cacique (Scarlet-rumped)
scrcac3,Scarlet-rumped Cacique (Pacific),Scarlet-rumped Cacique (Pacific)
scrcac4,Subtropical Cacique,Scarlet-rumped Cacique (Subtropical)
yercac1,Yellow-rumped Cacique,Yellow-rumped Cacique
yercac3,Yellow-rumped Cacique (Western),Yellow-rumped Cacique (Western)
yercac2,Yellow-rumped Cacique (Amazonian),Yellow-rumped Cacique (Amazonian)
moucac1,Northern/Southern Mountain Cacique,Mountain Cacique
moucac2,Northern Mountain Cacique,Mountain Cacique (Golden-shouldered)
moucac3,Southern Mountain Cacique,Mountain Cacique (Bolivian)
batoro1,Band-tailed Cacique,Band-tailed Cacique
rercac1,Red-rumped Cacique,Red-rumped Cacique
casoro2,Casqued Cacique,Casqued Cacique
caciqu1,cacique sp.,cacique sp.
graori1,Hispaniolan Oriole,Hispaniolan Oriole
graori2,Cuban Oriole,Cuban Oriole
graori3,Bahama Oriole,Bahama Oriole
graori4,Puerto Rican Oriole,Puerto Rican Oriole
stlori1,St. Lucia Oriole,St. Lucia Oriole
monori1,Montserrat Oriole,Montserrat Oriole
marori1,Martinique Oriole,Martinique Oriole
bkvori,Black-vented Oriole,Black-vented Oriole
bawori1,Bar-winged Oriole,Bar-winged Oriole
bkcori,Black-cowled Oriole,Black-cowled Oriole
orcori,Orchard Oriole,Orchard Oriole
orcori2,Orchard Oriole (Orchard),Orchard Oriole (Orchard)
orcori3,Orchard Oriole (Fuertes's),Orchard Oriole (Fuertes's)
hooori,Hooded Oriole,Hooded Oriole
hooori2,Hooded Oriole (cucullatus/sennetti),Hooded Oriole (cucullatus/sennetti)
hooori1,Hooded Oriole (nelsoni Group),Hooded Oriole (nelsoni Group)
hooori3,Hooded Oriole (igneus),Hooded Oriole (igneus)
x00478,Yellow-breasted Chat x Hooded Oriole (hybrid),Yellow-breasted Chat x Hooded Oriole (hybrid)
x01167,Orchard x Hooded Oriole (hybrid),Orchard x Hooded Oriole (hybrid)
y00488,Orchard/Hooded Oriole,Orchard/Hooded Oriole
yebori1,Yellow-backed Oriole,Yellow-backed Oriole
orcori1,Orange-crowned Oriole,Orange-crowned Oriole
wheori1,White-edged Oriole,White-edged Oriole
yetori1,Yellow-tailed Oriole,Yellow-tailed Oriole
y00927,White-edged/Yellow-tailed Oriole,White-edged/Yellow-tailed Oriole
epaori1,Epaulet Oriole,Epaulet Oriole
epaori2,Epaulet Oriole (Moriche),Epaulet Oriole (Moriche)
epaori3,Epaulet Oriole (Epaulet),Epaulet Oriole (Epaulet)
epaori4,Variable Oriole,Variable Oriole
varori2,Variable Oriole (Yellow-shouldered),Variable Oriole (Yellow-shouldered)
varori1,Variable Oriole (Chestnut-shouldered),Variable Oriole (Chestnut-shouldered)
ventro1,Venezuelan Troupial,Venezuelan Troupial
camtro1,Campo Troupial,Campo Troupial
orbtro3,Orange-backed Troupial,Orange-backed Troupial
troupi1,troupial sp.,troupial sp.
stbori,Streak-backed Oriole,Streak-backed Oriole
stbori1,Streak-backed Oriole (West Mexican),Streak-backed Oriole (West Mexican)
stbori3,Streak-backed Oriole (Streak-backed),Streak-backed Oriole (Streak-backed)
stbori2,Streak-backed Oriole (Tres Marias Is.),Streak-backed Oriole (Tres Marias Is.)
x00490,Black-vented x Streak-backed Oriole (hybrid),Black-vented x Streak-backed Oriole (hybrid)
bulori,Bullock's Oriole,Bullock's Oriole
x01215,Hooded x Bullock's Oriole (hybrid),Hooded x Bullock's Oriole (hybrid)
oraori1,Orange Oriole,Orange Oriole
jamori1,Jamaican Oriole,Jamaican Oriole
yelori1,Yellow Oriole,Yellow Oriole
spbori,Spot-breasted Oriole,Spot-breasted Oriole
altori,Altamira Oriole,Altamira Oriole
audori,Audubon's Oriole,Audubon's Oriole
audori1,Audubon's Oriole (Audubon's),Audubon's Oriole (Audubon's)
audori2,Audubon's Oriole (Dickey's),Audubon's Oriole (Dickey's)
x00449,Altamira x Audubon's Oriole (hybrid),Altamira x Audubon's Oriole (hybrid)
balori,Baltimore Oriole,Baltimore Oriole
x00013,Bullock's x Baltimore Oriole (hybrid),Bullock's x Baltimore Oriole (hybrid)
y00022,Bullock's/Baltimore Oriole,Bullock's/Baltimore Oriole
blbori1,Black-backed Oriole,Black-backed Oriole
x00903,Bullock's x Black-backed Oriole (hybrid),Bullock's x Black-backed Oriole (hybrid)
y00630,Bullock's/Black-backed Oriole,Bullock's/Black-backed Oriole
scoori,Scott's Oriole,Scott's Oriole
oriole,new world oriole sp.,new world oriole sp.
jambla1,Jamaican Blackbird,Jamaican Blackbird
rewbla,Red-winged Blackbird,Red-winged Blackbird
rewbla1,Red-winged Blackbird (Red-winged),Red-winged Blackbird (Red-winged)
rewbla2,Red-winged Blackbird (California Bicolored),Red-winged Blackbird (California Bicolored)
rewbla3,Red-winged Blackbird (Mexican Bicolored),Red-winged Blackbird (Mexican Bicolored)
resbla1,Red-shouldered Blackbird,Red-shouldered Blackbird
tribla,Tricolored Blackbird,Tricolored Blackbird
y00651,Red-winged/Tricolored Blackbird,Red-winged/Tricolored Blackbird
tasbla,Tawny-shouldered Blackbird,Tawny-shouldered Blackbird
y00926,Red-shouldered/Tawny-shouldered Blackbird,Red-shouldered/Tawny-shouldered Blackbird
yesbla1,Yellow-shouldered Blackbird,Yellow-shouldered Blackbird
scrcow1,Screaming Cowbird,Screaming Cowbird
shicow,Shiny Cowbird,Shiny Cowbird
y00828,Screaming/Shiny Cowbird,Screaming/Shiny Cowbird
brocow,Bronzed/Bronze-brown Cowbird,Bronzed Cowbird
brocow1,Bronzed Cowbird,Bronzed Cowbird (Bronzed)
brocow2,Bronze-brown Cowbird,Bronzed Cowbird (Bronze-brown)
y01117,Shiny/Bronzed/Bronze-brown Cowbird,Shiny/Bronzed Cowbird
bnhcow,Brown-headed Cowbird,Brown-headed Cowbird
y00336,Shiny/Brown-headed Cowbird,Shiny/Brown-headed Cowbird
y00337,Bronzed/Brown-headed Cowbird,Bronzed/Brown-headed Cowbird
giacow,Giant Cowbird,Giant Cowbird
melbla1,Melodious Blackbird,Melodious Blackbird
scrbla1,Scrub Blackbird,Scrub Blackbird
cubbla,Cuban Blackbird,Cuban Blackbird
rusbla,Rusty Blackbird,Rusty Blackbird
brebla,Brewer's Blackbird,Brewer's Blackbird
y00227,Rusty/Brewer's Blackbird,Rusty/Brewer's Blackbird
comgra,Common Grackle,Common Grackle
comgra1,Common Grackle (Florida/Purple),Common Grackle (Florida/Purple)
comgra3,Common Grackle (Purple),Common Grackle (Purple)
comgra4,Common Grackle (Florida),Common Grackle (Florida)
comgra2,Common Grackle (Bronzed),Common Grackle (Bronzed)
botgra,Boat-tailed Grackle,Boat-tailed Grackle
botgra1,Boat-tailed Grackle (major),Boat-tailed Grackle (major)
botgra2,Boat-tailed Grackle (torreyi/alabamensis),Boat-tailed Grackle (torreyi/alabamensis)
botgra3,Boat-tailed Grackle (westoni),Boat-tailed Grackle (westoni)
grtgra,Great-tailed Grackle,Great-tailed Grackle
grtgra1,Great-tailed Grackle (Western),Great-tailed Grackle (Western)
grtgra2,Great-tailed Grackle (Great-tailed),Great-tailed Grackle (Great-tailed)
x00753,Brewer's Blackbird x Great-tailed Grackle (hybrid),Brewer's Blackbird x Great-tailed Grackle (hybrid)
x00479,Common x Great-tailed Grackle (hybrid),Common x Great-tailed Grackle (hybrid)
x00977,Boat-tailed x Great-tailed Grackle (hybrid),Boat-tailed x Great-tailed Grackle (hybrid)
y00629,Boat-tailed/Great-tailed Grackle,Boat-tailed/Great-tailed Grackle
slbgra1,Slender-billed Grackle,Slender-billed Grackle
nicgra1,Nicaraguan Grackle,Nicaraguan Grackle
gragra1,Greater Antillean Grackle,Greater Antillean Grackle
cargra1,Carib Grackle,Carib Grackle
cargra11,Carib Grackle (Carib),Carib Grackle (Carib)
cargra7,Carib Grackle (Barbados),Carib Grackle (Barbados)
grackl,grackle sp.,grackle sp.
rebgra1,Red-bellied Grackle,Red-bellied Grackle
vefgra1,Velvet-fronted Grackle,Velvet-fronted Grackle
oribla1,Oriole Blackbird,Oriole Blackbird
mougra1,Colombian Mountain Grackle,Mountain Grackle
gotgra1,Golden-tufted Mountain Grackle,Golden-tufted Grackle
ausbla1,Austral Blackbird,Austral Blackbird
schbla1,Scarlet-headed Blackbird,Scarlet-headed Blackbird
forbla1,Forbes's Blackbird,Forbes's Blackbird
chobla1,Chopi Blackbird,Chopi Blackbird
bolbla1,Bolivian Blackbird,Bolivian Blackbird
bawcow4,Greyish Baywing,Grayish Baywing
bawcow3,Pale Baywing,Pale Baywing
bawcow2,Greyish/Pale Baywing,Grayish/Pale Baywing
paebla2,Pale-eyed Blackbird,Pale-eyed Blackbird
unibla2,Unicolored Blackbird,Unicolored Blackbird
unibla1,Unicolored Blackbird (Azara's),Unicolored Blackbird (Azara's)
unibla3,Unicolored Blackbird (Yellow-breasted),Unicolored Blackbird (Yellow-breasted)
yewbla2,Yellow-winged Blackbird,Yellow-winged Blackbird
chcbla2,Chestnut-capped Blackbird,Chestnut-capped Blackbird
yehbla2,Yellow-hooded Blackbird,Yellow-hooded Blackbird
sacbla2,Saffron-cowled Blackbird,Saffron-cowled Blackbird
yermar1,Yellow-rumped Marshbird,Yellow-rumped Marshbird
baymar1,Brown-and-yellow Marshbird,Brown-and-yellow Marshbird
blackb,blackbird sp.,blackbird sp.
ovenbi1,Ovenbird,Ovenbird
woewar1,Worm-eating Warbler,Worm-eating Warbler
y00432,Chipping Sparrow/Worm-eating Warbler,Chipping Sparrow/Worm-eating Warbler
louwat,Louisiana Waterthrush,Louisiana Waterthrush
norwat,Northern Waterthrush,Northern Waterthrush
y00598,Louisiana/Northern Waterthrush,Louisiana/Northern Waterthrush
bacwar,Bachman's Warbler,Bachman's Warbler
gowwar,Golden-winged Warbler,Golden-winged Warbler
buwwar,Blue-winged Warbler,Blue-winged Warbler
x00669,Golden-winged x Blue-winged Warbler (hybrid),Golden-winged x Blue-winged Warbler (hybrid)
brewar,Brewster's Warbler (hybrid),Brewster's Warbler (hybrid)
lawwar,Lawrence's Warbler (hybrid),Lawrence's Warbler (hybrid)
y00665,Golden-winged/Blue-winged Warbler,Golden-winged/Blue-winged Warbler
bawwar,Black-and-white Warbler,Black-and-white Warbler
prowar,Prothonotary Warbler,Prothonotary Warbler
swawar,Swainson's Warbler,Swainson's Warbler
crcwar,Crescent-chested Warbler,Crescent-chested Warbler
fltwar1,Flame-throated Warbler,Flame-throated Warbler
tenwar,Tennessee Warbler,Tennessee Warbler
orcwar,Orange-crowned Warbler,Orange-crowned Warbler
orcwar5,Orange-crowned Warbler (Grey-headed),Orange-crowned Warbler (Gray-headed)
orcwar1,Orange-crowned Warbler (celata),Orange-crowned Warbler (celata)
orcwar2,Orange-crowned Warbler (orestera),Orange-crowned Warbler (orestera)
orcwar3,Orange-crowned Warbler (lutescens),Orange-crowned Warbler (lutescens)
orcwar4,Orange-crowned Warbler (sordida),Orange-crowned Warbler (sordida)
colwar,Colima Warbler,Colima Warbler
lucwar,Lucy's Warbler,Lucy's Warbler
naswar,Nashville Warbler,Nashville Warbler
naswar1,Nashville Warbler (ruficapilla),Nashville Warbler (ruficapilla)
naswar2,Nashville Warbler (ridgwayi),Nashville Warbler (ridgwayi)
x01013,Tennessee x Nashville Warbler (hybrid),Tennessee x Nashville Warbler (hybrid)
x00819,Orange-crowned x Nashville Warbler (hybrid),Orange-crowned x Nashville Warbler (hybrid)
virwar,Virginia's Warbler,Virginia's Warbler
x00638,Colima x Virginia's Warbler (hybrid),Colima x Virginia's Warbler (hybrid)
y01253,Colima/Virginia's Warbler,Colima/Virginia's Warbler
vermiv1,Leiothlypis sp.,Leiothlypis sp.
semwar1,Semper's Warbler,Semper's Warbler
conwar,Connecticut Warbler,Connecticut Warbler
gycyel,Grey-crowned Yellowthroat,Gray-crowned Yellowthroat
masyel2,Masked Yellowthroat,Masked Yellowthroat
masyel4,Black-lored Yellowthroat,Black-lored Yellowthroat
masyel5,Southern Yellowthroat,Southern Yellowthroat
masyel1,masked yellowthroat sp.,masked yellowthroat sp.
macwar,MacGillivray's Warbler,MacGillivray's Warbler
mouwar,Mourning Warbler,Mourning Warbler
x00746,Connecticut x Mourning Warbler (hybrid),Connecticut x Mourning Warbler (hybrid)
x00699,MacGillivray's x Mourning Warbler (hybrid),MacGillivray's x Mourning Warbler (hybrid)
oporor1,Connecticut/MacGillivray's/Mourning Warbler,Connecticut/MacGillivray's/Mourning Warbler
y00628,MacGillivray's/Mourning Warbler,MacGillivray's/Mourning Warbler
kenwar,Kentucky Warbler,Kentucky Warbler
x00747,Mourning x Kentucky Warbler (hybrid),Mourning x Kentucky Warbler (hybrid)
olcyel1,Olive-crowned/Chiriqui Yellowthroat,Olive-crowned Yellowthroat
olcyel2,Olive-crowned Yellowthroat (Baird's),Olive-crowned Yellowthroat (Baird's)
masyel3,Chiriqui Yellowthroat,Olive-crowned Yellowthroat (Chiriqui)
olcyel3,Olive-crowned Yellowthroat (Olive-crowned),Olive-crowned Yellowthroat (Olive-crowned)
blpyel1,Black-polled Yellowthroat,Black-polled Yellowthroat
belyel1,Belding's Yellowthroat,Belding's Yellowthroat
bahyel1,Bahama Yellowthroat,Bahama Yellowthroat
altyel1,Altamira Yellowthroat,Altamira Yellowthroat
comyel,Common Yellowthroat,Common Yellowthroat
comyel1,Common Yellowthroat (arizela Group),Common Yellowthroat (arizela Group)
comyel2,Common Yellowthroat (melanops Group),Common Yellowthroat (melanops Group)
comyel3,Common Yellowthroat (trichas Group),Common Yellowthroat (trichas Group)
comyel5,Common Yellowthroat (insperata),Common Yellowthroat (insperata)
comyel4,Common Yellowthroat (chapalensis),Common Yellowthroat (chapalensis)
x00748,Grey-crowned x Common Yellowthroat (hybrid),Gray-crowned x Common Yellowthroat (hybrid)
x00700,MacGillivray's Warbler x Common Yellowthroat (hybrid),MacGillivray's Warbler x Common Yellowthroat (hybrid)
x00749,Mourning Warbler x Common Yellowthroat (hybrid),Mourning Warbler x Common Yellowthroat (hybrid)
x01014,Kentucky Warbler x Common Yellowthroat (hybrid),Kentucky Warbler x Common Yellowthroat (hybrid)
hooyel1,Hooded Yellowthroat,Hooded Yellowthroat
yellow7,yellowthroat sp.,yellowthroat sp.
whiwar1,Whistling Warbler,Whistling Warbler
pluwar1,Plumbeous Warbler,Plumbeous Warbler
elwwar1,Elfin Woods Warbler,Elfin-woods Warbler
arrwar1,Arrowhead Warbler,Arrowhead Warbler
hoowar,Hooded Warbler,Hooded Warbler
amered,American Redstart,American Redstart
kirwar,Kirtland's Warbler,Kirtland's Warbler
camwar,Cape May Warbler,Cape May Warbler
cerwar,Cerulean Warbler,Cerulean Warbler
x00480,Blue-winged x Cerulean Warbler (hybrid),Blue-winged x Cerulean Warbler (hybrid)
norpar,Northern Parula,Northern Parula
x00750,American Redstart x Northern Parula (hybrid),American Redstart x Northern Parula (hybrid)
x00711,Cerulean Warbler x Northern Parula (hybrid),Cerulean Warbler x Northern Parula (hybrid)
tropar,Tropical Parula,Tropical Parula
tropar1,Tropical Parula (Northeast Mexico),Tropical Parula (Northeast Mexico)
tropar2,Tropical Parula (West Mexico),Tropical Parula (West Mexico)
tropar3,Tropical Parula (Tres Marias Is.),Tropical Parula (Tres Marias Is.)
tropar4,Tropical Parula (Socorro I.),Tropical Parula (Socorro I.)
tropar5,Tropical Parula (Middle American),Tropical Parula (Middle American)
tropar7,Tropical Parula (Coiba I.),Tropical Parula (Coiba I.)
tropar9,Tropical Parula (South American),Tropical Parula (South American)
x00203,Northern x Tropical Parula (hybrid),Northern x Tropical Parula (hybrid)
y00827,Northern/Tropical Parula,Northern/Tropical Parula
magwar,Magnolia Warbler,Magnolia Warbler
x00820,Nashville x Magnolia Warbler (hybrid),Nashville x Magnolia Warbler (hybrid)
x01072,American Redstart x Magnolia Warbler (hybrid),American Redstart x Magnolia Warbler (hybrid)
x01073,Cape May x Magnolia Warbler (hybrid),Cape May x Magnolia Warbler (hybrid)
babwar,Bay-breasted Warbler,Bay-breasted Warbler
bkbwar,Blackburnian Warbler,Blackburnian Warbler
x01250,Black-and-white x Blackburnian Warbler (hybrid),Black-and-white x Blackburnian Warbler (hybrid)
x00821,Bay-breasted x Blackburnian Warbler (hybrid),Bay-breasted x Blackburnian Warbler (hybrid)
yelwar1,American Yellow Warbler,Northern Yellow Warbler
x00701,Common Yellowthroat x American Yellow Warbler (hybrid),Common Yellowthroat x Northern Yellow Warbler (hybrid)
x00822,Hooded x American Yellow Warbler (hybrid),Hooded x Northern Yellow Warbler (hybrid)
x00481,American Redstart x American Yellow Warbler (hybrid),American Redstart x Northern Yellow Warbler (hybrid)
manwar1,Mangrove Warbler,Mangrove Yellow Warbler
maywar2,Mangrove Warbler (Mexican),Mangrove Yellow Warbler (Mexican)
maywar1,Mangrove Warbler (Panama),Mangrove Yellow Warbler (Panama)
yelwar21,Mangrove Warbler (Ecuadorian),Mangrove Yellow Warbler (Ecuadorian)
yelwar3,Mangrove Warbler (Galapagos),Mangrove Yellow Warbler (Galapagos)
yelwar22,Mangrove Warbler (Cozumel),Mangrove Yellow Warbler (Cozumel)
maywar3,Mangrove Warbler (San Andres),Mangrove Yellow Warbler (San Andres)
yelwar2,Mangrove Warbler (Greater Antillean),Mangrove Yellow Warbler (Greater Antillean)
maywar4,Mangrove Warbler (Lesser Antillean),Mangrove Yellow Warbler (Lesser Antillean)
yelwar31,Mangrove Warbler (Martinique),Mangrove Yellow Warbler (Martinique)
yelwar4,Mangrove Warbler (Mexican x Cozumel),Mangrove Yellow Warbler (Mexican x Cozumel)
yelwar,American Yellow/Mangrove Warbler,Northern/Mangrove Yellow Warbler
chswar,Chestnut-sided Warbler,Chestnut-sided Warbler
x01162,Brewster's x Chestnut-sided Warbler (hybrid),Brewster's x Chestnut-sided Warbler (hybrid)
x01216,Black-and-white x Chestnut-sided Warbler (hybrid),Black-and-white x Chestnut-sided Warbler (hybrid)
x01163,American Redstart x Chestnut-sided Warbler (hybrid),American Redstart x Chestnut-sided Warbler (hybrid)
x00772,Magnolia x Chestnut-sided Warbler (hybrid),Magnolia x Chestnut-sided Warbler (hybrid)
bkpwar,Blackpoll Warbler,Blackpoll Warbler
x00894,Bay-breasted x Blackpoll Warbler (hybrid),Bay-breasted x Blackpoll Warbler (hybrid)
y00627,Bay-breasted/Blackpoll Warbler,Bay-breasted/Blackpoll Warbler
btbwar,Black-throated Blue Warbler,Black-throated Blue Warbler
x00482,Cerulean x Black-throated Blue Warbler (hybrid),Cerulean x Black-throated Blue Warbler (hybrid)
x00978,Magnolia x Black-throated Blue Warbler (hybrid),Magnolia x Black-throated Blue Warbler (hybrid)
x01015,American Yellow x Black-throated Blue Warbler (hybrid),Northern Yellow x Black-throated Blue Warbler (hybrid)
x00483,Chestnut-sided x Black-throated Blue Warbler (hybrid),Chestnut-sided x Black-throated Blue Warbler (hybrid)
palwar,Palm Warbler,Palm Warbler
palwar3,Palm Warbler (Western),Palm Warbler (Western)
palwar4,Palm Warbler (Yellow),Palm Warbler (Yellow)
x00979,Magnolia x Palm Warbler (hybrid),Magnolia x Palm Warbler (hybrid)
olcwar1,Olive-capped Warbler,Olive-capped Warbler
pinwar,Pine Warbler,Pine Warbler
y00433,Dark-eyed Junco/Pine Warbler,Dark-eyed Junco/Pine Warbler
yerwar,Myrtle/Audubon's Warbler,Yellow-rumped Warbler
myrwar,Myrtle Warbler,Yellow-rumped Warbler (Myrtle)
audwar,Audubon's Warbler (Audubon's),Yellow-rumped Warbler (Audubon's)
yerwar3,Myrtle x Audubon's Warbler (hybrid),Yellow-rumped Warbler (Myrtle x Audubon's)
yerwar1,Audubon's Warbler (West Mexico),Yellow-rumped Warbler (West Mexico)
yerwar2,Goldman's Warbler,Yellow-rumped Warbler (Goldman's)
x00980,Cape May x Myrtle Warbler (hybrid),Cape May x Yellow-rumped Warbler (hybrid)
x01251,Northern Parula x Myrtle Warbler (hybrid),Northern Parula x Yellow-rumped Warbler (hybrid)
x00773,Magnolia x Myrtle Warbler (hybrid),Magnolia x Yellow-rumped Warbler (hybrid)
x01252,Chestnut-sided x Myrtle Warbler (hybrid),Chestnut-sided x Yellow-rumped Warbler (hybrid)
x01202,Black-throated Blue x Myrtle Warbler (hybrid),Black-throated Blue x Yellow-rumped Warbler (hybrid)
x00461,Palm x Myrtle Warbler (hybrid),Palm x Yellow-rumped Warbler (hybrid)
yetwar,Yellow-throated Warbler,Yellow-throated Warbler
yetwar1,Yellow-throated Warbler (albilora),Yellow-throated Warbler (albilora)
yetwar2,Yellow-throated Warbler (dominica/stoddardi),Yellow-throated Warbler (dominica/stoddardi)
sutwar,Northern Parula x Yellow-throated Warbler (hybrid),Northern Parula x Yellow-throated Warbler (hybrid)
x01128,Pine x Yellow-throated Warbler (hybrid),Pine x Yellow-throated Warbler (hybrid)
x00937,Myrtle x Yellow-throated Warbler (hybrid),Yellow-rumped x Yellow-throated Warbler (hybrid)
x01175,Cerulean x Yellow-throated Warbler (hybrid),Cerulean x Yellow-throated Warbler (hybrid)
yetwar3,Bahama Warbler,Bahama Warbler
vitwar1,Vitelline Warbler,Vitelline Warbler
prawar,Prairie Warbler,Prairie Warbler
x00719,Blue-winged x Prairie Warbler (hybrid),Blue-winged x Prairie Warbler (hybrid)
x00866,American Yellow x Prairie Warbler (hybrid),Northern Yellow x Prairie Warbler (hybrid)
x01203,American Redstart x Prairie Warbler (hybrid),American Redstart x Prairie Warbler (hybrid)
adewar1,Adelaide's Warbler,Adelaide's Warbler
barwar,Barbuda Warbler,Barbuda Warbler
stlwar,St. Lucia Warbler,St. Lucia Warbler
grawar,Grace's Warbler,Grace's Warbler
x00484,Audubon's x Grace's Warbler (hybrid),Yellow-rumped x Grace's Warbler (hybrid)
btywar,Black-throated Grey Warbler,Black-throated Gray Warbler
x01081,Northern Parula x Black-throated Grey Warbler (hybrid),Northern Parula x Black-throated Gray Warbler (hybrid)
x00895,Audubon's x Black-throated Grey Warbler (hybrid),Yellow-rumped x Black-throated Gray Warbler (hybrid)
x00639,Grace's x Black-throated Grey Warbler (hybrid),Grace's x Black-throated Gray Warbler (hybrid)
towwar,Townsend's Warbler,Townsend's Warbler
x00624,Audubon's x Townsend's Warbler (hybrid),Yellow-rumped x Townsend's Warbler (hybrid)
x00867,Black-throated Grey x Townsend's Warbler (hybrid),Black-throated Gray x Townsend's Warbler (hybrid)
y01014,Black-throated Grey/Townsend's Warbler,Black-throated Gray/Townsend's Warbler
herwar,Hermit Warbler,Hermit Warbler
x01074,Audubon's x Hermit Warbler (hybrid),Yellow-rumped x Hermit Warbler (hybrid)
x00485,Black-throated Grey x Hermit Warbler (hybrid),Black-throated Gray x Hermit Warbler (hybrid)
x00059,Townsend's x Hermit Warbler (hybrid),Townsend's x Hermit Warbler (hybrid)
y00605,Black-throated Grey/Hermit Warbler,Black-throated Gray/Hermit Warbler
y01254,Black-throated Grey/Townsend's/Hermit Warbler,Black-throated Gray/Townsend's/Hermit Warbler
y00645,Townsend's/Hermit Warbler,Townsend's/Hermit Warbler
gchwar,Golden-cheeked Warbler,Golden-cheeked Warbler
btnwar,Black-throated Green Warbler,Black-throated Green Warbler
x00486,Myrtle x Black-throated Green Warbler (hybrid),Yellow-rumped x Black-throated Green Warbler (hybrid)
x00664,Townsend's x Black-throated Green Warbler (hybrid),Townsend's x Black-throated Green Warbler (hybrid)
dendro3,Setophaga sp.,Setophaga sp.
fatwar,Fan-tailed Warbler,Fan-tailed Warbler
rucwar,Rufous-capped Warbler,Rufous-capped Warbler
rucwar2,Rufous-capped Warbler (rufifrons Group),Rufous-capped Warbler (rufifrons Group)
rucwar3,Rufous-capped Warbler (salvini),Rufous-capped Warbler (salvini)
x00751,Common Yellowthroat x Rufous-capped Warbler (hybrid),Common Yellowthroat x Rufous-capped Warbler (hybrid)
rucwar4,Chestnut-capped Warbler,Chestnut-capped Warbler
y00434,Rufous-capped/Chestnut-capped Warbler,Rufous-capped/Chestnut-capped Warbler
blcwar1,Black-cheeked Warbler,Black-cheeked Warbler
azuwar1,Azuero Warbler (undescribed form),Azuero Warbler (undescribed form)
pirwar1,Pirre Warbler,Pirre Warbler
gobwar1,Golden-browed Warbler,Golden-browed Warbler
gcrwar,Golden-crowned Warbler,Golden-crowned Warbler
gocwar1,Golden-crowned Warbler (Stripe-crowned),Golden-crowned Warbler (Stripe-crowned)
gocwar3,Golden-crowned Warbler (Cabanis's),Golden-crowned Warbler (Cabanis's)
gocwar2,Golden-crowned Warbler (Golden-crowned),Golden-crowned Warbler (Golden-crowned)
whbwar1,Golden-crowned Warbler (White-bellied),Golden-crowned Warbler (White-bellied)
thswar5,Black-eared Warbler,Costa Rican Warbler
thswar9,Tacarcuna Warbler,Tacarcuna Warbler
thswar1,Three-striped Warbler,Three-striped Warbler
thswar3,Three-striped Warbler (San Lucas),Three-striped Warbler (San Lucas)
thswar6,Three-striped Warbler (daedalus),Three-striped Warbler (daedalus)
thswar4,Three-striped Warbler (auricularis),Three-striped Warbler (auricularis)
thswar7,Three-striped Warbler (Venezuelan),Three-striped Warbler (Venezuelan)
thswar8,Three-striped Warbler (Paria),Three-striped Warbler (Paria)
thswar10,Three-striped Warbler (Three-striped),Three-striped Warbler (Three-striped)
thswar2,Yungas Warbler,Yungas Warbler
thbwar2,Three-banded Warbler,Three-banded Warbler
basile1,Basileuterus sp.,Basileuterus sp.
gyhwar1,Grey-headed Warbler,Gray-headed Warbler
samwar1,Santa Marta Warbler,Santa Marta Warbler
citwar1,Citrine Warbler,Citrine Warbler
citwar2,Citrine Warbler (Northern),Citrine Warbler (Northern)
citwar3,Citrine Warbler (Peruvian),Citrine Warbler (Peruvian)
citwar4,Citrine Warbler (Bolivian),Citrine Warbler (Bolivian)
whswar2,White-striped Warbler,White-striped Warbler
flawar1,Flavescent Warbler,Flavescent Warbler
x00487,Golden-crowned x Flavescent Warbler (hybrid),Golden-crowned x Flavescent Warbler (hybrid)
whbwar2,White-rimmed Warbler,White-browed Warbler
palwar1,Pale-legged Warbler,Pale-legged Warbler
blcwar2,Black-crested Warbler,Black-crested Warbler
burwar1,Buff-rumped Warbler,Buff-rumped Warbler
rivwar1,Riverbank Warbler,Riverbank Warbler
rivwar2,Riverbank Warbler (Northern),Riverbank Warbler (Northern)
rivwar5,Riverbank Warbler (Bolivian),Riverbank Warbler (Bolivian)
rivwar4,Riverbank Warbler (Southern),Riverbank Warbler (Southern)
twbwar1,Two-banded/Roraiman Warbler,Two-banded Warbler
twbwar2,Roraiman Warbler,Two-banded Warbler (Roraiman)
twbwar3,Two-banded Warbler,Two-banded Warbler (Two-banded)
gobwar4,Choco Warbler,Choco Warbler
gobwar3,Cuzco Warbler,Cuzco Warbler
gytwar1,Grey-throated Warbler,Gray-throated Warbler
whlwar1,White-lored Warbler,White-lored Warbler
gagwar2,Grey-and-gold Warbler,Gray-and-gold Warbler
rucwar1,Russet-crowned Warbler,Russet-crowned Warbler
myioth1,Myiothlypis sp.,Myiothlypis sp.
canwar,Canada Warbler,Canada Warbler
x01253,Black-throated Blue x Canada Warbler (hybrid),Black-throated Blue x Canada Warbler (hybrid)
wlswar,Wilson's Warbler,Wilson's Warbler
wilwar1,Wilson's Warbler (pileolata),Wilson's Warbler (pileolata)
wilwar2,Wilson's Warbler (pusilla),Wilson's Warbler (pusilla)
wilwar3,Wilson's Warbler (chryseola),Wilson's Warbler (chryseola)
refwar,Red-faced Warbler,Red-faced Warbler
redwar1,Red Warbler,Red Warbler
redwar2,Red Warbler (Grey-cheeked),Red Warbler (Gray-cheeked)
redwar3,Red Warbler (White-cheeked),Red Warbler (White-cheeked)
pihwar1,Pink-headed Warbler,Pink-headed Warbler
paired,Painted Whitestart,Painted Redstart
sltred,Slate-throated Whitestart,Slate-throated Redstart
x00896,Painted x Slate-throated Whitestart (hybrid),Painted x Slate-throated Redstart (hybrid)
brcred1,Brown-capped Whitestart,Brown-capped Redstart
tepred1,Tepui Whitestart,Tepui Redstart
parred1,Paria Whitestart,Paria Redstart
sabred1,Guaiquinima Whitestart,Saffron-breasted Redstart
whfred1,White-faced Whitestart,White-faced Redstart
colred1,Collared Whitestart,Collared Redstart
yecred1,Yellow-crowned Whitestart,Yellow-crowned Redstart
gofred1,Golden-fronted Whitestart,Golden-fronted Redstart
gofred2,Golden-fronted Whitestart (Golden-fronted),Golden-fronted Redstart (Golden-fronted)
gofred3,Golden-fronted Whitestart (Yellow-fronted),Golden-fronted Redstart (Yellow-fronted)
spered1,Spectacled Whitestart,Spectacled Redstart
x00868,Golden-fronted x Spectacled Whitestart (hybrid),Golden-fronted x Spectacled Redstart (hybrid)
y01168,Golden-fronted/Spectacled Whitestart,Golden-fronted/Spectacled Redstart
whfred2,White-fronted Whitestart,White-fronted Redstart
myiobo1,Myioborus sp.,Myioborus sp.
warble,new world warbler sp.,new world warbler sp.
y00435,sparrow/warbler sp. (trilling song),sparrow/warbler sp. (trilling song)
duftan1,Dusky-faced Tanager,Dusky-faced Tanager
olbtan1,Olive-backed Tanager,Olive-backed Tanager
rbptan1,Red-billed Pied Tanager,Red-billed Pied Tanager
olgtan1,Olive-green Tanager,Olive-green Tanager
rottan1,Rose-throated Tanager,Rose-throated Tanager
heptan,Hepatic/Tooth-billed/Red Tanager,Hepatic Tanager
heptan1,Hepatic Tanager,Hepatic Tanager (Northern)
heptan2,Tooth-billed Tanager,Hepatic Tanager (Highland)
heptan3,Red Tanager,Hepatic Tanager (Lowland)
sumtan,Summer Tanager,Summer Tanager
y00924,Hepatic/Summer Tanager,Hepatic/Summer Tanager
scatan,Scarlet Tanager,Scarlet Tanager
x01079,Summer x Scarlet Tanager (hybrid),Summer x Scarlet Tanager (hybrid)
y00925,Summer/Scarlet Tanager,Summer/Scarlet Tanager
westan,Western Tanager,Western Tanager
x00824,Summer x Western Tanager (hybrid),Summer x Western Tanager (hybrid)
x00825,Scarlet x Western Tanager (hybrid),Scarlet x Western Tanager (hybrid)
flctan,Flame-colored Tanager,Flame-colored Tanager
x00826,Hepatic x Flame-colored Tanager (hybrid),Hepatic x Flame-colored Tanager (hybrid)
x00444,Western x Flame-colored Tanager (hybrid),Western x Flame-colored Tanager (hybrid)
whwtan1,White-winged Tanager,White-winged Tanager
rehtan1,Red-headed Tanager,Red-headed Tanager
rehtan2,Red-hooded Tanager,Red-hooded Tanager
pirang1,tanager sp. (Piranga sp.),tanager sp. (Piranga sp.)
rcatan1,Red-crowned Ant Tanager,Red-crowned Ant-Tanager
recant5,Red-crowned Ant Tanager (West Mexican),Red-crowned Ant-Tanager (West Mexican)
recant6,Red-crowned Ant Tanager (Oaxaca),Red-crowned Ant-Tanager (Oaxaca)
recant4,Red-crowned Ant Tanager (East Mexican),Red-crowned Ant-Tanager (East Mexican)
recant1,Red-crowned Ant Tanager (rubicoides Group),Red-crowned Ant-Tanager (rubicoides Group)
recant10,Red-crowned Ant Tanager (Isthmian),Red-crowned Ant-Tanager (Isthmian)
recant2,Red-crowned Ant Tanager (Amazonian),Red-crowned Ant-Tanager (Amazonian)
recant14,Red-crowned Ant Tanager (Perija),Red-crowned Ant-Tanager (Perija)
recant3,Red-crowned Ant Tanager (Atlantic),Red-crowned Ant-Tanager (Atlantic)
rtatan1,Red-throated Ant Tanager,Red-throated Ant-Tanager
retant1,Red-throated Ant Tanager (Salvin's),Red-throated Ant-Tanager (Salvin's)
retant2,Red-throated Ant Tanager (Red-throated),Red-throated Ant-Tanager (Red-throated)
soatan1,Sooty Ant Tanager,Sooty Ant-Tanager
bcatan1,Black-cheeked Ant Tanager,Black-cheeked Ant-Tanager
cratan1,Crested Ant Tanager,Crested Ant-Tanager
anttan1,ant tanager sp.,ant-tanager sp.
olitan1,Carmiol's Tanager,Carmiol's Tanager
cartan2,Yellow-lored Tanager,Yellow-lored Tanager
lestan,Lemon-spectacled Tanager,Lemon-spectacled Tanager
ocbtan1,Ochre-breasted Tanager,Ochre-breasted Tanager
chloro4,Chlorothraupis sp.,Chlorothraupis sp.
crcgro,Crimson-collared Grosbeak,Crimson-collared Grosbeak
rabgro1,Red-and-black Grosbeak,Red-and-black Grosbeak
blfgro1,Black-faced Grosbeak,Black-faced Grosbeak
bkfgro1,Black-faced Grosbeak (Northern),Black-faced Grosbeak (Northern)
bkfgro2,Black-faced Grosbeak (Southern),Black-faced Grosbeak (Southern)
yeggro1,Yellow-green Grosbeak,Yellow-green Grosbeak
yeggro2,Yellow-green Grosbeak (Pirre),Yellow-green Grosbeak (Pirre)
yeggro3,Yellow-green Grosbeak (Amazonian),Yellow-green Grosbeak (Amazonian)
yeggro6,Yellow-green Grosbeak (Atlantic),Yellow-green Grosbeak (Atlantic)
vercar1,Vermilion Cardinal,Vermilion Cardinal
norcar,Northern Cardinal,Northern Cardinal
norcar1,Northern Cardinal (Common),Northern Cardinal (Common)
norcar2,Northern Cardinal (Long-crested),Northern Cardinal (Long-crested)
pyrrhu,Pyrrhuloxia,Pyrrhuloxia
x00774,Northern Cardinal x Pyrrhuloxia (hybrid),Northern Cardinal x Pyrrhuloxia (hybrid)
y00647,Northern Cardinal/Pyrrhuloxia,Northern Cardinal/Pyrrhuloxia
yelgro,Yellow Grosbeak,Yellow Grosbeak
yelgro2,Yellow Grosbeak (Northern),Yellow Grosbeak (Northern)
yelgro1,Yellow Grosbeak (Guatemalan),Yellow Grosbeak (Guatemalan)
gobgro1,Golden Grosbeak,Golden Grosbeak
bltgro1,Black-thighed Grosbeak,Black-thighed Grosbeak
blbgro2,Black-backed Grosbeak,Black-backed Grosbeak
bkbgro2,Black-backed Grosbeak (Merida),Black-backed Grosbeak (Merida)
bkbgro3,Black-backed Grosbeak (Yellow-throated),Black-backed Grosbeak (Yellow-throated)
bkbgro4,Black-backed Grosbeak (Yellow-rumped),Black-backed Grosbeak (Yellow-rumped)
bkbgro1,Black-backed Grosbeak (Black-rumped),Black-backed Grosbeak (Black-rumped)
robgro,Rose-breasted Grosbeak,Rose-breasted Grosbeak
x01002,Scarlet Tanager x Rose-breasted Grosbeak (hybrid),Scarlet Tanager x Rose-breasted Grosbeak (hybrid)
bkhgro,Black-headed Grosbeak,Black-headed Grosbeak
x00448,Rose-breasted x Black-headed Grosbeak (hybrid),Rose-breasted x Black-headed Grosbeak (hybrid)
y00334,Rose-breasted/Black-headed Grosbeak,Rose-breasted/Black-headed Grosbeak
pheuct1,Pheucticus sp.,Pheucticus sp.
rebcha1,Red-breasted Chat,Red-breasted Chat
rebcha2,Red-breasted Chat (Red-breasted),Red-breasted Chat (Red-breasted)
rebcha3,Red-breasted Chat (Tres Marias Is.),Red-breasted Chat (Tres Marias Is.)
grtcha1,Grey-throated Chat,Gray-throated Chat
robcha2,Rose-breasted Chat (Rose-breasted),Rose-breasted Chat
robcha3,Rose-breasted Chat (Rose-bellied),Rose-bellied Chat
blusee1,Blue Seedeater,Blue Seedeater
blusee2,Blue Seedeater (Slate-blue),Blue Seedeater (Slate-blue)
blusee3,Blue Seedeater (Blue),Blue Seedeater (Blue)
blusee4,Ecuadorian Seedeater,Ecuadorian Seedeater
carsee1,Carrizal Seedeater,Carrizal Seedeater
blbsee3,Blackish-blue Seedeater,Blackish-blue Seedeater
glbgro1,Glaucous-blue Grosbeak,Glaucous-blue Grosbeak
bubgro1,Blue-black Grosbeak,Blue-black Grosbeak
bubgro2,Amazonian Grosbeak,Amazonian Grosbeak
y01068,Blue-black/Amazonian Grosbeak,Blue-black/Amazonian Grosbeak
ultgro1,Ultramarine Grosbeak,Ultramarine Grosbeak
y00436,Glaucous-blue/Ultramarine Grosbeak,Glaucous-blue/Ultramarine Grosbeak
blubun,Blue Bunting,Blue Bunting
blubun1,Blue Bunting (Middle America),Blue Bunting (Middle America)
blubun2,Blue Bunting (West Mexico),Blue Bunting (West Mexico)
blugrb1,Blue Grosbeak,Blue Grosbeak
lazbun,Lazuli Bunting,Lazuli Bunting
indbun,Indigo Bunting,Indigo Bunting
x00872,Blue Grosbeak x Indigo Bunting (hybrid),Blue Grosbeak x Indigo Bunting (hybrid)
ixlbun,Lazuli x Indigo Bunting (hybrid),Lazuli x Indigo Bunting (hybrid)
y00335,Lazuli/Indigo Bunting,Lazuli/Indigo Bunting
robbun1,Rose-bellied Bunting,Rose-bellied Bunting
orbbun1,Orange-breasted Bunting,Orange-breasted Bunting
varbun,Varied Bunting,Varied Bunting
x01076,Indigo x Varied Bunting (hybrid),Indigo x Varied Bunting (hybrid)
paibun,Painted Bunting,Painted Bunting
x00918,Indigo x Painted Bunting (hybrid),Indigo x Painted Bunting (hybrid)
x00902,Varied x Painted Bunting (hybrid),Varied x Painted Bunting (hybrid)
buntin,Passerina sp.,Passerina sp.
dickci,Dickcissel,Dickcissel
brotan1,Brown Tanager,Brown Tanager
reccar,Red-crested Cardinal,Red-crested Cardinal
reccar2,Red-cowled Cardinal,Red-cowled Cardinal
reccar3,Masked Cardinal,Masked Cardinal
reccar4,Red-capped Cardinal,Red-capped Cardinal
reccar5,Red-capped Cardinal (Red-capped),Red-capped Cardinal (Red-capped)
reccar6,Red-capped Cardinal (Bolivian),Red-capped Cardinal (Bolivian)
x00488,Red-crested x Red-capped Cardinal (hybrid),Red-crested x Red-capped Cardinal (hybrid)
reccar1,Masked/Red-capped Cardinal,Masked/Red-capped Cardinal
crfcar1,Crimson-fronted Cardinal,Crimson-fronted Cardinal
crfcar2,Crimson-fronted Cardinal (Araguaia),Crimson-fronted Cardinal (Araguaia)
crfcar3,Crimson-fronted Cardinal (Xingu),Crimson-fronted Cardinal (Xingu)
x00897,Red-capped x Crimson-fronted Cardinal (hybrid),Red-capped x Crimson-fronted Cardinal (hybrid)
y01169,Red-capped/Crimson-fronted Cardinal,Red-capped/Crimson-fronted Cardinal
yebcar,Yellow-billed Cardinal,Yellow-billed Cardinal
paroar1,Paroaria sp.,Paroaria sp.
blftan1,Black-faced Tanager,Black-faced Tanager
cintan1,Cinnamon Tanager,Cinnamon Tanager
magtan2,Magpie Tanager,Magpie Tanager
whbtan1,Shrike-like Tanager,White-banded Tanager
bawtan1,Black-and-white Tanager,Black-and-white Tanager
cobtan2,Cone-billed Tanager,Cone-billed Tanager
scttan1,Scarlet-throated Tanager,Scarlet-throated Tanager
whctan1,White-capped Tanager,White-capped Tanager
hootan1,Hooded Tanager,Hooded Tanager
chttan1,Cherry-throated Tanager,Cherry-throated Tanager
ructan4,Rufous-crested Tanager,Rufous-crested Tanager
slatan2,Slaty Tanager,Slaty Tanager
blchem1,Black-capped/White-browed Hemispingus,Black-capped Hemispingus
bkchem1,Black-capped Hemispingus,Black-capped Hemispingus (Black-capped)
bkchem2,White-browed Hemispingus,Black-capped Hemispingus (White-browed)
orbhem1,Orange-browed Hemispingus,Orange-browed Hemispingus
parhem1,Parodi's Hemispingus,Parodi's Hemispingus
gychem1,Grey-capped Hemispingus,Gray-capped Hemispingus
olehem1,Oleaginous Hemispingus,Oleaginous Hemispingus
olehem7,Oleaginous Hemispingus (Andean),Oleaginous Hemispingus (Andean)
olehem4,Oleaginous Hemispingus (Perija),Oleaginous Hemispingus (Perija)
olehem8,Oleaginous Hemispingus (Venezuelan),Oleaginous Hemispingus (Venezuelan)
blehem1,Black-eared/Western/Piura Hemispingus,Black-eared Hemispingus
bkehem2,Black-eared Hemispingus,Black-eared Hemispingus (Black-eared)
bkehem3,Western Hemispingus,Black-eared Hemispingus (Western)
bkehem1,Piura Hemispingus,Black-eared Hemispingus (Piura)
orhtan1,Orange-headed Tanager,Orange-headed Tanager
orhtan5,Orange-headed Tanager (Western),Orange-headed Tanager (Western)
orhtan4,Orange-headed Tanager (Eastern),Orange-headed Tanager (Eastern)
bubtan1,Buff-bellied Tanager,Buff-bellied Tanager
fuhtan1,Fulvous-headed Tanager,Fulvous-headed Tanager
chhtan1,Chestnut-headed Tanager,Chestnut-headed Tanager
raytan1,Rust-and-yellow Tanager,Rust-and-yellow Tanager
suphem1,Superciliaried Hemispingus,Superciliaried Hemispingus
suphem5,Superciliaried Hemispingus (Yellow-browed),Superciliaried Hemispingus (Yellow-browed)
suphem2,Superciliaried Hemispingus (Superciliaried),Superciliaried Hemispingus (Superciliaried)
suphem4,Superciliaried Hemispingus (White-bellied),Superciliaried Hemispingus (White-bellied)
suphem3,Superciliaried Hemispingus (urubambae),Superciliaried Hemispingus (urubambae)
ructan3,Rufous-chested Tanager,Rufous-chested Tanager
brftan1,Brown-flanked Tanager,Brown-flanked Tanager
thlypo1,Thlypopsis sp.,Thlypopsis sp.
ptwfin1,Plain-tailed Warbling Finch,Plain-tailed Warbling Finch
rbwfin2,Rusty-browed Warbling Finch,Rusty-browed Warbling Finch
rrwfin1,Buff-throated Warbling Finch,Buff-throated Warbling Finch
gytwaf1,Grey-throated Warbling Finch,Gray-throated Warbling Finch
riwfin1,Ringed Warbling Finch,Ringed Warbling Finch
rinwaf1,Ringed Warbling Finch (Ringed),Ringed Warbling Finch (Ringed)
rinwaf2,Ringed Warbling Finch (Black-breasted),Ringed Warbling Finch (Black-breasted)
bcwfin2,Black-capped Warbling Finch,Black-capped Warbling Finch
ciwfin1,Cinereous Warbling Finch,Cinereous Warbling Finch
thshem1,Three-striped Hemispingus,Three-striped Hemispingus
pardus2,Pardusco,Pardusco
blgtan1,Black-goggled Tanager,Black-goggled Tanager
grhtan1,Grey-headed Tanager,Gray-headed Tanager
gyhtan1,Grey-headed Tanager (Grey-crested),Gray-headed Tanager (Gray-crested)
gyhtan2,Grey-headed Tanager (Grey-headed),Gray-headed Tanager (Gray-headed)
saptan1,Inti Tanager,Inti Tanager
flctan1,Flame-crested Tanager,Flame-crested Tanager
yectan1,Yellow-crested Tanager,Yellow-crested Tanager
whstan1,White-shouldered Tanager,White-shouldered Tanager
whstan3,White-shouldered Tanager (Puntarenas),White-shouldered Tanager (Puntarenas)
whstan7,White-shouldered Tanager (Common),White-shouldered Tanager (Common)
flctan3,Flame-crested x White-shouldered Tanager (hybrid),Flame-crested x White-shouldered Tanager (hybrid)
fuctan1,Fulvous-crested Tanager,Fulvous-crested Tanager
y00919,Flame-crested/Fulvous-crested Tanager,Flame-crested/Fulvous-crested Tanager
tactan1,Tawny-crested Tanager,Tawny-crested Tanager
ructan1,Ruby-crowned Tanager,Ruby-crowned Tanager
whltan1,White-lined Tanager,White-lined Tanager
restan1,Red-shouldered Tanager,Red-shouldered Tanager
tachyp1,Tachyphonus sp.,Tachyphonus sp.
fustan1,Fulvous Shrike-Tanager,Fulvous Shrike-Tanager
wwstan1,White-winged Shrike-Tanager,White-winged Shrike-Tanager
btstan1,Black-throated Shrike-Tanager,Black-throated Shrike-Tanager
wtstan1,White-throated Shrike-Tanager,White-throated Shrike-Tanager
whtsht3,White-throated Shrike-Tanager (White-throated),White-throated Shrike-Tanager (White-throated)
whtsht7,White-throated Shrike-Tanager (Black-rumped),White-throated Shrike-Tanager (Black-rumped)
crctan1,Crimson-collared Tanager,Crimson-collared Tanager
flrtan1,Flame-rumped/Lemon-rumped Tanager,Flame-rumped Tanager
flrtan2,Flame-rumped Tanager,Flame-rumped Tanager (Flame-rumped)
flrtan3,Lemon-rumped Tanager,Flame-rumped Tanager (Lemon-rumped)
flrtan4,Flame-rumped x Lemon-rumped Tanager (hybrid),Flame-rumped Tanager (Flame-rumped x Lemon-rumped)
y00599,Scarlet-rumped Tanager,Scarlet-rumped Tanager
pastan1,Scarlet-rumped Tanager (Passerini's),Scarlet-rumped Tanager (Passerini's)
chetan1,Scarlet-rumped Tanager (Cherrie's),Scarlet-rumped Tanager (Cherrie's)
x00489,Flame-rumped x Scarlet-rumped Tanager (hybrid),Flame-rumped x Scarlet-rumped Tanager (hybrid)
bratan1,Brazilian Tanager,Brazilian Tanager
bkbtan1,Huallaga Tanager,Black-bellied Tanager
sibtan2,Silver-beaked Tanager,Silver-beaked Tanager
mactan1,Masked Crimson Tanager,Masked Crimson Tanager
crbtan1,Crimson-backed Tanager,Crimson-backed Tanager
x00898,Scarlet-rumped x Crimson-backed Tanager (hybrid),Scarlet-rumped x Crimson-backed Tanager (hybrid)
rampho2,Ramphocelus sp.,Ramphocelus sp.
vertan1,Vermilion Tanager,Vermilion Tanager
blbtan2,Blue-backed Tanager,Blue-backed Tanager
bagtan1,Blue-and-gold Tanager,Blue-and-gold Tanager
bagtan2,Black-and-gold Tanager,Black-and-gold Tanager
goctan1,Golden-chested Tanager,Golden-chested Tanager
mobtan1,Moss-backed Tanager,Moss-backed Tanager
gortan1,Gold-ringed Tanager,Gold-ringed Tanager
ygbtan1,Yellow-green Tanager,Yellow-green Tanager
orttan1,Orange-throated Tanager,Orange-throated Tanager
homtan1,Hooded Mountain Tanager,Hooded Mountain Tanager
blctan2,Blue-capped Tanager,Blue-capped Tanager
buctan6,Blue-capped Tanager (Blue-bellied),Blue-capped Tanager (Blue-bellied)
buctan9,Blue-capped Tanager (Blue-capped),Blue-capped Tanager (Blue-capped)
buctan10,Blue-capped Tanager (Venezuelan),Blue-capped Tanager (Venezuelan)
mamtan1,Masked Mountain Tanager,Masked Mountain Tanager
grgtan1,Grass-green Tanager,Grass-green Tanager
bcmtan1,Black-chested Mountain Tanager,Black-chested Mountain Tanager
bcmtan3,Black-chested Mountain Tanager (Blue-rumped),Black-chested Mountain Tanager (Blue-rumped)
bcmtan4,Black-chested Mountain Tanager (Moss-rumped),Black-chested Mountain Tanager (Moss-rumped)
gbmtan1,Golden-backed Mountain Tanager,Golden-backed Mountain Tanager
bkcmot1,Santa Marta Mountain Tanager,Black-cheeked Mountain Tanager
lamtan1,Lacrimose Mountain Tanager,Lacrimose Mountain Tanager
lacmot1,Lacrimose Mountain Tanager (Perija),Lacrimose Mountain Tanager (Perija)
lacmot2,Lacrimose Mountain Tanager (melanops),Lacrimose Mountain Tanager (melanops)
lacmot3,Lacrimose Mountain Tanager (yariguierum),Lacrimose Mountain Tanager (yariguierum)
lacmot4,Lacrimose Mountain Tanager (intensus),Lacrimose Mountain Tanager (intensus)
lacmot5,Lacrimose Mountain Tanager (palpebrosus Group),Lacrimose Mountain Tanager (palpebrosus Group)
lacmot6,Lacrimose Mountain Tanager (lacrymosus),Lacrimose Mountain Tanager (lacrymosus)
sbmtan1,Scarlet-bellied Mountain Tanager,Scarlet-bellied Mountain Tanager
scbmot1,Scarlet-bellied Mountain Tanager (Scarlet-bellied),Scarlet-bellied Mountain Tanager (Scarlet-bellied)
scbmot2,Scarlet-bellied Mountain Tanager (Fire-bellied),Scarlet-bellied Mountain Tanager (Fire-bellied)
bwmtan1,Blue-winged Mountain Tanager,Blue-winged Mountain Tanager
buwmot1,Blue-winged Mountain Tanager (Blue-winged),Blue-winged Mountain Tanager (Blue-winged)
buwmot2,Blue-winged Mountain Tanager (Bolivian),Blue-winged Mountain Tanager (Bolivian)
bcmtan2,Black-chinned Mountain Tanager,Black-chinned Mountain Tanager
bubmot4,Carriker's Mountain Tanager,Carriker's Mountain Tanager
bubmot3,Buff-breasted Mountain Tanager,Buff-banded Mountain Tanager
bubmot1,Streak-crowned Mountain Tanager,Streak-crowned Mountain Tanager
cbmtan1,Chestnut-bellied Mountain Tanager,Chestnut-bellied Mountain Tanager
rubsal1,Rufous-bellied Mountain Tanager,Rufous-bellied Mountain Tanager
diatan1,Diademed Tanager,Diademed Tanager
pumtan2,Purplish-mantled Tanager,Purplish-mantled Tanager
yettan1,Yellow-throated Tanager,Yellow-throated Tanager
goctan3,Golden-collared Tanager,Golden-collared Tanager
goctan4,Golden-crowned Tanager,Golden-crowned Tanager
yestan1,Yellow-scarfed Tanager,Yellow-scarfed Tanager
fabtan1,Fawn-breasted Tanager,Fawn-breasted Tanager
baytan3,Blue-and-yellow Tanager,Blue-and-yellow Tanager
baytan1,Blue-and-yellow Tanager (Green-mantled),Blue-and-yellow Tanager (Green-mantled)
baytan4,Blue-and-yellow Tanager (Blue-and-yellow),Blue-and-yellow Tanager (Blue-and-yellow)
glgtan1,Glistening-green Tanager,Glistening-green Tanager
oretan1,Orange-eared Tanager,Orange-eared Tanager
oretan2,Orange-eared Tanager (Orange-eared),Orange-eared Tanager (Orange-eared)
oretan3,Orange-eared Tanager (Blue-throated),Orange-eared Tanager (Blue-throated)
multan1,Multicolored Tanager,Multicolored Tanager
bugtan,Blue-grey Tanager,Blue-gray Tanager
bugtan1,Blue-grey Tanager (Blue-grey),Blue-gray Tanager (Blue-gray)
bugtan2,Blue-grey Tanager (White-edged),Blue-gray Tanager (White-edged)
saytan1,Sayaca Tanager,Sayaca Tanager
glatan1,Glaucous Tanager,Glaucous Tanager
azstan1,Azure-shouldered Tanager,Azure-shouldered Tanager
goctan2,Golden-chevroned Tanager,Golden-chevroned Tanager
yewtan1,Yellow-winged Tanager,Yellow-winged Tanager
paltan1,Palm Tanager,Palm Tanager
paltan6,Palm Tanager (Olive),Palm Tanager (Olive)
paltan3,Palm Tanager (Violaceous),Palm Tanager (Violaceous)
thraup1,Thraupis sp.,Thraupis sp.
dottan1,Dotted Tanager,Dotted Tanager
ruttan1,Rufous-throated Tanager,Rufous-throated Tanager
spetan1,Speckled Tanager,Speckled Tanager
yebtan2,Yellow-bellied Tanager,Yellow-bellied Tanager
spotan1,Spotted Tanager,Spotted Tanager
ixothr1,Ixothraupis sp. (speckled tanager sp.),Ixothraupis sp. (speckled tanager sp.)
gontan1,Golden-naped Tanager,Golden-naped Tanager
gontan2,Golden-naped Tanager (Golden-naped),Golden-naped Tanager (Golden-naped)
gontan3,Golden-naped Tanager (Rusty-naped),Golden-naped Tanager (Rusty-naped)
azrtan1,Azure-rumped Tanager,Azure-rumped Tanager
gagtan1,Grey-and-gold Tanager,Gray-and-gold Tanager
bkhtan1,Black-headed Tanager (Black-headed),Black-headed Tanager
bkhtan2,Black-headed Tanager (Black-hooded),Black-hooded Tanager
siltan1,Silver-backed Tanager,Silvery Tanager
blctan1,Black-capped Tanager,Black-capped Tanager
gnttan1,Straw-backed Tanager,Green-throated Tanager
sirtan1,Sira Tanager,Sira Tanager
blbtan1,Black-backed Tanager,Black-backed Tanager
chbtan1,Chestnut-backed Tanager,Chestnut-backed Tanager
grctan1,Green-capped Tanager,Green-capped Tanager
bubtan2,Burnished-buff Tanager,Burnished-buff Tanager
bubtan4,Burnished-buff Tanager (Rufous-crowned),Burnished-buff Tanager (Rufous-crowned)
bubtan3,Burnished-buff Tanager (Stripe-bellied),Burnished-buff Tanager (Stripe-bellied)
leatan1,Lesser Antillean Tanager,Lesser Antillean Tanager
leatan2,Lesser Antillean Tanager (St. Vincent),Lesser Antillean Tanager (St. Vincent)
leatan3,Lesser Antillean Tanager (Grenada),Lesser Antillean Tanager (Grenada)
scrtan1,Scrub Tanager,Scrub Tanager
mastan1,Masked Tanager,Masked Tanager
gohtan1,Golden-hooded Tanager,Golden-hooded Tanager
blntan1,Blue-necked Tanager,Blue-necked Tanager
stilpn1,Stilpnia sp.,Stilpnia sp.
babtan1,Blue-and-black Tanager,Blue-and-black Tanager
babtan2,Blue-and-black Tanager (Blue-and-black),Blue-and-black Tanager (Blue-and-black)
babtan3,Blue-and-black Tanager (Spot-bellied),Blue-and-black Tanager (Spot-bellied)
bestan1,Beryl-spangled Tanager,Beryl-spangled Tanager
spctan1,Spangle-cheeked Tanager,Spangle-cheeked Tanager
grntan1,Green-naped Tanager,Green-naped Tanager
megtan1,Metallic-green Tanager,Metallic-green Tanager
blbtan3,Blue-browed Tanager,Blue-browed Tanager
plctan1,Plain-colored Tanager,Plain-colored Tanager
turtan1,Turquoise Tanager,Turquoise Tanager
turtan3,White-bellied Tanager,White-bellied Tanager
partan1,Paradise Tanager,Paradise Tanager
oprtan1,Opal-rumped Tanager,Opal-rumped Tanager
oprtan2,Opal-rumped Tanager (Opal-rumped),Opal-rumped Tanager (Opal-rumped)
oprtan3,Opal-rumped Tanager (Silver-breasted),Opal-rumped Tanager (Silver-breasted)
opctan1,Opal-crowned Tanager,Opal-crowned Tanager
grhtan2,Green-headed Tanager,Green-headed Tanager
sectan1,Seven-colored Tanager,Seven-colored Tanager
rentan1,Red-necked Tanager,Red-necked Tanager
brbtan1,Brassy-breasted Tanager,Brassy-breasted Tanager
gietan1,Gilt-edged Tanager,Gilt-edged Tanager
ruwtan1,Rufous-winged Tanager,Rufous-winged Tanager
bahtan1,Bay-headed Tanager,Bay-headed Tanager
bahtan2,Bay-headed Tanager (Bay-and-blue),Bay-headed Tanager (Bay-and-blue)
bahtan3,Bay-headed Tanager (Bay-and-green),Bay-headed Tanager (Bay-and-green)
bahtan4,Bay-headed Tanager (Bay-headed),Bay-headed Tanager (Bay-headed)
ructan2,Rufous-cheeked Tanager,Rufous-cheeked Tanager
goetan1,Golden-eared Tanager,Golden-eared Tanager
sactan1,Saffron-crowned Tanager,Saffron-crowned Tanager
flftan1,Flame-faced Tanager,Flame-faced Tanager
flftan2,Flame-faced Tanager (Flame-faced),Flame-faced Tanager (Flame-faced)
flftan3,Flame-faced Tanager (Yellow-faced),Flame-faced Tanager (Yellow-faced)
gagtan2,Green-and-gold Tanager,Green-and-gold Tanager
blwtan1,Blue-whiskered Tanager,Blue-whiskered Tanager
goltan1,Golden Tanager,Golden Tanager
goltan2,Golden Tanager (arthus),Golden Tanager (arthus)
goltan4,Golden Tanager (aurulenta Group),Golden Tanager (aurulenta Group)
goltan5,Golden Tanager (pulchra Group),Golden Tanager (pulchra Group)
emetan1,Emerald Tanager,Emerald Tanager
sittan1,Silver-throated Tanager,Silver-throated Tanager
tangar3,Tangara sp.,Tangara sp.
tangar2,Tangara/Stilpnia sp.,Tangara/Stilpnia sp.
tangar1,small tanager sp. (former Tangara sp.),small tanager sp. (former Tangara sp.)
swatan1,Swallow Tanager,Swallow Tanager
whbdac1,White-bellied Dacnis,White-bellied Dacnis
bkfdac1,Yellow-tufted Dacnis,Yellow-tufted Dacnis
bkfdac2,Black-faced Dacnis,Black-faced Dacnis
yebdac1,Yellow-bellied Dacnis,Yellow-bellied Dacnis
turdac1,Turquoise Dacnis,Turquoise Dacnis
blldac1,Black-legged Dacnis,Black-legged Dacnis
sctdac1,Scarlet-thighed Dacnis,Scarlet-thighed Dacnis
bludac1,Blue Dacnis,Blue Dacnis
virdac1,Viridian Dacnis,Viridian Dacnis
scbdac1,Scarlet-breasted Dacnis,Scarlet-breasted Dacnis
dacnis1,Dacnis sp.,dacnis sp.
shbhon2,Short-billed Honeycreeper,Short-billed Honeycreeper
shihon1,Shining Honeycreeper,Shining Honeycreeper
purhon1,Purple Honeycreeper,Purple Honeycreeper
relhon1,Red-legged Honeycreeper,Red-legged Honeycreeper
y00654,Shining/Red-legged Honeycreeper,Shining/Red-legged Honeycreeper
cyaner1,Cyanerpes sp.,Cyanerpes sp.
grehon1,Green Honeycreeper,Green Honeycreeper
gochon2,Golden-collared Honeycreeper,Golden-collared Honeycreeper
surtan1,Sulphur-rumped Tanager,Sulphur-rumped Tanager
scbtan2,Scarlet-browed Tanager,Scarlet-browed Tanager
guitan1,Guira Tanager,Guira Tanager
ruhtan1,Rufous-headed Tanager,Rufous-headed Tanager
y01055,Guira/Rufous-headed Tanager,Guira/Rufous-headed Tanager
yebtan1,Yellow-backed Tanager,Yellow-backed Tanager
y01170,Rufous-headed/Yellow-backed Tanager,Rufous-headed/Yellow-backed Tanager
y01255,Hemithraupis sp.,Hemithraupis sp.
baytan2,Black-and-yellow Tanager,Black-and-yellow Tanager
sawtan1,Scarlet-and-white Tanager,Scarlet-and-white Tanager
tanage,tanager sp. (Thraupidae sp.),tanager sp. (Thraupidae sp.)
biccon1,Bicolored Conebill,Bicolored Conebill
pebcon1,Pearly-breasted Conebill,Pearly-breasted Conebill
chvcon1,Chestnut-vented Conebill,Chestnut-vented Conebill
whecon1,White-eared Conebill,White-eared Conebill
giacon1,Giant Conebill,Giant Conebill
whbcon1,White-browed Conebill,White-browed Conebill
blbcon1,Blue-backed Conebill,Blue-backed Conebill
capcon1,Capped Conebill,Capped Conebill
capcon3,Capped Conebill (White-capped),Capped Conebill (White-capped)
capcon6,Capped Conebill (Venezuelan),Capped Conebill (Venezuelan)
capcon2,Capped Conebill (Blue-capped),Capped Conebill (Blue-capped)
tamcon1,Tamarugo Conebill,Tamarugo Conebill
rubcon1,Rufous-browed Conebill,Rufous-browed Conebill
cincon1,Cinereous Conebill,Cinereous Conebill
cincon2,Cinereous Conebill (Ochraceous),Cinereous Conebill (Ochraceous)
cincon3,Cinereous Conebill (Cinereous),Cinereous Conebill (Cinereous)
conebi1,conebill sp.,conebill sp.
chbflo1,Chestnut-bellied Flowerpiercer,Chestnut-bellied Flowerpiercer
gloflo1,Glossy Flowerpiercer,Glossy Flowerpiercer
mouflo1,Moustached Flowerpiercer,Moustached Flowerpiercer
mouflo2,Moustached Flowerpiercer (unicincta),Moustached Flowerpiercer (unicincta)
mouflo3,Moustached Flowerpiercer (pectoralis),Moustached Flowerpiercer (pectoralis)
mouflo4,Moustached Flowerpiercer (albilinea),Moustached Flowerpiercer (albilinea)
mouflo5,Moustached Flowerpiercer (mystacalis),Moustached Flowerpiercer (mystacalis)
merflo1,Merida Flowerpiercer,Merida Flowerpiercer
blkflo1,Black Flowerpiercer,Black Flowerpiercer
bktflo1,Black-throated Flowerpiercer,Black-throated Flowerpiercer
bktflo2,Black-throated Flowerpiercer (vuilleumieri),Black-throated Flowerpiercer (vuilleumieri)
bktflo3,Black-throated Flowerpiercer (Black-throated),Black-throated Flowerpiercer (Black-throated)
gybflo1,Grey-bellied Flowerpiercer,Gray-bellied Flowerpiercer
x00981,Black-throated x Grey-bellied Flowerpiercer (hybrid),Black-throated x Gray-bellied Flowerpiercer (hybrid)
venflo1,Venezuelan Flowerpiercer,Venezuelan Flowerpiercer
whsflo1,White-sided Flowerpiercer,White-sided Flowerpiercer
scaflo1,Scaled Flowerpiercer,Scaled Flowerpiercer
greflo1,Greater Flowerpiercer,Greater Flowerpiercer
indflo1,Indigo Flowerpiercer,Indigo Flowerpiercer
cibflo1,Cinnamon-bellied Flowerpiercer,Cinnamon-bellied Flowerpiercer
slaflo1,Slaty Flowerpiercer,Slaty Flowerpiercer
rusflo1,Rusty Flowerpiercer,Rusty Flowerpiercer
debflo1,Golden-eyed Flowerpiercer,Deep-blue Flowerpiercer
bluflo1,Bluish Flowerpiercer,Bluish Flowerpiercer
masflo1,Masked Flowerpiercer,Masked Flowerpiercer
masflo7,Masked Flowerpiercer (cyanea Group),Masked Flowerpiercer (cyanea Group)
masflo6,Masked Flowerpiercer (melanopis),Masked Flowerpiercer (melanopis)
flower1,flowerpiercer sp.,flowerpiercer sp.
plushc1,Plushcap,Plushcap
bbbtan1,Black-backed Bush Tanager,Black-backed Bush Tanager
bhsfin1,Black-hooded Sierra Finch,Black-hooded Sierra Finch
pesfin1,Peruvian Sierra Finch,Peruvian Sierra Finch
gyhsif1,Grey-hooded Sierra Finch,Gray-hooded Sierra Finch
gyhsif2,Grey-hooded Sierra Finch (minor),Gray-hooded Sierra Finch (minor)
gyhsif3,Grey-hooded Sierra Finch (gayi/caniceps),Gray-hooded Sierra Finch (gayi/caniceps)
pasfin1,Patagonian Sierra Finch,Patagonian Sierra Finch
y01403,Grey-hooded/Patagonian Sierra Finch,Gray-hooded/Patagonian Sierra Finch
codfin1,Diuca Finch,Diuca Finch
cawfin1,White-bridled Finch,White-bridled Finch
whbfin2,White-bridled Finch (Fuegian),White-bridled Finch (Fuegian)
whbfin3,White-bridled Finch (Falkland),White-bridled Finch (Falkland)
yebfin1,Yellow-bridled Finch,Yellow-bridled Finch
yebfin2,Yellow-bridled Finch (White-tailed),Yellow-bridled Finch (White-tailed)
yebfin3,Yellow-bridled Finch (Yellow-tailed),Yellow-bridled Finch (Yellow-tailed)
tildac1,Streaked/Tit-like Dacnis,Tit-like Dacnis
tildac3,Streaked Dacnis,Tit-like Dacnis (petersi/bella)
tildac2,Tit-like Dacnis,Tit-like Dacnis (parina)
rbsfin1,Red-backed Sierra Finch,Red-backed Sierra Finch
wtsfin1,White-throated Sierra Finch,White-throated Sierra Finch
wwdfin1,Glacier Finch,Glacier Finch
shtfin1,Boulder Finch,Boulder Finch
plsfin1,Plumbeous Sierra Finch,Plumbeous Sierra Finch
plsfin2,Plumbeous Sierra Finch (Northern),Plumbeous Sierra Finch (Northern)
plusif3,Plumbeous Sierra Finch (Peruvian),Plumbeous Sierra Finch (Peruvian)
plsfin3,Plumbeous Sierra Finch (Southern),Plumbeous Sierra Finch (Southern)
absfin1,Ash-breasted Sierra Finch,Ash-breasted Sierra Finch
unifin1,Uniform Finch,Uniform Finch
slafin1,Slaty Finch,Slaty Finch
pebfin1,Peg-billed Finch,Peg-billed Finch
blcfin1,Black-crested Finch,Black-crested Finch
gycfin1,Grey-crested Finch,Gray-crested Finch
y00920,Black-crested/Grey-crested Finch,Black-crested/Gray-crested Finch
goifin1,Gough Finch,Gough Island Finch
nigfin1,Inaccessible Island Finch,Inaccessible Island Finch
nigfin2,Inaccessible Island Finch (Lowland),Inaccessible Island Finch (Lowland)
inifin1,Inaccessible Island Finch (Upland),Inaccessible Island Finch (Upland)
wilfin2,Inaccessible Island Finch (Dunn's),Inaccessible Island Finch (Dunn's)
nigfin3,Nightingale Island Finch,Nightingale Island Finch
wilfin3,Wilkins's Finch,Wilkins's Finch
x01254,Inaccessible Island x Wilkins's Finch (hybrid),Inaccessible Island x Wilkins's Finch (hybrid)
y01102,Nightingale Island/Wilkins's Finch,Nightingale Island/Wilkins's Finch
cinfin1,Cinereous Finch,Cinereous Finch
slbfin3,Slender-billed Finch,Slender-billed Finch
grifin1,Great Inca Finch,Great Inca-Finch
rbifin1,Rufous-backed Inca Finch,Rufous-backed Inca-Finch
gywinf1,Grey-winged Inca Finch,Gray-winged Inca-Finch
bbifin1,Buff-bridled Inca Finch,Buff-bridled Inca-Finch
liifin1,Little Inca Finch,Little Inca-Finch
incafi1,inca finch sp.,inca-finch sp.
mosfin1,Mourning Sierra Finch,Mourning Sierra Finch
mousif1,Mourning Sierra Finch (Mourning),Mourning Sierra Finch (Mourning)
mousif2,Mourning Sierra Finch (Blackish),Mourning Sierra Finch (Blackish)
blufin1,Blue Finch,Blue Finch
btsfin1,Band-tailed Sierra Finch,Band-tailed Sierra Finch
casfin1,Carbonated Sierra Finch,Carbonated Sierra Finch
sierra1,sierra finch sp.,sierra finch sp.
blhhem1,Black-headed Hemispingus,Black-headed Hemispingus
drahem1,Drab Hemispingus,Drab Hemispingus
gyhbut2,Grey-hooded Bush Tanager (Red-billed),Pink-billed Cnemoscopus
gyhbut3,Grey-hooded Bush Tanager (Black-billed),Black-billed Cnemoscopus
gyhbut1,Grey-hooded Bush Tanager,Pink-billed/Black-billed Cnemoscopus
whrtan1,White-rumped Tanager,White-rumped Tanager
ltrfin1,Long-tailed Reed Finch,Long-tailed Reed Finch
cbmfin1,Chestnut-breasted Mountain Finch,Chestnut-breasted Mountain Finch
rswfin1,Rufous-sided Warbling Finch,Rufous-sided Warbling Finch
bcwfin1,Bay-chested Warbling Finch,Bay-chested Warbling Finch
slbhem1,Slaty-backed Hemispingus,Slaty-backed Hemispingus
rubhem1,Rufous-browed Hemispingus,Rufous-browed Hemispingus
bowfin1,Bolivian Warbling Finch,Bolivian Warbling Finch
ciwfin2,Cinnamon Warbling Finch,Cinnamon Warbling Finch
barwaf2,Black-and-chestnut Warbling Finch,Black-and-chestnut Warbling Finch
barwaf1,Black-and-rufous Warbling Finch,Black-and-rufous Warbling Finch
barfin1,Black-and-chestnut/Black-and-rufous Warbling Finch,Black-and-chestnut/Black-and-rufous Warbling Finch
rbwfin1,Rufous-breasted Warbling Finch,Rufous-breasted Warbling Finch
cowfin1,Collared Warbling Finch,Collared Warbling Finch
comfin1,Cochabamba Mountain Finch,Cochabamba Mountain Finch
tumfin1,Tucuman Mountain Finch,Tucuman Mountain Finch
warbli1,warbling finch sp.,warbling finch sp.
styfin1,Stripe-tailed Yellow Finch,Stripe-tailed Yellow-Finch
puyfin1,Puna Yellow Finch,Puna Yellow-Finch
bryfin1,Bright-rumped Yellow Finch,Bright-rumped Yellow-Finch
chyfin1,Citron-headed Yellow Finch,Citron-headed Yellow-Finch
gryfin2,Greater Yellow Finch,Greater Yellow-Finch
gryfin3,Greenish Yellow Finch,Greenish Yellow-Finch
monyef1,Monte Yellow Finch,Monte Yellow-Finch
payfin1,Patagonian Yellow Finch,Patagonian Yellow-Finch
ofyfin1,Orange-fronted Yellow Finch,Orange-fronted Yellow-Finch
saffin,Saffron Finch,Saffron Finch
saffin1,Saffron Finch (Saffron),Saffron Finch (Saffron)
saffin2,Saffron Finch (Pelzeln's),Saffron Finch (Pelzeln's)
gryfin1,Grassland Yellow Finch,Grassland Yellow-Finch
grayef1,Grassland Yellow Finch (Northern),Grassland Yellow-Finch (Northern)
grayef2,Grassland Yellow Finch (Montane),Grassland Yellow-Finch (Montane)
grayef3,Grassland Yellow Finch (Grassland),Grassland Yellow-Finch (Grassland)
rayfin1,Raimondi's Yellow Finch,Raimondi's Yellow-Finch
sutfin1,Sulphur-throated Finch,Sulphur-throated Finch
yellow4,yellow finch sp.,yellow-finch sp.
wtgfin1,Wedge-tailed Grass Finch,Wedge-tailed Grass-Finch
wetgrf7,Wedge-tailed Grass Finch (Northern),Wedge-tailed Grass-Finch (Northern)
wetgrf6,Wedge-tailed Grass Finch (Southern),Wedge-tailed Grass-Finch (Southern)
dugfin1,Duida Grass Finch,Duida Grass-Finch
lesgrf1,Lesser Grass Finch,Lesser Grass-Finch
y00437,Wedge-tailed/Lesser Grass Finch,Wedge-tailed/Lesser Grass-Finch
grpfin1,Pampa Finch,Great Pampa-Finch
grepaf1,Pampa Finch (Western),Great Pampa-Finch (Western)
grepaf2,Pampa Finch (Eastern),Great Pampa-Finch (Eastern)
ptpfin1,Serra Finch,Pale-throated Pampa-Finch
blbgra1,Blue-black Grassquit,Blue-black Grassquit
lessee2,Lesson's Seedeater,Lesson's Seedeater
linsee1,Lined Seedeater,Lined Seedeater
y00699,Lesson's/Lined Seedeater,Lesson's/Lined Seedeater
whbsee1,White-bellied Seedeater,White-bellied Seedeater
whbsee3,White-bellied Seedeater (Bicolored),White-bellied Seedeater (Bicolored)
whbsee4,White-bellied Seedeater (Grey-backed),White-bellied Seedeater (Gray-backed)
pabsee1,Parrot-billed Seedeater,Parrot-billed Seedeater
chtsee1,Chestnut-throated Seedeater,Chestnut-throated Seedeater
drasee1,Drab Seedeater,Drab Seedeater
chbsee1,Chestnut-bellied Seedeater,Chestnut-bellied Seedeater
rubsee1,Ruddy-breasted Seedeater,Ruddy-breasted Seedeater
batsee2,Black-and-tawny Seedeater,Black-and-tawny Seedeater
capsee1,Copper Seedeater,Copper Seedeater
pebsee1,Pearly-bellied Seedeater,Pearly-bellied Seedeater
tabsee1,Tawny-bellied Seedeater,Tawny-bellied Seedeater
datsee1,Dark-throated Seedeater,Dark-throated Seedeater
ibesee1,Ibera Seedeater,Ibera Seedeater
marsee1,Marsh Seedeater,Marsh Seedeater
rursee1,Rufous-rumped Seedeater,Rufous-rumped Seedeater
chesee1,Chestnut Seedeater,Chestnut Seedeater
y00438,Rufous-rumped/Chestnut Seedeater,Rufous-rumped/Chestnut Seedeater
blbsee2,Black-bellied Seedeater,Black-bellied Seedeater
tbsfin1,Thick-billed Seed Finch,Thick-billed Seed-Finch
cbsfin,Chestnut-bellied Seed Finch,Chestnut-bellied Seed-Finch
nisfin1,Nicaraguan Seed Finch,Nicaraguan Seed-Finch
gbsfin1,Great-billed Seed Finch,Great-billed Seed-Finch
lbsfin1,Large-billed Seed Finch,Large-billed Seed-Finch
bbsfin1,Black-billed Seed Finch,Black-billed Seed-Finch
varsee3,Variable Seedeater,Variable Seedeater
varsee2,Variable Seedeater (Black),Variable Seedeater (Black)
varsee4,Variable Seedeater (Variable),Variable Seedeater (Variable)
grysee1,Grey Seedeater,Gray Seedeater
wibsee1,Wing-barred Seedeater,Wing-barred Seedeater
wibsee4,Wing-barred Seedeater (Wing-barred),Wing-barred Seedeater (Wing-barred)
caqsee1,Wing-barred Seedeater (Caqueta),Wing-barred Seedeater (Caqueta)
whcsee1,Morelet's Seedeater,Morelet's Seedeater
morsee1,Morelet's Seedeater (Sharpe's),Morelet's Seedeater (Sharpe's)
morsee2,Morelet's Seedeater (Morelet's),Morelet's Seedeater (Morelet's)
whcsee2,Cinnamon-rumped Seedeater,Cinnamon-rumped Seedeater
whcsee,Morelet's/Cinnamon-rumped Seedeater,Morelet's/Cinnamon-rumped Seedeater
whnsee1,White-naped Seedeater,White-naped Seedeater
bawsee1,Black-and-white Seedeater,Black-and-white Seedeater
yebsee1,Yellow-bellied Seedeater,Yellow-bellied Seedeater
dubsee1,Dubois's Seedeater,Dubois's Seedeater
y01171,Yellow-bellied/Dubois's Seedeater,Yellow-bellied/Dubois's Seedeater
docsee1,Double-collared Seedeater,Double-collared Seedeater
slcsee1,Slate-colored Seedeater,Slate-colored Seedeater
y00439,Grey/Slate-colored Seedeater,Gray/Slate-colored Seedeater
temsee1,Temminck's Seedeater,Temminck's Seedeater
bufsee1,Buffy-fronted Seedeater,Buffy-fronted Seedeater
plusee1,Plumbeous Seedeater,Plumbeous Seedeater
trosee1,Tropeiro Seedeater,Tropeiro Seedeater
rucsee1,Rusty-collared Seedeater,Rusty-collared Seedeater
whtsee1,White-throated Seedeater,White-throated Seedeater
sporop1,Sporophila sp.,Sporophila sp.
batsee1,Band-tailed Seedeater,Band-tailed Seedeater
plcsee1,Plain-colored Seedeater,Plain-colored Seedeater
parsee1,Paramo Seedeater,Paramo Seedeater
parsee2,Paramo Seedeater (Santa Marta),Paramo Seedeater (Santa Marta)
parsee3,Paramo Seedeater (Paramo),Paramo Seedeater (Paramo)
parsee4,Paramo Seedeater (Tepui),Paramo Seedeater (Tepui)
catame1,Catamenia sp.,Catamenia sp.
cocfin2,Coal-crested Finch,Coal-crested Finch
blmfin1,Black-masked Finch,Black-masked Finch
pilfin1,Grey Pileated Finch,Pileated Finch
recfin1,Red Pileated Finch,Red-crested Finch
crbfin1,Crimson-breasted Finch,Crimson-breasted Finch
yelcar1,Yellow Cardinal,Yellow Cardinal
x00899,Diuca Finch x Yellow Cardinal (hybrid),Diuca Finch x Yellow Cardinal (hybrid)
banana,Bananaquit,Bananaquit
banana4,Bananaquit (Bahamas),Bananaquit (Bahamas)
banana3,Bananaquit (Quintana Roo),Bananaquit (Quintana Roo)
banana6,Bananaquit (Greater Antillean),Bananaquit (Greater Antillean)
banana11,Bananaquit (Puerto Rico),Bananaquit (Puerto Rico)
banana9,Bananaquit (Lesser Antillean),Bananaquit (Lesser Antillean)
banana49,Bananaquit (St. Vincent and Grenada),Bananaquit (St. Vincent and Grenada)
banana10,Bananaquit (Los Roques),Bananaquit (Los Roques)
banana8,Bananaquit (laurae/melanornis),Bananaquit (laurae/melanornis)
banana5,Bananaquit (Continental),Bananaquit (Continental)
yefgra1,Yellow-faced Grassquit,Yellow-faced Grassquit
orange1,Orangequit,Orangequit
purbul1,Puerto Rican Bullfinch,Puerto Rican Bullfinch
purbul3,St. Kitts Bullfinch,St. Kitts Bullfinch
cubbul2,Cuban Bullfinch,Cuban Bullfinch
cubbul3,Grand Cayman Bullfinch,Grand Cayman Bullfinch
grabul1,Greater Antillean Bullfinch,Greater Antillean Bullfinch
yesgra1,Yellow-shouldered Grassquit,Yellow-shouldered Grassquit
cubgra,Cuban Grassquit,Cuban Grassquit
leabul1,Lesser Antillean Bullfinch,Lesser Antillean Bullfinch
barbul1,Barbados Bullfinch,Barbados Bullfinch
slbfin1,St. Lucia Black Finch,St. Lucia Black Finch
bkfgra,Black-faced Grassquit,Black-faced Grassquit
ducgra2,Dull-colored Grassquit,Dull-colored Grassquit
soogra2,Sooty Grassquit,Sooty Grassquit
cocfin1,Cocos Finch,Cocos Finch
warfin1,Green Warbler-Finch,Green Warbler-Finch
grywaf1,Grey Warbler-Finch,Gray Warbler-Finch
grywaf2,Grey Warbler-Finch (Darwin),Gray Warbler-Finch (Darwin)
grywaf5,Grey Warbler-Finch (San Cristobal),Gray Warbler-Finch (San Cristobal)
grywaf9,Grey Warbler-Finch (Grey),Gray Warbler-Finch (Gray)
vegfin2,Vegetarian Finch,Vegetarian Finch
woofin1,Woodpecker Finch,Woodpecker Finch
woofin2,Woodpecker Finch (pallidus/productus),Woodpecker Finch (pallidus/productus)
woofin3,Woodpecker Finch (striatipecta),Woodpecker Finch (striatipecta)
latfin1,Large Tree Finch,Large Tree-Finch
metfin1,Medium Tree Finch,Medium Tree-Finch
smtfin1,Small Tree Finch,Small Tree-Finch
manfin1,Mangrove Finch,Mangrove Finch
smgfin1,Small Ground Finch,Small Ground-Finch
lagfin1,Large Ground Finch,Large Ground-Finch
shbgrf1,Vampire Ground Finch,Vampire Ground-Finch
shbgrf2,Genovesa Ground Finch,Genovesa Ground-Finch
shbgrf3,Sharp-beaked Ground Finch,Sharp-beaked Ground-Finch
cocfin3,Common Cactus Finch,Common Cactus-Finch
megfin1,Medium Ground Finch,Medium Ground-Finch
larcaf2,Espanola Cactus Finch,Española Ground-Finch
gencaf1,Genovesa Cactus Finch,Genovesa Cactus-Finch
geospi1,Geospiza sp.,Geospiza sp.
galfin1,galapagos finch sp.,galapagos finch sp.
yesgro2,Yellow-shouldered Grosbeak,Yellow-shouldered Grosbeak
mccfin1,Many-colored Chaco Finch,Many-colored Chaco Finch
bltsal1,Black-throated Saltator,Black-throated Saltator
butsal1,Buff-throated Saltator,Buff-throated Saltator
blwsal1,Black-winged Saltator,Black-winged Saltator
blhsal1,Black-headed Saltator,Black-headed Saltator
orisal1,Orinoco Saltator,Orinocan Saltator
grasal4,Olive-grey Saltator,Olive-gray Saltator
grasal2,Cinnamon-bellied Saltator,Cinnamon-bellied Saltator
grasal3,Bluish-grey Saltator,Bluish-gray Saltator
grasal1,Olive-grey/Bluish-grey Saltator,Olive-gray/Bluish-gray Saltator
strsal1,Streaked Saltator,Streaked Saltator
leasal1,Lesser Antillean Saltator,Lesser Antillean Saltator
grwsal1,Green-winged Saltator,Green-winged Saltator
blcsal1,Black-cowled Saltator,Black-cowled Saltator
thbsal1,Thick-billed Saltator,Thick-billed Saltator
gobsal1,Golden-billed Saltator,Golden-billed Saltator
massal1,Masked Saltator,Masked Saltator
slcgro1,Slate-colored Grosbeak,Slate-colored Grosbeak
bltgro2,Black-throated Grosbeak,Black-throated Grosbeak
saltat1,saltator sp.,saltator sp.
thraup3,Thraupidae sp.,Thraupidae sp.
passer1,未识别的雀形目鸟类,passerine sp.
bird1,未识别的鸟类,bird sp.
